"användning","år","tabellinnehåll","BNP från användningssidan (ENS2010), försörjningsbalans"
"BNP till marknadspris","1980","Löpande priser, mnkr",593080
"BNP till marknadspris","1980","Fasta priser referensår 2020, mnkr",2251102
"BNP till marknadspris","1980","Prisförändring, procent",..
"BNP till marknadspris","1980","Volymförändring, procent",..
"BNP till marknadspris","1981","Löpande priser, mnkr",647792
"BNP till marknadspris","1981","Fasta priser referensår 2020, mnkr",2244961
"BNP till marknadspris","1981","Prisförändring, procent",9.5
"BNP till marknadspris","1981","Volymförändring, procent",-0.3
"BNP till marknadspris","1982","Löpande priser, mnkr",709382
"BNP till marknadspris","1982","Fasta priser referensår 2020, mnkr",2276349
"BNP till marknadspris","1982","Prisförändring, procent",8.0
"BNP till marknadspris","1982","Volymförändring, procent",1.4
"BNP till marknadspris","1983","Löpande priser, mnkr",794938
"BNP till marknadspris","1983","Fasta priser referensår 2020, mnkr",2320853
"BNP till marknadspris","1983","Prisförändring, procent",9.9
"BNP till marknadspris","1983","Volymförändring, procent",2.0
"BNP till marknadspris","1984","Löpande priser, mnkr",893171
"BNP till marknadspris","1984","Fasta priser referensår 2020, mnkr",2421414
"BNP till marknadspris","1984","Prisförändring, procent",7.7
"BNP till marknadspris","1984","Volymförändring, procent",4.3
"BNP till marknadspris","1985","Löpande priser, mnkr",971661
"BNP till marknadspris","1985","Fasta priser referensår 2020, mnkr",2477207
"BNP till marknadspris","1985","Prisförändring, procent",6.3
"BNP till marknadspris","1985","Volymförändring, procent",2.3
"BNP till marknadspris","1986","Löpande priser, mnkr",1063426
"BNP till marknadspris","1986","Fasta priser referensår 2020, mnkr",2554025
"BNP till marknadspris","1986","Prisförändring, procent",6.2
"BNP till marknadspris","1986","Volymförändring, procent",3.1
"BNP till marknadspris","1987","Löpande priser, mnkr",1152756
"BNP till marknadspris","1987","Fasta priser referensår 2020, mnkr",2641826
"BNP till marknadspris","1987","Prisförändring, procent",4.8
"BNP till marknadspris","1987","Volymförändring, procent",3.4
"BNP till marknadspris","1988","Löpande priser, mnkr",1261383
"BNP till marknadspris","1988","Fasta priser referensår 2020, mnkr",2709041
"BNP till marknadspris","1988","Prisförändring, procent",6.7
"BNP till marknadspris","1988","Volymförändring, procent",2.5
"BNP till marknadspris","1989","Löpande priser, mnkr",1396026
"BNP till marknadspris","1989","Fasta priser referensår 2020, mnkr",2778469
"BNP till marknadspris","1989","Prisförändring, procent",7.9
"BNP till marknadspris","1989","Volymförändring, procent",2.6
"BNP till marknadspris","1990","Löpande priser, mnkr",1534734
"BNP till marknadspris","1990","Fasta priser referensår 2020, mnkr",2791625
"BNP till marknadspris","1990","Prisförändring, procent",9.4
"BNP till marknadspris","1990","Volymförändring, procent",0.5
"BNP till marknadspris","1991","Löpande priser, mnkr",1643226
"BNP till marknadspris","1991","Fasta priser referensår 2020, mnkr",2760131
"BNP till marknadspris","1991","Prisförändring, procent",8.3
"BNP till marknadspris","1991","Volymförändring, procent",-1.1
"BNP till marknadspris","1992","Löpande priser, mnkr",1644889
"BNP till marknadspris","1992","Fasta priser referensår 2020, mnkr",2730881
"BNP till marknadspris","1992","Prisförändring, procent",1.2
"BNP till marknadspris","1992","Volymförändring, procent",-1.1
"BNP till marknadspris","1993","Löpande priser, mnkr",1655098
"BNP till marknadspris","1993","Fasta priser referensår 2020, mnkr",2680983
"BNP till marknadspris","1993","Prisförändring, procent",2.5
"BNP till marknadspris","1993","Volymförändring, procent",-1.8
"BNP till marknadspris","1994","Löpande priser, mnkr",1764642
"BNP till marknadspris","1994","Fasta priser referensår 2020, mnkr",2788645
"BNP till marknadspris","1994","Prisförändring, procent",2.5
"BNP till marknadspris","1994","Volymförändring, procent",4.0
"BNP till marknadspris","1995","Löpande priser, mnkr",1904951
"BNP till marknadspris","1995","Fasta priser referensår 2020, mnkr",2902823
"BNP till marknadspris","1995","Prisförändring, procent",3.7
"BNP till marknadspris","1995","Volymförändring, procent",4.1
"BNP till marknadspris","1996","Löpande priser, mnkr",1957814
"BNP till marknadspris","1996","Fasta priser referensår 2020, mnkr",2952308
"BNP till marknadspris","1996","Prisförändring, procent",1.1
"BNP till marknadspris","1996","Volymförändring, procent",1.7
"BNP till marknadspris","1997","Löpande priser, mnkr",2048059
"BNP till marknadspris","1997","Fasta priser referensår 2020, mnkr",3042796
"BNP till marknadspris","1997","Prisförändring, procent",1.5
"BNP till marknadspris","1997","Volymförändring, procent",3.1
"BNP till marknadspris","1998","Löpande priser, mnkr",2153527
"BNP till marknadspris","1998","Fasta priser referensår 2020, mnkr",3171988
"BNP till marknadspris","1998","Prisförändring, procent",0.9
"BNP till marknadspris","1998","Volymförändring, procent",4.2
"BNP till marknadspris","1999","Löpande priser, mnkr",2266528
"BNP till marknadspris","1999","Fasta priser referensår 2020, mnkr",3305247
"BNP till marknadspris","1999","Prisförändring, procent",1.0
"BNP till marknadspris","1999","Volymförändring, procent",4.2
"BNP till marknadspris","2000","Löpande priser, mnkr",2408775
"BNP till marknadspris","2000","Fasta priser referensår 2020, mnkr",3458317
"BNP till marknadspris","2000","Prisförändring, procent",1.6
"BNP till marknadspris","2000","Volymförändring, procent",4.6
"BNP till marknadspris","2001","Löpande priser, mnkr",2504784
"BNP till marknadspris","2001","Fasta priser referensår 2020, mnkr",3505378
"BNP till marknadspris","2001","Prisförändring, procent",2.6
"BNP till marknadspris","2001","Volymförändring, procent",1.4
"BNP till marknadspris","2002","Löpande priser, mnkr",2603427
"BNP till marknadspris","2002","Fasta priser referensår 2020, mnkr",3585221
"BNP till marknadspris","2002","Prisförändring, procent",1.6
"BNP till marknadspris","2002","Volymförändring, procent",2.3
"BNP till marknadspris","2003","Löpande priser, mnkr",2701410
"BNP till marknadspris","2003","Fasta priser referensår 2020, mnkr",3652660
"BNP till marknadspris","2003","Prisförändring, procent",1.8
"BNP till marknadspris","2003","Volymförändring, procent",1.9
"BNP till marknadspris","2004","Löpande priser, mnkr",2825986
"BNP till marknadspris","2004","Fasta priser referensår 2020, mnkr",3805326
"BNP till marknadspris","2004","Prisförändring, procent",0.4
"BNP till marknadspris","2004","Volymförändring, procent",4.2
"BNP till marknadspris","2005","Löpande priser, mnkr",2927127
"BNP till marknadspris","2005","Fasta priser referensår 2020, mnkr",3911614
"BNP till marknadspris","2005","Prisförändring, procent",0.8
"BNP till marknadspris","2005","Volymförändring, procent",2.8
"BNP till marknadspris","2006","Löpande priser, mnkr",3117499
"BNP till marknadspris","2006","Fasta priser referensår 2020, mnkr",4094524
"BNP till marknadspris","2006","Prisförändring, procent",1.7
"BNP till marknadspris","2006","Volymförändring, procent",4.7
"BNP till marknadspris","2007","Löpande priser, mnkr",3312135
"BNP till marknadspris","2007","Fasta priser referensår 2020, mnkr",4226567
"BNP till marknadspris","2007","Prisförändring, procent",2.9
"BNP till marknadspris","2007","Volymförändring, procent",3.2
"BNP till marknadspris","2008","Löpande priser, mnkr",3391873
"BNP till marknadspris","2008","Fasta priser referensår 2020, mnkr",4187551
"BNP till marknadspris","2008","Prisförändring, procent",3.4
"BNP till marknadspris","2008","Volymförändring, procent",-0.9
"BNP till marknadspris","2009","Löpande priser, mnkr",3324135
"BNP till marknadspris","2009","Fasta priser referensår 2020, mnkr",4009345
"BNP till marknadspris","2009","Prisförändring, procent",2.4
"BNP till marknadspris","2009","Volymförändring, procent",-4.3
"BNP till marknadspris","2010","Löpande priser, mnkr",3551514
"BNP till marknadspris","2010","Fasta priser referensår 2020, mnkr",4239913
"BNP till marknadspris","2010","Prisförändring, procent",1.0
"BNP till marknadspris","2010","Volymförändring, procent",5.8
"BNP till marknadspris","2011","Löpande priser, mnkr",3704817
"BNP till marknadspris","2011","Fasta priser referensår 2020, mnkr",4374059
"BNP till marknadspris","2011","Prisförändring, procent",1.1
"BNP till marknadspris","2011","Volymförändring, procent",3.2
"BNP till marknadspris","2012","Löpande priser, mnkr",3724495
"BNP till marknadspris","2012","Fasta priser referensår 2020, mnkr",4355933
"BNP till marknadspris","2012","Prisförändring, procent",0.9
"BNP till marknadspris","2012","Volymförändring, procent",-0.4
"BNP till marknadspris","2013","Löpande priser, mnkr",3804976
"BNP till marknadspris","2013","Fasta priser referensår 2020, mnkr",4405489
"BNP till marknadspris","2013","Prisförändring, procent",1.0
"BNP till marknadspris","2013","Volymförändring, procent",1.1
"BNP till marknadspris","2014","Löpande priser, mnkr",3963666
"BNP till marknadspris","2014","Fasta priser referensår 2020, mnkr",4506629
"BNP till marknadspris","2014","Prisförändring, procent",1.8
"BNP till marknadspris","2014","Volymförändring, procent",2.3
"BNP till marknadspris","2015","Löpande priser, mnkr",4230936
"BNP till marknadspris","2015","Fasta priser referensår 2020, mnkr",4704391
"BNP till marknadspris","2015","Prisförändring, procent",2.3
"BNP till marknadspris","2015","Volymförändring, procent",4.4
"BNP till marknadspris","2016","Löpande priser, mnkr",4392801
"BNP till marknadspris","2016","Fasta priser referensår 2020, mnkr",4804650
"BNP till marknadspris","2016","Prisförändring, procent",1.7
"BNP till marknadspris","2016","Volymförändring, procent",2.1
"BNP till marknadspris","2017","Löpande priser, mnkr",4575114
"BNP till marknadspris","2017","Fasta priser referensår 2020, mnkr",4895113
"BNP till marknadspris","2017","Prisförändring, procent",2.2
"BNP till marknadspris","2017","Volymförändring, procent",1.9
"BNP till marknadspris","2018","Löpande priser, mnkr",4777837
"BNP till marknadspris","2018","Fasta priser referensår 2020, mnkr",4981769
"BNP till marknadspris","2018","Prisförändring, procent",2.6
"BNP till marknadspris","2018","Volymförändring, procent",1.8
"BNP till marknadspris","2019","Löpande priser, mnkr",5021382
"BNP till marknadspris","2019","Fasta priser referensår 2020, mnkr",5111705
"BNP till marknadspris","2019","Prisförändring, procent",2.4
"BNP till marknadspris","2019","Volymförändring, procent",2.6
"BNP till marknadspris","2020","Löpande priser, mnkr",5012855
"BNP till marknadspris","2020","Fasta priser referensår 2020, mnkr",5012855
"BNP till marknadspris","2020","Prisförändring, procent",1.8
"BNP till marknadspris","2020","Volymförändring, procent",-1.9
"BNP till marknadspris","2021","Löpande priser, mnkr",5417760
"BNP till marknadspris","2021","Fasta priser referensår 2020, mnkr",5274820
"BNP till marknadspris","2021","Prisförändring, procent",2.7
"BNP till marknadspris","2021","Volymförändring, procent",5.2
"BNP till marknadspris","2022","Löpande priser, mnkr",5816415
"BNP till marknadspris","2022","Fasta priser referensår 2020, mnkr",5341042
"BNP till marknadspris","2022","Prisförändring, procent",6.0
"BNP till marknadspris","2022","Volymförändring, procent",1.3
"BNP till marknadspris","2023","Löpande priser, mnkr",6143187
"BNP till marknadspris","2023","Fasta priser referensår 2020, mnkr",5330143
"BNP till marknadspris","2023","Prisförändring, procent",5.8
"BNP till marknadspris","2023","Volymförändring, procent",-0.2
"BNP till marknadspris","2024","Löpande priser, mnkr",6443039
"BNP till marknadspris","2024","Fasta priser referensår 2020, mnkr",5436222
"BNP till marknadspris","2024","Prisförändring, procent",2.8
"BNP till marknadspris","2024","Volymförändring, procent",2.0
"import av varor och tjänster","1980","Löpande priser, mnkr",171055
"import av varor och tjänster","1980","Fasta priser referensår 2020, mnkr",441370
"import av varor och tjänster","1980","Prisförändring, procent",..
"import av varor och tjänster","1980","Volymförändring, procent",..
"import av varor och tjänster","1981","Löpande priser, mnkr",181793
"import av varor och tjänster","1981","Fasta priser referensår 2020, mnkr",421329
"import av varor och tjänster","1981","Prisförändring, procent",11.3
"import av varor och tjänster","1981","Volymförändring, procent",-4.5
"import av varor och tjänster","1982","Löpande priser, mnkr",217884
"import av varor och tjänster","1982","Fasta priser referensår 2020, mnkr",441539
"import av varor och tjänster","1982","Prisförändring, procent",14.4
"import av varor och tjänster","1982","Volymförändring, procent",4.8
"import av varor och tjänster","1983","Löpande priser, mnkr",249555
"import av varor och tjänster","1983","Fasta priser referensår 2020, mnkr",445588
"import av varor och tjänster","1983","Prisförändring, procent",13.5
"import av varor och tjänster","1983","Volymförändring, procent",0.9
"import av varor och tjänster","1984","Löpande priser, mnkr",272998
"import av varor och tjänster","1984","Fasta priser referensår 2020, mnkr",468864
"import av varor och tjänster","1984","Prisförändring, procent",4.0
"import av varor och tjänster","1984","Volymförändring, procent",5.2
"import av varor och tjänster","1985","Löpande priser, mnkr",304823
"import av varor och tjänster","1985","Fasta priser referensår 2020, mnkr",505290
"import av varor och tjänster","1985","Prisförändring, procent",3.6
"import av varor och tjänster","1985","Volymförändring, procent",7.8
"import av varor och tjänster","1986","Löpande priser, mnkr",295241
"import av varor och tjänster","1986","Fasta priser referensår 2020, mnkr",523552
"import av varor och tjänster","1986","Prisförändring, procent",-6.5
"import av varor och tjänster","1986","Volymförändring, procent",3.6
"import av varor och tjänster","1987","Löpande priser, mnkr",329611
"import av varor och tjänster","1987","Fasta priser referensår 2020, mnkr",562657
"import av varor och tjänster","1987","Prisförändring, procent",3.9
"import av varor och tjänster","1987","Volymförändring, procent",7.5
"import av varor och tjänster","1988","Löpande priser, mnkr",359852
"import av varor och tjänster","1988","Fasta priser referensår 2020, mnkr",591211
"import av varor och tjänster","1988","Prisförändring, procent",3.9
"import av varor och tjänster","1988","Volymförändring, procent",5.1
"import av varor och tjänster","1989","Löpande priser, mnkr",411346
"import av varor och tjänster","1989","Fasta priser referensår 2020, mnkr",636178
"import av varor och tjänster","1989","Prisförändring, procent",6.2
"import av varor och tjänster","1989","Volymförändring, procent",7.6
"import av varor och tjänster","1990","Löpande priser, mnkr",429956
"import av varor och tjänster","1990","Fasta priser referensår 2020, mnkr",642330
"import av varor och tjänster","1990","Prisförändring, procent",3.5
"import av varor och tjänster","1990","Volymförändring, procent",1.0
"import av varor och tjänster","1991","Löpande priser, mnkr",412764
"import av varor och tjänster","1991","Fasta priser referensår 2020, mnkr",610539
"import av varor och tjänster","1991","Prisförändring, procent",1.0
"import av varor och tjänster","1991","Volymförändring, procent",-4.9
"import av varor och tjänster","1992","Löpande priser, mnkr",408718
"import av varor och tjänster","1992","Fasta priser referensår 2020, mnkr",620096
"import av varor och tjänster","1992","Prisförändring, procent",-2.5
"import av varor och tjänster","1992","Volymförändring, procent",1.6
"import av varor och tjänster","1993","Löpande priser, mnkr",457314
"import av varor och tjänster","1993","Fasta priser referensår 2020, mnkr",601802
"import av varor och tjänster","1993","Prisförändring, procent",15.3
"import av varor och tjänster","1993","Volymförändring, procent",-3.0
"import av varor och tjänster","1994","Löpande priser, mnkr",531822
"import av varor och tjänster","1994","Fasta priser referensår 2020, mnkr",679218
"import av varor och tjänster","1994","Prisförändring, procent",3.0
"import av varor och tjänster","1994","Volymförändring, procent",12.9
"import av varor och tjänster","1995","Löpande priser, mnkr",597035
"import av varor och tjänster","1995","Fasta priser referensår 2020, mnkr",728405
"import av varor och tjänster","1995","Prisförändring, procent",4.7
"import av varor och tjänster","1995","Volymförändring, procent",7.2
"import av varor och tjänster","1996","Löpande priser, mnkr",594783
"import av varor och tjänster","1996","Fasta priser referensår 2020, mnkr",754422
"import av varor och tjänster","1996","Prisförändring, procent",-3.8
"import av varor och tjänster","1996","Volymförändring, procent",3.6
"import av varor och tjänster","1997","Löpande priser, mnkr",671011
"import av varor och tjänster","1997","Fasta priser referensår 2020, mnkr",848153
"import av varor och tjänster","1997","Prisförändring, procent",0.3
"import av varor och tjänster","1997","Volymförändring, procent",12.4
"import av varor och tjänster","1998","Löpande priser, mnkr",736603
"import av varor och tjänster","1998","Fasta priser referensår 2020, mnkr",941209
"import av varor och tjänster","1998","Prisförändring, procent",-1.1
"import av varor och tjänster","1998","Volymförändring, procent",11.0
"import av varor och tjänster","1999","Löpande priser, mnkr",785830
"import av varor och tjänster","1999","Fasta priser referensår 2020, mnkr",993714
"import av varor och tjänster","1999","Prisförändring, procent",1.0
"import av varor och tjänster","1999","Volymförändring, procent",5.6
"import av varor och tjänster","2000","Löpande priser, mnkr",920796
"import av varor och tjänster","2000","Fasta priser referensår 2020, mnkr",1118493
"import av varor och tjänster","2000","Prisförändring, procent",4.1
"import av varor och tjänster","2000","Volymförändring, procent",12.6
"import av varor och tjänster","2001","Löpande priser, mnkr",943544
"import av varor och tjänster","2001","Fasta priser referensår 2020, mnkr",1103187
"import av varor och tjänster","2001","Prisförändring, procent",3.9
"import av varor och tjänster","2001","Volymförändring, procent",-1.4
"import av varor och tjänster","2002","Löpande priser, mnkr",935246
"import av varor och tjänster","2002","Fasta priser referensår 2020, mnkr",1092674
"import av varor och tjänster","2002","Prisförändring, procent",0.1
"import av varor och tjänster","2002","Volymförändring, procent",-1.0
"import av varor och tjänster","2003","Löpande priser, mnkr",945281
"import av varor och tjänster","2003","Fasta priser referensår 2020, mnkr",1128199
"import av varor och tjänster","2003","Prisförändring, procent",-2.1
"import av varor och tjänster","2003","Volymförändring, procent",3.3
"import av varor och tjänster","2004","Löpande priser, mnkr",1017834
"import av varor och tjänster","2004","Fasta priser referensår 2020, mnkr",1205960
"import av varor och tjänster","2004","Prisförändring, procent",0.7
"import av varor och tjänster","2004","Volymförändring, procent",6.9
"import av varor och tjänster","2005","Löpande priser, mnkr",1136788
"import av varor och tjänster","2005","Fasta priser referensår 2020, mnkr",1288430
"import av varor och tjänster","2005","Prisförändring, procent",4.5
"import av varor och tjänster","2005","Volymförändring, procent",6.8
"import av varor och tjänster","2006","Löpande priser, mnkr",1269817
"import av varor och tjänster","2006","Fasta priser referensår 2020, mnkr",1393683
"import av varor och tjänster","2006","Prisförändring, procent",3.3
"import av varor och tjänster","2006","Volymförändring, procent",8.2
"import av varor och tjänster","2007","Löpande priser, mnkr",1385231
"import av varor och tjänster","2007","Fasta priser referensår 2020, mnkr",1517232
"import av varor och tjänster","2007","Prisförändring, procent",0.2
"import av varor och tjänster","2007","Volymförändring, procent",8.9
"import av varor och tjänster","2008","Löpande priser, mnkr",1485446
"import av varor och tjänster","2008","Fasta priser referensår 2020, mnkr",1560185
"import av varor och tjänster","2008","Prisförändring, procent",4.3
"import av varor och tjänster","2008","Volymförändring, procent",2.8
"import av varor och tjänster","2009","Löpande priser, mnkr",1279765
"import av varor och tjänster","2009","Fasta priser referensår 2020, mnkr",1341441
"import av varor och tjänster","2009","Prisförändring, procent",0.2
"import av varor och tjänster","2009","Volymförändring, procent",-14.0
"import av varor och tjänster","2010","Löpande priser, mnkr",1428222
"import av varor och tjänster","2010","Fasta priser referensår 2020, mnkr",1504780
"import av varor och tjänster","2010","Prisförändring, procent",-0.5
"import av varor och tjänster","2010","Volymförändring, procent",12.2
"import av varor och tjänster","2011","Löpande priser, mnkr",1518109
"import av varor och tjänster","2011","Fasta priser referensår 2020, mnkr",1605746
"import av varor och tjänster","2011","Prisförändring, procent",-0.4
"import av varor och tjänster","2011","Volymförändring, procent",6.7
"import av varor och tjänster","2012","Löpande priser, mnkr",1507098
"import av varor och tjänster","2012","Fasta priser referensår 2020, mnkr",1614595
"import av varor och tjänster","2012","Prisförändring, procent",-1.3
"import av varor och tjänster","2012","Volymförändring, procent",0.6
"import av varor och tjänster","2013","Löpande priser, mnkr",1480287
"import av varor och tjänster","2013","Fasta priser referensår 2020, mnkr",1628724
"import av varor och tjänster","2013","Prisförändring, procent",-2.6
"import av varor och tjänster","2013","Volymförändring, procent",0.9
"import av varor och tjänster","2014","Löpande priser, mnkr",1599904
"import av varor och tjänster","2014","Fasta priser referensår 2020, mnkr",1734635
"import av varor och tjänster","2014","Prisförändring, procent",1.5
"import av varor och tjänster","2014","Volymförändring, procent",6.5
"import av varor och tjänster","2015","Löpande priser, mnkr",1711905
"import av varor och tjänster","2015","Fasta priser referensår 2020, mnkr",1835102
"import av varor och tjänster","2015","Prisförändring, procent",1.1
"import av varor och tjänster","2015","Volymförändring, procent",5.8
"import av varor och tjänster","2016","Löpande priser, mnkr",1779717
"import av varor och tjänster","2016","Fasta priser referensår 2020, mnkr",1938422
"import av varor och tjänster","2016","Prisförändring, procent",-1.6
"import av varor och tjänster","2016","Volymförändring, procent",5.6
"import av varor och tjänster","2017","Löpande priser, mnkr",1928482
"import av varor och tjänster","2017","Fasta priser referensår 2020, mnkr",2023565
"import av varor och tjänster","2017","Prisförändring, procent",3.8
"import av varor och tjänster","2017","Volymförändring, procent",4.4
"import av varor och tjänster","2018","Löpande priser, mnkr",2124602
"import av varor och tjänster","2018","Fasta priser referensår 2020, mnkr",2108189
"import av varor och tjänster","2018","Prisförändring, procent",5.7
"import av varor och tjänster","2018","Volymförändring, procent",4.2
"import av varor och tjänster","2019","Löpande priser, mnkr",2232631
"import av varor och tjänster","2019","Fasta priser referensår 2020, mnkr",2150020
"import av varor och tjänster","2019","Prisförändring, procent",3.0
"import av varor och tjänster","2019","Volymförändring, procent",2.0
"import av varor och tjänster","2020","Löpande priser, mnkr",2014527
"import av varor och tjänster","2020","Fasta priser referensår 2020, mnkr",2014527
"import av varor och tjänster","2020","Prisförändring, procent",-3.7
"import av varor och tjänster","2020","Volymförändring, procent",-6.3
"import av varor och tjänster","2021","Löpande priser, mnkr",2363552
"import av varor och tjänster","2021","Fasta priser referensår 2020, mnkr",2284154
"import av varor och tjänster","2021","Prisförändring, procent",3.5
"import av varor och tjänster","2021","Volymförändring, procent",13.4
"import av varor och tjänster","2022","Löpande priser, mnkr",3071049
"import av varor och tjänster","2022","Fasta priser referensår 2020, mnkr",2508030
"import av varor och tjänster","2022","Prisförändring, procent",18.3
"import av varor och tjänster","2022","Volymförändring, procent",9.8
"import av varor och tjänster","2023","Löpande priser, mnkr",3220494
"import av varor och tjänster","2023","Fasta priser referensår 2020, mnkr",2492998
"import av varor och tjänster","2023","Prisförändring, procent",5.5
"import av varor och tjänster","2023","Volymförändring, procent",-0.6
"import av varor och tjänster","2024","Löpande priser, mnkr",3262995
"import av varor och tjänster","2024","Fasta priser referensår 2020, mnkr",2526910
"import av varor och tjänster","2024","Prisförändring, procent",0.0
"import av varor och tjänster","2024","Volymförändring, procent",1.4
"import av varor","1980","Löpande priser, mnkr",140160
"import av varor","1980","Fasta priser referensår 2020, mnkr",296832
"import av varor","1980","Prisförändring, procent",..
"import av varor","1980","Volymförändring, procent",..
"import av varor","1981","Löpande priser, mnkr",145050
"import av varor","1981","Fasta priser referensår 2020, mnkr",276431
"import av varor","1981","Prisförändring, procent",11.1
"import av varor","1981","Volymförändring, procent",-6.9
"import av varor","1982","Löpande priser, mnkr",173076
"import av varor","1982","Fasta priser referensår 2020, mnkr",290539
"import av varor","1982","Prisförändring, procent",13.5
"import av varor","1982","Volymförändring, procent",5.1
"import av varor","1983","Löpande priser, mnkr",197664
"import av varor","1983","Fasta priser referensår 2020, mnkr",295170
"import av varor","1983","Prisförändring, procent",12.4
"import av varor","1983","Volymförändring, procent",1.6
"import av varor","1984","Löpande priser, mnkr",215712
"import av varor","1984","Fasta priser referensår 2020, mnkr",310148
"import av varor","1984","Prisförändring, procent",3.9
"import av varor","1984","Volymförändring, procent",5.1
"import av varor","1985","Löpande priser, mnkr",241082
"import av varor","1985","Fasta priser referensår 2020, mnkr",336086
"import av varor","1985","Prisförändring, procent",3.1
"import av varor","1985","Volymförändring, procent",8.4
"import av varor","1986","Löpande priser, mnkr",228956
"import av varor","1986","Fasta priser referensår 2020, mnkr",350333
"import av varor","1986","Prisförändring, procent",-8.9
"import av varor","1986","Volymförändring, procent",4.2
"import av varor","1987","Löpande priser, mnkr",253641
"import av varor","1987","Fasta priser referensår 2020, mnkr",376085
"import av varor","1987","Prisförändring, procent",3.2
"import av varor","1987","Volymförändring, procent",7.4
"import av varor","1988","Löpande priser, mnkr",275445
"import av varor","1988","Fasta priser referensår 2020, mnkr",393400
"import av varor","1988","Prisförändring, procent",3.8
"import av varor","1988","Volymförändring, procent",4.6
"import av varor","1989","Löpande priser, mnkr",311122
"import av varor","1989","Fasta priser referensår 2020, mnkr",419689
"import av varor","1989","Prisförändring, procent",5.9
"import av varor","1989","Volymförändring, procent",6.7
"import av varor","1990","Löpande priser, mnkr",315524
"import av varor","1990","Fasta priser referensår 2020, mnkr",417115
"import av varor","1990","Prisförändring, procent",2.0
"import av varor","1990","Volymförändring, procent",-0.6
"import av varor","1991","Löpande priser, mnkr",297186
"import av varor","1991","Fasta priser referensår 2020, mnkr",396267
"import av varor","1991","Prisförändring, procent",-0.9
"import av varor","1991","Volymförändring, procent",-5.0
"import av varor","1992","Löpande priser, mnkr",285466
"import av varor","1992","Fasta priser referensår 2020, mnkr",392156
"import av varor","1992","Prisförändring, procent",-2.9
"import av varor","1992","Volymförändring, procent",-1.0
"import av varor","1993","Löpande priser, mnkr",328351
"import av varor","1993","Fasta priser referensår 2020, mnkr",401958
"import av varor","1993","Prisförändring, procent",12.2
"import av varor","1993","Volymförändring, procent",2.5
"import av varor","1994","Löpande priser, mnkr",391652
"import av varor","1994","Fasta priser referensår 2020, mnkr",461172
"import av varor","1994","Prisförändring, procent",4.0
"import av varor","1994","Volymförändring, procent",14.7
"import av varor","1995","Löpande priser, mnkr",448118
"import av varor","1995","Fasta priser referensår 2020, mnkr",499742
"import av varor","1995","Prisförändring, procent",5.6
"import av varor","1995","Volymförändring, procent",8.4
"import av varor","1996","Löpande priser, mnkr",438937
"import av varor","1996","Fasta priser referensår 2020, mnkr",513584
"import av varor","1996","Prisförändring, procent",-4.7
"import av varor","1996","Volymförändring, procent",2.8
"import av varor","1997","Löpande priser, mnkr",489164
"import av varor","1997","Fasta priser referensår 2020, mnkr",570988
"import av varor","1997","Prisförändring, procent",0.2
"import av varor","1997","Volymförändring, procent",11.2
"import av varor","1998","Löpande priser, mnkr",533443
"import av varor","1998","Fasta priser referensår 2020, mnkr",630226
"import av varor","1998","Prisförändring, procent",-1.2
"import av varor","1998","Volymförändring, procent",10.4
"import av varor","1999","Löpande priser, mnkr",561569
"import av varor","1999","Fasta priser referensår 2020, mnkr",658160
"import av varor","1999","Prisförändring, procent",0.8
"import av varor","1999","Volymförändring, procent",4.4
"import av varor","2000","Löpande priser, mnkr",665122
"import av varor","2000","Fasta priser referensår 2020, mnkr",745241
"import av varor","2000","Prisförändring, procent",4.6
"import av varor","2000","Volymförändring, procent",13.2
"import av varor","2001","Löpande priser, mnkr",657991
"import av varor","2001","Fasta priser referensår 2020, mnkr",715379
"import av varor","2001","Prisförändring, procent",3.1
"import av varor","2001","Volymförändring, procent",-4.0
"import av varor","2002","Löpande priser, mnkr",654697
"import av varor","2002","Fasta priser referensår 2020, mnkr",715733
"import av varor","2002","Prisförändring, procent",-0.5
"import av varor","2002","Volymförändring, procent",0.0
"import av varor","2003","Löpande priser, mnkr",669839
"import av varor","2003","Fasta priser referensår 2020, mnkr",753105
"import av varor","2003","Prisförändring, procent",-2.8
"import av varor","2003","Volymförändring, procent",5.2
"import av varor","2004","Löpande priser, mnkr",729162
"import av varor","2004","Fasta priser referensår 2020, mnkr",814128
"import av varor","2004","Prisförändring, procent",0.7
"import av varor","2004","Volymförändring, procent",8.1
"import av varor","2005","Löpande priser, mnkr",821454
"import av varor","2005","Fasta priser referensår 2020, mnkr",873177
"import av varor","2005","Prisförändring, procent",5.0
"import av varor","2005","Volymförändring, procent",7.3
"import av varor","2006","Löpande priser, mnkr",929197
"import av varor","2006","Fasta priser referensår 2020, mnkr",950669
"import av varor","2006","Prisförändring, procent",3.9
"import av varor","2006","Volymförändring, procent",8.9
"import av varor","2007","Löpande priser, mnkr",1019841
"import av varor","2007","Fasta priser referensår 2020, mnkr",1046285
"import av varor","2007","Prisförändring, procent",-0.3
"import av varor","2007","Volymförändring, procent",10.1
"import av varor","2008","Löpande priser, mnkr",1081821
"import av varor","2008","Fasta priser referensår 2020, mnkr",1065351
"import av varor","2008","Prisförändring, procent",4.2
"import av varor","2008","Volymförändring, procent",1.8
"import av varor","2009","Löpande priser, mnkr",890683
"import av varor","2009","Fasta priser referensår 2020, mnkr",887484
"import av varor","2009","Prisförändring, procent",-1.2
"import av varor","2009","Volymförändring, procent",-16.7
"import av varor","2010","Löpande priser, mnkr",1048267
"import av varor","2010","Fasta priser referensår 2020, mnkr",1046780
"import av varor","2010","Prisförändring, procent",-0.2
"import av varor","2010","Volymförändring, procent",17.9
"import av varor","2011","Löpande priser, mnkr",1125686
"import av varor","2011","Fasta priser referensår 2020, mnkr",1130297
"import av varor","2011","Prisförändring, procent",-0.5
"import av varor","2011","Volymförändring, procent",8.0
"import av varor","2012","Löpande priser, mnkr",1094740
"import av varor","2012","Fasta priser referensår 2020, mnkr",1121240
"import av varor","2012","Prisförändring, procent",-2.0
"import av varor","2012","Volymförändring, procent",-0.8
"import av varor","2013","Löpande priser, mnkr",1036796
"import av varor","2013","Fasta priser referensår 2020, mnkr",1103731
"import av varor","2013","Prisförändring, procent",-3.8
"import av varor","2013","Volymförändring, procent",-1.6
"import av varor","2014","Löpande priser, mnkr",1104164
"import av varor","2014","Fasta priser referensår 2020, mnkr",1161586
"import av varor","2014","Prisförändring, procent",1.2
"import av varor","2014","Volymförändring, procent",5.2
"import av varor","2015","Löpande priser, mnkr",1160114
"import av varor","2015","Fasta priser referensår 2020, mnkr",1221336
"import av varor","2015","Prisförändring, procent",-0.1
"import av varor","2015","Volymförändring, procent",5.1
"import av varor","2016","Löpande priser, mnkr",1200715
"import av varor","2016","Fasta priser referensår 2020, mnkr",1293892
"import av varor","2016","Prisförändring, procent",-2.3
"import av varor","2016","Volymförändring, procent",5.9
"import av varor","2017","Löpande priser, mnkr",1308923
"import av varor","2017","Fasta priser referensår 2020, mnkr",1349629
"import av varor","2017","Prisförändring, procent",4.5
"import av varor","2017","Volymförändring, procent",4.3
"import av varor","2018","Löpande priser, mnkr",1467883
"import av varor","2018","Fasta priser referensår 2020, mnkr",1420234
"import av varor","2018","Prisförändring, procent",6.6
"import av varor","2018","Volymförändring, procent",5.2
"import av varor","2019","Löpande priser, mnkr",1495193
"import av varor","2019","Fasta priser referensår 2020, mnkr",1414850
"import av varor","2019","Prisförändring, procent",2.2
"import av varor","2019","Volymförändring, procent",-0.4
"import av varor","2020","Löpande priser, mnkr",1356987
"import av varor","2020","Fasta priser referensår 2020, mnkr",1356987
"import av varor","2020","Prisförändring, procent",-5.4
"import av varor","2020","Volymförändring, procent",-4.1
"import av varor","2021","Löpande priser, mnkr",1595037
"import av varor","2021","Fasta priser referensår 2020, mnkr",1516927
"import av varor","2021","Prisförändring, procent",5.1
"import av varor","2021","Volymförändring, procent",11.8
"import av varor","2022","Löpande priser, mnkr",2032028
"import av varor","2022","Fasta priser referensår 2020, mnkr",1562031
"import av varor","2022","Prisförändring, procent",23.7
"import av varor","2022","Volymförändring, procent",3.0
"import av varor","2023","Löpande priser, mnkr",2052927
"import av varor","2023","Fasta priser referensår 2020, mnkr",1511556
"import av varor","2023","Prisförändring, procent",4.4
"import av varor","2023","Volymförändring, procent",-3.2
"import av varor","2024","Löpande priser, mnkr",2002923
"import av varor","2024","Fasta priser referensår 2020, mnkr",1494754
"import av varor","2024","Prisförändring, procent",-1.3
"import av varor","2024","Volymförändring, procent",-1.1
"import av tjänster","1980","Löpande priser, mnkr",30895
"import av tjänster","1980","Fasta priser referensår 2020, mnkr",139224
"import av tjänster","1980","Prisförändring, procent",..
"import av tjänster","1980","Volymförändring, procent",..
"import av tjänster","1981","Löpande priser, mnkr",36743
"import av tjänster","1981","Fasta priser referensår 2020, mnkr",147633
"import av tjänster","1981","Prisförändring, procent",12.2
"import av tjänster","1981","Volymförändring, procent",6.0
"import av tjänster","1982","Löpande priser, mnkr",44808
"import av tjänster","1982","Fasta priser referensår 2020, mnkr",152925
"import av tjänster","1982","Prisförändring, procent",17.7
"import av tjänster","1982","Volymförändring, procent",3.6
"import av tjänster","1983","Löpande priser, mnkr",51891
"import av tjänster","1983","Fasta priser referensår 2020, mnkr",150328
"import av tjänster","1983","Prisförändring, procent",17.8
"import av tjänster","1983","Volymförändring, procent",-1.7
"import av tjänster","1984","Löpande priser, mnkr",57286
"import av tjänster","1984","Fasta priser referensår 2020, mnkr",159036
"import av tjänster","1984","Prisförändring, procent",4.4
"import av tjänster","1984","Volymförändring, procent",5.8
"import av tjänster","1985","Löpande priser, mnkr",63741
"import av tjänster","1985","Fasta priser referensår 2020, mnkr",167834
"import av tjänster","1985","Prisförändring, procent",5.4
"import av tjänster","1985","Volymförändring, procent",5.5
"import av tjänster","1986","Löpande priser, mnkr",66285
"import av tjänster","1986","Fasta priser referensår 2020, mnkr",169933
"import av tjänster","1986","Prisförändring, procent",2.7
"import av tjänster","1986","Volymförändring, procent",1.3
"import av tjänster","1987","Löpande priser, mnkr",75970
"import av tjänster","1987","Fasta priser referensår 2020, mnkr",183320
"import av tjänster","1987","Prisförändring, procent",6.2
"import av tjänster","1987","Volymförändring, procent",7.9
"import av tjänster","1988","Löpande priser, mnkr",84407
"import av tjänster","1988","Fasta priser referensår 2020, mnkr",195503
"import av tjänster","1988","Prisförändring, procent",4.2
"import av tjänster","1988","Volymförändring, procent",6.6
"import av tjänster","1989","Löpande priser, mnkr",100224
"import av tjänster","1989","Fasta priser referensår 2020, mnkr",216263
"import av tjänster","1989","Prisförändring, procent",7.3
"import av tjänster","1989","Volymförändring, procent",10.6
"import av tjänster","1990","Löpande priser, mnkr",114432
"import av tjänster","1990","Fasta priser referensår 2020, mnkr",228964
"import av tjänster","1990","Prisförändring, procent",7.8
"import av tjänster","1990","Volymförändring, procent",5.9
"import av tjänster","1991","Löpande priser, mnkr",115578
"import av tjänster","1991","Fasta priser referensår 2020, mnkr",217939
"import av tjänster","1991","Prisförändring, procent",6.1
"import av tjänster","1991","Volymförändring, procent",-4.8
"import av tjänster","1992","Löpande priser, mnkr",123252
"import av tjänster","1992","Fasta priser referensår 2020, mnkr",235936
"import av tjänster","1992","Prisförändring, procent",-1.5
"import av tjänster","1992","Volymförändring, procent",8.3
"import av tjänster","1993","Löpande priser, mnkr",128963
"import av tjänster","1993","Fasta priser referensår 2020, mnkr",199196
"import av tjänster","1993","Prisförändring, procent",23.9
"import av tjänster","1993","Volymförändring, procent",-15.6
"import av tjänster","1994","Löpande priser, mnkr",140170
"import av tjänster","1994","Fasta priser referensår 2020, mnkr",215349
"import av tjänster","1994","Prisförändring, procent",0.5
"import av tjänster","1994","Volymförändring, procent",8.1
"import av tjänster","1995","Löpande priser, mnkr",148917
"import av tjänster","1995","Fasta priser referensår 2020, mnkr",224194
"import av tjänster","1995","Prisförändring, procent",2.0
"import av tjänster","1995","Volymförändring, procent",4.1
"import av tjänster","1996","Löpande priser, mnkr",155846
"import av tjänster","1996","Fasta priser referensår 2020, mnkr",237612
"import av tjänster","1996","Prisförändring, procent",-1.3
"import av tjänster","1996","Volymförändring, procent",6.0
"import av tjänster","1997","Löpande priser, mnkr",181847
"import av tjänster","1997","Fasta priser referensår 2020, mnkr",275478
"import av tjänster","1997","Prisförändring, procent",0.6
"import av tjänster","1997","Volymförändring, procent",15.9
"import av tjänster","1998","Löpande priser, mnkr",203160
"import av tjänster","1998","Fasta priser referensår 2020, mnkr",310127
"import av tjänster","1998","Prisförändring, procent",-0.8
"import av tjänster","1998","Volymförändring, procent",12.6
"import av tjänster","1999","Löpande priser, mnkr",224261
"import av tjänster","1999","Fasta priser referensår 2020, mnkr",336760
"import av tjänster","1999","Prisförändring, procent",1.7
"import av tjänster","1999","Volymförändring, procent",8.6
"import av tjänster","2000","Löpande priser, mnkr",255674
"import av tjänster","2000","Fasta priser referensår 2020, mnkr",373361
"import av tjänster","2000","Prisförändring, procent",2.8
"import av tjänster","2000","Volymförändring, procent",10.9
"import av tjänster","2001","Löpande priser, mnkr",285553
"import av tjänster","2001","Fasta priser referensår 2020, mnkr",393880
"import av tjänster","2001","Prisförändring, procent",5.9
"import av tjänster","2001","Volymförändring, procent",5.5
"import av tjänster","2002","Löpande priser, mnkr",280549
"import av tjänster","2002","Fasta priser referensår 2020, mnkr",381027
"import av tjänster","2002","Prisförändring, procent",1.6
"import av tjänster","2002","Volymförändring, procent",-3.3
"import av tjänster","2003","Löpande priser, mnkr",275442
"import av tjänster","2003","Fasta priser referensår 2020, mnkr",375896
"import av tjänster","2003","Prisförändring, procent",-0.5
"import av tjänster","2003","Volymförändring, procent",-1.3
"import av tjänster","2004","Löpande priser, mnkr",288672
"import av tjänster","2004","Fasta priser referensår 2020, mnkr",390740
"import av tjänster","2004","Prisförändring, procent",0.8
"import av tjänster","2004","Volymförändring, procent",3.9
"import av tjänster","2005","Löpande priser, mnkr",315334
"import av tjänster","2005","Fasta priser referensår 2020, mnkr",413370
"import av tjänster","2005","Prisförändring, procent",3.3
"import av tjänster","2005","Volymförändring, procent",5.8
"import av tjänster","2006","Löpande priser, mnkr",340620
"import av tjänster","2006","Fasta priser referensår 2020, mnkr",439539
"import av tjänster","2006","Prisförändring, procent",1.6
"import av tjänster","2006","Volymförändring, procent",6.3
"import av tjänster","2007","Löpande priser, mnkr",365390
"import av tjänster","2007","Fasta priser referensår 2020, mnkr",464201
"import av tjänster","2007","Prisförändring, procent",1.6
"import av tjänster","2007","Volymförändring, procent",5.6
"import av tjänster","2008","Löpande priser, mnkr",403625
"import av tjänster","2008","Fasta priser referensår 2020, mnkr",490412
"import av tjänster","2008","Prisförändring, procent",4.6
"import av tjänster","2008","Volymförändring, procent",5.6
"import av tjänster","2009","Löpande priser, mnkr",389082
"import av tjänster","2009","Fasta priser referensår 2020, mnkr",456819
"import av tjänster","2009","Prisförändring, procent",3.5
"import av tjänster","2009","Volymförändring, procent",-6.8
"import av tjänster","2010","Löpande priser, mnkr",379955
"import av tjänster","2010","Fasta priser referensår 2020, mnkr",452074
"import av tjänster","2010","Prisförändring, procent",-1.3
"import av tjänster","2010","Volymförändring, procent",-1.0
"import av tjänster","2011","Löpande priser, mnkr",392423
"import av tjänster","2011","Fasta priser referensår 2020, mnkr",466581
"import av tjänster","2011","Prisförändring, procent",0.1
"import av tjänster","2011","Volymförändring, procent",3.2
"import av tjänster","2012","Löpande priser, mnkr",412358
"import av tjänster","2012","Fasta priser referensår 2020, mnkr",487252
"import av tjänster","2012","Prisförändring, procent",0.6
"import av tjänster","2012","Volymförändring, procent",4.4
"import av tjänster","2013","Löpande priser, mnkr",443491
"import av tjänster","2013","Fasta priser referensår 2020, mnkr",523035
"import av tjänster","2013","Prisförändring, procent",0.2
"import av tjänster","2013","Volymförändring, procent",7.3
"import av tjänster","2014","Löpande priser, mnkr",495740
"import av tjänster","2014","Fasta priser referensår 2020, mnkr",572465
"import av tjänster","2014","Prisförändring, procent",2.1
"import av tjänster","2014","Volymförändring, procent",9.5
"import av tjänster","2015","Löpande priser, mnkr",551791
"import av tjänster","2015","Fasta priser referensår 2020, mnkr",613884
"import av tjänster","2015","Prisförändring, procent",3.8
"import av tjänster","2015","Volymförändring, procent",7.2
"import av tjänster","2016","Löpande priser, mnkr",579002
"import av tjänster","2016","Fasta priser referensår 2020, mnkr",644440
"import av tjänster","2016","Prisförändring, procent",0.0
"import av tjänster","2016","Volymförändring, procent",5.0
"import av tjänster","2017","Löpande priser, mnkr",619559
"import av tjänster","2017","Fasta priser referensår 2020, mnkr",673878
"import av tjänster","2017","Prisförändring, procent",2.3
"import av tjänster","2017","Volymförändring, procent",4.6
"import av tjänster","2018","Löpande priser, mnkr",656719
"import av tjänster","2018","Fasta priser referensår 2020, mnkr",687117
"import av tjänster","2018","Prisförändring, procent",4.0
"import av tjänster","2018","Volymförändring, procent",2.0
"import av tjänster","2019","Löpande priser, mnkr",737438
"import av tjänster","2019","Fasta priser referensår 2020, mnkr",737048
"import av tjänster","2019","Prisförändring, procent",4.7
"import av tjänster","2019","Volymförändring, procent",7.3
"import av tjänster","2020","Löpande priser, mnkr",657540
"import av tjänster","2020","Fasta priser referensår 2020, mnkr",657540
"import av tjänster","2020","Prisförändring, procent",-0.1
"import av tjänster","2020","Volymförändring, procent",-10.8
"import av tjänster","2021","Löpande priser, mnkr",768515
"import av tjänster","2021","Fasta priser referensår 2020, mnkr",767227
"import av tjänster","2021","Prisförändring, procent",0.2
"import av tjänster","2021","Volymförändring, procent",16.7
"import av tjänster","2022","Löpande priser, mnkr",1039021
"import av tjänster","2022","Fasta priser referensår 2020, mnkr",951150
"import av tjänster","2022","Prisförändring, procent",9.1
"import av tjänster","2022","Volymförändring, procent",24.0
"import av tjänster","2023","Löpande priser, mnkr",1167567
"import av tjänster","2023","Fasta priser referensår 2020, mnkr",994409
"import av tjänster","2023","Prisförändring, procent",7.5
"import av tjänster","2023","Volymförändring, procent",4.5
"import av tjänster","2024","Löpande priser, mnkr",1260072
"import av tjänster","2024","Fasta priser referensår 2020, mnkr",1051156
"import av tjänster","2024","Prisförändring, procent",2.1
"import av tjänster","2024","Volymförändring, procent",5.7
"summa tillgång","1980","Löpande priser, mnkr",764135
"summa tillgång","1980","Fasta priser referensår 2020, mnkr",2631801
"summa tillgång","1980","Prisförändring, procent",..
"summa tillgång","1980","Volymförändring, procent",..
"summa tillgång","1981","Löpande priser, mnkr",829585
"summa tillgång","1981","Fasta priser referensår 2020, mnkr",2599478
"summa tillgång","1981","Prisförändring, procent",9.9
"summa tillgång","1981","Volymförändring, procent",-1.2
"summa tillgång","1982","Löpande priser, mnkr",927266
"summa tillgång","1982","Fasta priser referensår 2020, mnkr",2655182
"summa tillgång","1982","Prisförändring, procent",9.4
"summa tillgång","1982","Volymförändring, procent",2.1
"summa tillgång","1983","Löpande priser, mnkr",1044493
"summa tillgång","1983","Fasta priser referensår 2020, mnkr",2700616
"summa tillgång","1983","Prisförändring, procent",10.7
"summa tillgång","1983","Volymförändring, procent",1.7
"summa tillgång","1984","Löpande priser, mnkr",1166169
"summa tillgång","1984","Fasta priser referensår 2020, mnkr",2823379
"summa tillgång","1984","Prisförändring, procent",6.8
"summa tillgång","1984","Volymförändring, procent",4.5
"summa tillgång","1985","Löpande priser, mnkr",1276484
"summa tillgång","1985","Fasta priser referensår 2020, mnkr",2924553
"summa tillgång","1985","Prisförändring, procent",5.7
"summa tillgång","1985","Volymförändring, procent",3.6
"summa tillgång","1986","Löpande priser, mnkr",1358667
"summa tillgång","1986","Fasta priser referensår 2020, mnkr",3018827
"summa tillgång","1986","Prisförändring, procent",3.1
"summa tillgång","1986","Volymförändring, procent",3.2
"summa tillgång","1987","Löpande priser, mnkr",1482367
"summa tillgång","1987","Fasta priser referensår 2020, mnkr",3149053
"summa tillgång","1987","Prisförändring, procent",4.6
"summa tillgång","1987","Volymförändring, procent",4.3
"summa tillgång","1988","Löpande priser, mnkr",1621235
"summa tillgång","1988","Fasta priser referensår 2020, mnkr",3246892
"summa tillgång","1988","Prisförändring, procent",6.1
"summa tillgång","1988","Volymförändring, procent",3.1
"summa tillgång","1989","Löpande priser, mnkr",1807372
"summa tillgång","1989","Fasta priser referensår 2020, mnkr",3366449
"summa tillgång","1989","Prisförändring, procent",7.5
"summa tillgång","1989","Volymförändring, procent",3.7
"summa tillgång","1990","Löpande priser, mnkr",1964690
"summa tillgång","1990","Fasta priser referensår 2020, mnkr",3386170
"summa tillgång","1990","Prisförändring, procent",8.1
"summa tillgång","1990","Volymförändring, procent",0.6
"summa tillgång","1991","Löpande priser, mnkr",2055990
"summa tillgång","1991","Fasta priser referensår 2020, mnkr",3319653
"summa tillgång","1991","Prisförändring, procent",6.7
"summa tillgång","1991","Volymförändring, procent",-2.0
"summa tillgång","1992","Löpande priser, mnkr",2053607
"summa tillgång","1992","Fasta priser referensår 2020, mnkr",3301968
"summa tillgång","1992","Prisförändring, procent",0.4
"summa tillgång","1992","Volymförändring, procent",-0.5
"summa tillgång","1993","Löpande priser, mnkr",2112412
"summa tillgång","1993","Fasta priser referensår 2020, mnkr",3234255
"summa tillgång","1993","Prisförändring, procent",5.0
"summa tillgång","1993","Volymförändring, procent",-2.1
"summa tillgång","1994","Löpande priser, mnkr",2296464
"summa tillgång","1994","Fasta priser referensår 2020, mnkr",3426089
"summa tillgång","1994","Prisförändring, procent",2.6
"summa tillgång","1994","Volymförändring, procent",5.9
"summa tillgång","1995","Löpande priser, mnkr",2501986
"summa tillgång","1995","Fasta priser referensår 2020, mnkr",3591338
"summa tillgång","1995","Prisförändring, procent",3.9
"summa tillgång","1995","Volymförändring, procent",4.8
"summa tillgång","1996","Löpande priser, mnkr",2552597
"summa tillgång","1996","Fasta priser referensår 2020, mnkr",3668561
"summa tillgång","1996","Prisförändring, procent",-0.1
"summa tillgång","1996","Volymförändring, procent",2.2
"summa tillgång","1997","Löpande priser, mnkr",2719070
"summa tillgång","1997","Fasta priser referensår 2020, mnkr",3861006
"summa tillgång","1997","Prisförändring, procent",1.2
"summa tillgång","1997","Volymförändring, procent",5.2
"summa tillgång","1998","Löpande priser, mnkr",2890130
"summa tillgång","1998","Fasta priser referensår 2020, mnkr",4089022
"summa tillgång","1998","Prisförändring, procent",0.4
"summa tillgång","1998","Volymförändring, procent",5.9
"summa tillgång","1999","Löpande priser, mnkr",3052358
"summa tillgång","1999","Fasta priser referensår 2020, mnkr",4275160
"summa tillgång","1999","Prisförändring, procent",1.0
"summa tillgång","1999","Volymförändring, procent",4.6
"summa tillgång","2000","Löpande priser, mnkr",3329571
"summa tillgång","2000","Fasta priser referensår 2020, mnkr",4560381
"summa tillgång","2000","Prisförändring, procent",2.3
"summa tillgång","2000","Volymförändring, procent",6.7
"summa tillgång","2001","Löpande priser, mnkr",3448328
"summa tillgång","2001","Fasta priser referensår 2020, mnkr",4588018
"summa tillgång","2001","Prisförändring, procent",2.9
"summa tillgång","2001","Volymförändring, procent",0.6
"summa tillgång","2002","Löpande priser, mnkr",3538673
"summa tillgång","2002","Fasta priser referensår 2020, mnkr",4651962
"summa tillgång","2002","Prisförändring, procent",1.2
"summa tillgång","2002","Volymförändring, procent",1.4
"summa tillgång","2003","Löpande priser, mnkr",3646691
"summa tillgång","2003","Fasta priser referensår 2020, mnkr",4756313
"summa tillgång","2003","Prisförändring, procent",0.8
"summa tillgång","2003","Volymförändring, procent",2.2
"summa tillgång","2004","Löpande priser, mnkr",3843820
"summa tillgång","2004","Fasta priser referensår 2020, mnkr",4988555
"summa tillgång","2004","Prisförändring, procent",0.5
"summa tillgång","2004","Volymförändring, procent",4.9
"summa tillgång","2005","Löpande priser, mnkr",4063915
"summa tillgång","2005","Fasta priser referensår 2020, mnkr",5181331
"summa tillgång","2005","Prisförändring, procent",1.8
"summa tillgång","2005","Volymförändring, procent",3.9
"summa tillgång","2006","Löpande priser, mnkr",4387316
"summa tillgång","2006","Fasta priser referensår 2020, mnkr",5474240
"summa tillgång","2006","Prisförändring, procent",2.2
"summa tillgång","2006","Volymförändring, procent",5.7
"summa tillgång","2007","Löpande priser, mnkr",4697366
"summa tillgång","2007","Fasta priser referensår 2020, mnkr",5740138
"summa tillgång","2007","Prisförändring, procent",2.1
"summa tillgång","2007","Volymförändring, procent",4.9
"summa tillgång","2008","Löpande priser, mnkr",4877319
"summa tillgång","2008","Fasta priser referensår 2020, mnkr",5750697
"summa tillgång","2008","Prisförändring, procent",3.6
"summa tillgång","2008","Volymförändring, procent",0.2
"summa tillgång","2009","Löpande priser, mnkr",4603900
"summa tillgång","2009","Fasta priser referensår 2020, mnkr",5334945
"summa tillgång","2009","Prisförändring, procent",1.8
"summa tillgång","2009","Volymförändring, procent",-7.2
"summa tillgång","2010","Löpande priser, mnkr",4979736
"summa tillgång","2010","Fasta priser referensår 2020, mnkr",5737035
"summa tillgång","2010","Prisförändring, procent",0.6
"summa tillgång","2010","Volymförändring, procent",7.5
"summa tillgång","2011","Löpande priser, mnkr",5222926
"summa tillgång","2011","Fasta priser referensår 2020, mnkr",5976892
"summa tillgång","2011","Prisförändring, procent",0.7
"summa tillgång","2011","Volymförändring, procent",4.2
"summa tillgång","2012","Löpande priser, mnkr",5231593
"summa tillgång","2012","Fasta priser referensår 2020, mnkr",5968896
"summa tillgång","2012","Prisförändring, procent",0.3
"summa tillgång","2012","Volymförändring, procent",-0.1
"summa tillgång","2013","Löpande priser, mnkr",5285263
"summa tillgång","2013","Fasta priser referensår 2020, mnkr",6032286
"summa tillgång","2013","Prisförändring, procent",0.0
"summa tillgång","2013","Volymförändring, procent",1.1
"summa tillgång","2014","Löpande priser, mnkr",5563570
"summa tillgång","2014","Fasta priser referensår 2020, mnkr",6241851
"summa tillgång","2014","Prisförändring, procent",1.7
"summa tillgång","2014","Volymförändring, procent",3.5
"summa tillgång","2015","Löpande priser, mnkr",5942841
"summa tillgång","2015","Fasta priser referensår 2020, mnkr",6540952
"summa tillgång","2015","Prisförändring, procent",1.9
"summa tillgång","2015","Volymförändring, procent",4.8
"summa tillgång","2016","Löpande priser, mnkr",6172518
"summa tillgång","2016","Fasta priser referensår 2020, mnkr",6746280
"summa tillgång","2016","Prisförändring, procent",0.7
"summa tillgång","2016","Volymförändring, procent",3.1
"summa tillgång","2017","Löpande priser, mnkr",6503596
"summa tillgång","2017","Fasta priser referensår 2020, mnkr",6922116
"summa tillgång","2017","Prisförändring, procent",2.7
"summa tillgång","2017","Volymförändring, procent",2.6
"summa tillgång","2018","Löpande priser, mnkr",6902439
"summa tillgång","2018","Fasta priser referensår 2020, mnkr",7094157
"summa tillgång","2018","Prisförändring, procent",3.6
"summa tillgång","2018","Volymförändring, procent",2.5
"summa tillgång","2019","Löpande priser, mnkr",7254013
"summa tillgång","2019","Fasta priser referensår 2020, mnkr",7265563
"summa tillgång","2019","Prisförändring, procent",2.6
"summa tillgång","2019","Volymförändring, procent",2.4
"summa tillgång","2020","Löpande priser, mnkr",7027382
"summa tillgång","2020","Fasta priser referensår 2020, mnkr",7027382
"summa tillgång","2020","Prisförändring, procent",0.2
"summa tillgång","2020","Volymförändring, procent",-3.3
"summa tillgång","2021","Löpande priser, mnkr",7781312
"summa tillgång","2021","Fasta priser referensår 2020, mnkr",7558974
"summa tillgång","2021","Prisförändring, procent",2.9
"summa tillgång","2021","Volymförändring, procent",7.6
"summa tillgång","2022","Löpande priser, mnkr",8887464
"summa tillgång","2022","Fasta priser referensår 2020, mnkr",7850086
"summa tillgång","2022","Prisförändring, procent",10.0
"summa tillgång","2022","Volymförändring, procent",3.9
"summa tillgång","2023","Löpande priser, mnkr",9363681
"summa tillgång","2023","Fasta priser referensår 2020, mnkr",7823344
"summa tillgång","2023","Prisförändring, procent",5.7
"summa tillgång","2023","Volymförändring, procent",-0.3
"summa tillgång","2024","Löpande priser, mnkr",9706034
"summa tillgång","2024","Fasta priser referensår 2020, mnkr",7962094
"summa tillgång","2024","Prisförändring, procent",1.8
"summa tillgång","2024","Volymförändring, procent",1.8
"konsumtionsutgifter","1980","Löpande priser, mnkr",455030
"konsumtionsutgifter","1980","Fasta priser referensår 2020, mnkr",1921711
"konsumtionsutgifter","1980","Prisförändring, procent",..
"konsumtionsutgifter","1980","Volymförändring, procent",..
"konsumtionsutgifter","1981","Löpande priser, mnkr",504929
"konsumtionsutgifter","1981","Fasta priser referensår 2020, mnkr",1928950
"konsumtionsutgifter","1981","Prisförändring, procent",10.5
"konsumtionsutgifter","1981","Volymförändring, procent",0.4
"konsumtionsutgifter","1982","Löpande priser, mnkr",558172
"konsumtionsutgifter","1982","Fasta priser referensår 2020, mnkr",1950760
"konsumtionsutgifter","1982","Prisförändring, procent",9.3
"konsumtionsutgifter","1982","Volymförändring, procent",1.1
"konsumtionsutgifter","1983","Löpande priser, mnkr",606988
"konsumtionsutgifter","1983","Fasta priser referensår 2020, mnkr",1923154
"konsumtionsutgifter","1983","Prisförändring, procent",10.3
"konsumtionsutgifter","1983","Volymförändring, procent",-1.4
"konsumtionsutgifter","1984","Löpande priser, mnkr",661719
"konsumtionsutgifter","1984","Fasta priser referensår 2020, mnkr",1958567
"konsumtionsutgifter","1984","Prisförändring, procent",7.0
"konsumtionsutgifter","1984","Volymförändring, procent",1.8
"konsumtionsutgifter","1985","Löpande priser, mnkr",720505
"konsumtionsutgifter","1985","Fasta priser referensår 2020, mnkr",2003015
"konsumtionsutgifter","1985","Prisförändring, procent",6.5
"konsumtionsutgifter","1985","Volymförändring, procent",2.3
"konsumtionsutgifter","1986","Löpande priser, mnkr",788078
"konsumtionsutgifter","1986","Fasta priser referensår 2020, mnkr",2085587
"konsumtionsutgifter","1986","Prisförändring, procent",5.0
"konsumtionsutgifter","1986","Volymförändring, procent",4.1
"konsumtionsutgifter","1987","Löpande priser, mnkr",859262
"konsumtionsutgifter","1987","Fasta priser referensår 2020, mnkr",2167578
"konsumtionsutgifter","1987","Prisförändring, procent",4.9
"konsumtionsutgifter","1987","Volymförändring, procent",3.9
"konsumtionsutgifter","1988","Löpande priser, mnkr",931107
"konsumtionsutgifter","1988","Fasta priser referensår 2020, mnkr",2217475
"konsumtionsutgifter","1988","Prisförändring, procent",5.9
"konsumtionsutgifter","1988","Volymförändring, procent",2.3
"konsumtionsutgifter","1989","Löpande priser, mnkr",1015213
"konsumtionsutgifter","1989","Fasta priser referensår 2020, mnkr",2246558
"konsumtionsutgifter","1989","Prisförändring, procent",7.6
"konsumtionsutgifter","1989","Volymförändring, procent",1.3
"konsumtionsutgifter","1990","Löpande priser, mnkr",1125253
"konsumtionsutgifter","1990","Fasta priser referensår 2020, mnkr",2248614
"konsumtionsutgifter","1990","Prisförändring, procent",10.7
"konsumtionsutgifter","1990","Volymförändring, procent",0.1
"konsumtionsutgifter","1991","Löpande priser, mnkr",1244734
"konsumtionsutgifter","1991","Fasta priser referensår 2020, mnkr",2283313
"konsumtionsutgifter","1991","Prisförändring, procent",8.9
"konsumtionsutgifter","1991","Volymförändring, procent",1.5
"konsumtionsutgifter","1992","Löpande priser, mnkr",1269827
"konsumtionsutgifter","1992","Fasta priser referensår 2020, mnkr",2278362
"konsumtionsutgifter","1992","Prisförändring, procent",2.2
"konsumtionsutgifter","1992","Volymförändring, procent",-0.2
"konsumtionsutgifter","1993","Löpande priser, mnkr",1296011
"konsumtionsutgifter","1993","Fasta priser referensår 2020, mnkr",2232722
"konsumtionsutgifter","1993","Prisförändring, procent",4.1
"konsumtionsutgifter","1993","Volymförändring, procent",-2.0
"konsumtionsutgifter","1994","Löpande priser, mnkr",1346498
"konsumtionsutgifter","1994","Fasta priser referensår 2020, mnkr",2252692
"konsumtionsutgifter","1994","Prisförändring, procent",3.0
"konsumtionsutgifter","1994","Volymförändring, procent",0.9
"konsumtionsutgifter","1995","Löpande priser, mnkr",1400947
"konsumtionsutgifter","1995","Fasta priser referensår 2020, mnkr",2272942
"konsumtionsutgifter","1995","Prisförändring, procent",3.1
"konsumtionsutgifter","1995","Volymförändring, procent",0.9
"konsumtionsutgifter","1996","Löpande priser, mnkr",1449906
"konsumtionsutgifter","1996","Fasta priser referensår 2020, mnkr",2304613
"konsumtionsutgifter","1996","Prisförändring, procent",2.1
"konsumtionsutgifter","1996","Volymförändring, procent",1.4
"konsumtionsutgifter","1997","Löpande priser, mnkr",1506349
"konsumtionsutgifter","1997","Fasta priser referensår 2020, mnkr",2350661
"konsumtionsutgifter","1997","Prisförändring, procent",1.9
"konsumtionsutgifter","1997","Volymförändring, procent",2.0
"konsumtionsutgifter","1998","Löpande priser, mnkr",1571456
"konsumtionsutgifter","1998","Fasta priser referensår 2020, mnkr",2431172
"konsumtionsutgifter","1998","Prisförändring, procent",0.9
"konsumtionsutgifter","1998","Volymförändring, procent",3.4
"konsumtionsutgifter","1999","Löpande priser, mnkr",1660648
"konsumtionsutgifter","1999","Fasta priser referensår 2020, mnkr",2515539
"konsumtionsutgifter","1999","Prisförändring, procent",2.1
"konsumtionsutgifter","1999","Volymförändring, procent",3.5
"konsumtionsutgifter","2000","Löpande priser, mnkr",1752387
"konsumtionsutgifter","2000","Fasta priser referensår 2020, mnkr",2605639
"konsumtionsutgifter","2000","Prisförändring, procent",1.9
"konsumtionsutgifter","2000","Volymförändring, procent",3.6
"konsumtionsutgifter","2001","Löpande priser, mnkr",1815123
"konsumtionsutgifter","2001","Fasta priser referensår 2020, mnkr",2620110
"konsumtionsutgifter","2001","Prisförändring, procent",3.0
"konsumtionsutgifter","2001","Volymförändring, procent",0.6
"konsumtionsutgifter","2002","Löpande priser, mnkr",1904596
"konsumtionsutgifter","2002","Fasta priser referensår 2020, mnkr",2678072
"konsumtionsutgifter","2002","Prisförändring, procent",2.7
"konsumtionsutgifter","2002","Volymförändring, procent",2.2
"konsumtionsutgifter","2003","Löpande priser, mnkr",1983108
"konsumtionsutgifter","2003","Fasta priser referensår 2020, mnkr",2709236
"konsumtionsutgifter","2003","Prisförändring, procent",2.9
"konsumtionsutgifter","2003","Volymförändring, procent",1.2
"konsumtionsutgifter","2004","Löpande priser, mnkr",2038530
"konsumtionsutgifter","2004","Fasta priser referensår 2020, mnkr",2754185
"konsumtionsutgifter","2004","Prisförändring, procent",1.1
"konsumtionsutgifter","2004","Volymförändring, procent",1.7
"konsumtionsutgifter","2005","Löpande priser, mnkr",2114187
"konsumtionsutgifter","2005","Fasta priser referensår 2020, mnkr",2814293
"konsumtionsutgifter","2005","Prisförändring, procent",1.5
"konsumtionsutgifter","2005","Volymförändring, procent",2.2
"konsumtionsutgifter","2006","Löpande priser, mnkr",2203406
"konsumtionsutgifter","2006","Fasta priser referensår 2020, mnkr",2881851
"konsumtionsutgifter","2006","Prisförändring, procent",1.8
"konsumtionsutgifter","2006","Volymförändring, procent",2.4
"konsumtionsutgifter","2007","Löpande priser, mnkr",2319181
"konsumtionsutgifter","2007","Fasta priser referensår 2020, mnkr",2971113
"konsumtionsutgifter","2007","Prisförändring, procent",2.1
"konsumtionsutgifter","2007","Volymförändring, procent",3.1
"konsumtionsutgifter","2008","Löpande priser, mnkr",2402094
"konsumtionsutgifter","2008","Fasta priser referensår 2020, mnkr",2982137
"konsumtionsutgifter","2008","Prisförändring, procent",3.2
"konsumtionsutgifter","2008","Volymförändring, procent",0.4
"konsumtionsutgifter","2009","Löpande priser, mnkr",2479132
"konsumtionsutgifter","2009","Fasta priser referensår 2020, mnkr",3027980
"konsumtionsutgifter","2009","Prisförändring, procent",1.6
"konsumtionsutgifter","2009","Volymförändring, procent",1.5
"konsumtionsutgifter","2010","Löpande priser, mnkr",2589605
"konsumtionsutgifter","2010","Fasta priser referensår 2020, mnkr",3120964
"konsumtionsutgifter","2010","Prisförändring, procent",1.3
"konsumtionsutgifter","2010","Volymförändring, procent",3.1
"konsumtionsutgifter","2011","Löpande priser, mnkr",2679516
"konsumtionsutgifter","2011","Fasta priser referensår 2020, mnkr",3167124
"konsumtionsutgifter","2011","Prisförändring, procent",2.0
"konsumtionsutgifter","2011","Volymförändring, procent",1.5
"konsumtionsutgifter","2012","Löpande priser, mnkr",2742612
"konsumtionsutgifter","2012","Fasta priser referensår 2020, mnkr",3201607
"konsumtionsutgifter","2012","Prisförändring, procent",1.3
"konsumtionsutgifter","2012","Volymförändring, procent",1.1
"konsumtionsutgifter","2013","Löpande priser, mnkr",2825892
"konsumtionsutgifter","2013","Fasta priser referensår 2020, mnkr",3260082
"konsumtionsutgifter","2013","Prisförändring, procent",1.2
"konsumtionsutgifter","2013","Volymförändring, procent",1.8
"konsumtionsutgifter","2014","Löpande priser, mnkr",2934739
"konsumtionsutgifter","2014","Fasta priser referensår 2020, mnkr",3334039
"konsumtionsutgifter","2014","Prisförändring, procent",1.5
"konsumtionsutgifter","2014","Volymförändring, procent",2.3
"konsumtionsutgifter","2015","Löpande priser, mnkr",3086869
"konsumtionsutgifter","2015","Fasta priser referensår 2020, mnkr",3450014
"konsumtionsutgifter","2015","Prisförändring, procent",1.6
"konsumtionsutgifter","2015","Volymförändring, procent",3.5
"konsumtionsutgifter","2016","Löpande priser, mnkr",3216749
"konsumtionsutgifter","2016","Fasta priser referensår 2020, mnkr",3543491
"konsumtionsutgifter","2016","Prisförändring, procent",1.5
"konsumtionsutgifter","2016","Volymförändring, procent",2.7
"konsumtionsutgifter","2017","Löpande priser, mnkr",3346323
"konsumtionsutgifter","2017","Fasta priser referensår 2020, mnkr",3602797
"konsumtionsutgifter","2017","Prisförändring, procent",2.3
"konsumtionsutgifter","2017","Volymförändring, procent",1.7
"konsumtionsutgifter","2018","Löpande priser, mnkr",3496946
"konsumtionsutgifter","2018","Fasta priser referensår 2020, mnkr",3655786
"konsumtionsutgifter","2018","Prisförändring, procent",3.0
"konsumtionsutgifter","2018","Volymförändring, procent",1.5
"konsumtionsutgifter","2019","Löpande priser, mnkr",3600159
"konsumtionsutgifter","2019","Fasta priser referensår 2020, mnkr",3674215
"konsumtionsutgifter","2019","Prisförändring, procent",2.4
"konsumtionsutgifter","2019","Volymförändring, procent",0.5
"konsumtionsutgifter","2020","Löpande priser, mnkr",3583143
"konsumtionsutgifter","2020","Fasta priser referensår 2020, mnkr",3583143
"konsumtionsutgifter","2020","Prisförändring, procent",2.1
"konsumtionsutgifter","2020","Volymförändring, procent",-2.5
"konsumtionsutgifter","2021","Löpande priser, mnkr",3839575
"konsumtionsutgifter","2021","Fasta priser referensår 2020, mnkr",3756110
"konsumtionsutgifter","2021","Prisförändring, procent",2.2
"konsumtionsutgifter","2021","Volymförändring, procent",4.8
"konsumtionsutgifter","2022","Löpande priser, mnkr",4162565
"konsumtionsutgifter","2022","Fasta priser referensår 2020, mnkr",3831495
"konsumtionsutgifter","2022","Prisförändring, procent",6.3
"konsumtionsutgifter","2022","Volymförändring, procent",2.0
"konsumtionsutgifter","2023","Löpande priser, mnkr",4420963
"konsumtionsutgifter","2023","Fasta priser referensår 2020, mnkr",3806121
"konsumtionsutgifter","2023","Prisförändring, procent",6.9
"konsumtionsutgifter","2023","Volymförändring, procent",-0.7
"konsumtionsutgifter","2024","Löpande priser, mnkr",4606604
"konsumtionsutgifter","2024","Fasta priser referensår 2020, mnkr",3853783
"konsumtionsutgifter","2024","Prisförändring, procent",2.9
"konsumtionsutgifter","2024","Volymförändring, procent",1.3
"hushållens konsumtionsutgifter; inkl icke-vinstdrivande organisationer","1980","Löpande priser, mnkr",293212
"hushållens konsumtionsutgifter; inkl icke-vinstdrivande organisationer","1980","Fasta priser referensår 2020, mnkr",1101354
"hushållens konsumtionsutgifter; inkl icke-vinstdrivande organisationer","1980","Prisförändring, procent",..
"hushållens konsumtionsutgifter; inkl icke-vinstdrivande organisationer","1980","Volymförändring, procent",..
"hushållens konsumtionsutgifter; inkl icke-vinstdrivande organisationer","1981","Löpande priser, mnkr",326651
"hushållens konsumtionsutgifter; inkl icke-vinstdrivande organisationer","1981","Fasta priser referensår 2020, mnkr",1097087
"hushållens konsumtionsutgifter; inkl icke-vinstdrivande organisationer","1981","Prisförändring, procent",11.8
"hushållens konsumtionsutgifter; inkl icke-vinstdrivande organisationer","1981","Volymförändring, procent",-0.4
"hushållens konsumtionsutgifter; inkl icke-vinstdrivande organisationer","1982","Löpande priser, mnkr",363936
"hushållens konsumtionsutgifter; inkl icke-vinstdrivande organisationer","1982","Fasta priser referensår 2020, mnkr",1109806
"hushållens konsumtionsutgifter; inkl icke-vinstdrivande organisationer","1982","Prisförändring, procent",10.1
"hushållens konsumtionsutgifter; inkl icke-vinstdrivande organisationer","1982","Volymförändring, procent",1.2
"hushållens konsumtionsutgifter; inkl icke-vinstdrivande organisationer","1983","Löpande priser, mnkr",393584
"hushållens konsumtionsutgifter; inkl icke-vinstdrivande organisationer","1983","Fasta priser referensår 2020, mnkr",1081486
"hushållens konsumtionsutgifter; inkl icke-vinstdrivande organisationer","1983","Prisförändring, procent",11.0
"hushållens konsumtionsutgifter; inkl icke-vinstdrivande organisationer","1983","Volymförändring, procent",-2.6
"hushållens konsumtionsutgifter; inkl icke-vinstdrivande organisationer","1984","Löpande priser, mnkr",429817
"hushållens konsumtionsutgifter; inkl icke-vinstdrivande organisationer","1984","Fasta priser referensår 2020, mnkr",1101276
"hushållens konsumtionsutgifter; inkl icke-vinstdrivande organisationer","1984","Prisförändring, procent",7.2
"hushållens konsumtionsutgifter; inkl icke-vinstdrivande organisationer","1984","Volymförändring, procent",1.8
"hushållens konsumtionsutgifter; inkl icke-vinstdrivande organisationer","1985","Löpande priser, mnkr",471341
"hushållens konsumtionsutgifter; inkl icke-vinstdrivande organisationer","1985","Fasta priser referensår 2020, mnkr",1131351
"hushållens konsumtionsutgifter; inkl icke-vinstdrivande organisationer","1985","Prisförändring, procent",6.7
"hushållens konsumtionsutgifter; inkl icke-vinstdrivande organisationer","1985","Volymförändring, procent",2.7
"hushållens konsumtionsutgifter; inkl icke-vinstdrivande organisationer","1986","Löpande priser, mnkr",519643
"hushållens konsumtionsutgifter; inkl icke-vinstdrivande organisationer","1986","Fasta priser referensår 2020, mnkr",1190492
"hushållens konsumtionsutgifter; inkl icke-vinstdrivande organisationer","1986","Prisförändring, procent",4.8
"hushållens konsumtionsutgifter; inkl icke-vinstdrivande organisationer","1986","Volymförändring, procent",5.2
"hushållens konsumtionsutgifter; inkl icke-vinstdrivande organisationer","1987","Löpande priser, mnkr",577524
"hushållens konsumtionsutgifter; inkl icke-vinstdrivande organisationer","1987","Fasta priser referensår 2020, mnkr",1255297
"hushållens konsumtionsutgifter; inkl icke-vinstdrivande organisationer","1987","Prisförändring, procent",5.4
"hushållens konsumtionsutgifter; inkl icke-vinstdrivande organisationer","1987","Volymförändring, procent",5.4
"hushållens konsumtionsutgifter; inkl icke-vinstdrivande organisationer","1988","Löpande priser, mnkr",631544
"hushållens konsumtionsutgifter; inkl icke-vinstdrivande organisationer","1988","Fasta priser referensår 2020, mnkr",1293995
"hushållens konsumtionsutgifter; inkl icke-vinstdrivande organisationer","1988","Prisförändring, procent",6.1
"hushållens konsumtionsutgifter; inkl icke-vinstdrivande organisationer","1988","Volymförändring, procent",3.1
"hushållens konsumtionsutgifter; inkl icke-vinstdrivande organisationer","1989","Löpande priser, mnkr",680165
"hushållens konsumtionsutgifter; inkl icke-vinstdrivande organisationer","1989","Fasta priser referensår 2020, mnkr",1307272
"hushållens konsumtionsutgifter; inkl icke-vinstdrivande organisationer","1989","Prisförändring, procent",6.6
"hushållens konsumtionsutgifter; inkl icke-vinstdrivande organisationer","1989","Volymförändring, procent",1.0
"hushållens konsumtionsutgifter; inkl icke-vinstdrivande organisationer","1990","Löpande priser, mnkr",738850
"hushållens konsumtionsutgifter; inkl icke-vinstdrivande organisationer","1990","Fasta priser referensår 2020, mnkr",1289743
"hushållens konsumtionsutgifter; inkl icke-vinstdrivande organisationer","1990","Prisförändring, procent",10.1
"hushållens konsumtionsutgifter; inkl icke-vinstdrivande organisationer","1990","Volymförändring, procent",-1.3
"hushållens konsumtionsutgifter; inkl icke-vinstdrivande organisationer","1991","Löpande priser, mnkr",817538
"hushållens konsumtionsutgifter; inkl icke-vinstdrivande organisationer","1991","Fasta priser referensår 2020, mnkr",1292145
"hushållens konsumtionsutgifter; inkl icke-vinstdrivande organisationer","1991","Prisförändring, procent",10.4
"hushållens konsumtionsutgifter; inkl icke-vinstdrivande organisationer","1991","Volymförändring, procent",0.2
"hushållens konsumtionsutgifter; inkl icke-vinstdrivande organisationer","1992","Löpande priser, mnkr",822067
"hushållens konsumtionsutgifter; inkl icke-vinstdrivande organisationer","1992","Fasta priser referensår 2020, mnkr",1270302
"hushållens konsumtionsutgifter; inkl icke-vinstdrivande organisationer","1992","Prisförändring, procent",2.3
"hushållens konsumtionsutgifter; inkl icke-vinstdrivande organisationer","1992","Volymförändring, procent",-1.7
"hushållens konsumtionsutgifter; inkl icke-vinstdrivande organisationer","1993","Löpande priser, mnkr",842450
"hushållens konsumtionsutgifter; inkl icke-vinstdrivande organisationer","1993","Fasta priser referensår 2020, mnkr",1231096
"hushållens konsumtionsutgifter; inkl icke-vinstdrivande organisationer","1993","Prisförändring, procent",5.7
"hushållens konsumtionsutgifter; inkl icke-vinstdrivande organisationer","1993","Volymförändring, procent",-3.1
"hushållens konsumtionsutgifter; inkl icke-vinstdrivande organisationer","1994","Löpande priser, mnkr",880353
"hushållens konsumtionsutgifter; inkl icke-vinstdrivande organisationer","1994","Fasta priser referensår 2020, mnkr",1253126
"hushållens konsumtionsutgifter; inkl icke-vinstdrivande organisationer","1994","Prisförändring, procent",2.7
"hushållens konsumtionsutgifter; inkl icke-vinstdrivande organisationer","1994","Volymförändring, procent",1.8
"hushållens konsumtionsutgifter; inkl icke-vinstdrivande organisationer","1995","Löpande priser, mnkr",915547
"hushållens konsumtionsutgifter; inkl icke-vinstdrivande organisationer","1995","Fasta priser referensår 2020, mnkr",1266183
"hushållens konsumtionsutgifter; inkl icke-vinstdrivande organisationer","1995","Prisförändring, procent",2.9
"hushållens konsumtionsutgifter; inkl icke-vinstdrivande organisationer","1995","Volymförändring, procent",1.0
"hushållens konsumtionsutgifter; inkl icke-vinstdrivande organisationer","1996","Löpande priser, mnkr",944896
"hushållens konsumtionsutgifter; inkl icke-vinstdrivande organisationer","1996","Fasta priser referensår 2020, mnkr",1294513
"hushållens konsumtionsutgifter; inkl icke-vinstdrivande organisationer","1996","Prisförändring, procent",0.9
"hushållens konsumtionsutgifter; inkl icke-vinstdrivande organisationer","1996","Volymförändring, procent",2.2
"hushållens konsumtionsutgifter; inkl icke-vinstdrivande organisationer","1997","Löpande priser, mnkr",988614
"hushållens konsumtionsutgifter; inkl icke-vinstdrivande organisationer","1997","Fasta priser referensår 2020, mnkr",1337093
"hushållens konsumtionsutgifter; inkl icke-vinstdrivande organisationer","1997","Prisförändring, procent",1.3
"hushållens konsumtionsutgifter; inkl icke-vinstdrivande organisationer","1997","Volymförändring, procent",3.3
"hushållens konsumtionsutgifter; inkl icke-vinstdrivande organisationer","1998","Löpande priser, mnkr",1025676
"hushållens konsumtionsutgifter; inkl icke-vinstdrivande organisationer","1998","Fasta priser referensår 2020, mnkr",1381878
"hushållens konsumtionsutgifter; inkl icke-vinstdrivande organisationer","1998","Prisförändring, procent",0.4
"hushållens konsumtionsutgifter; inkl icke-vinstdrivande organisationer","1998","Volymförändring, procent",3.3
"hushållens konsumtionsutgifter; inkl icke-vinstdrivande organisationer","1999","Löpande priser, mnkr",1086322
"hushållens konsumtionsutgifter; inkl icke-vinstdrivande organisationer","1999","Fasta priser referensår 2020, mnkr",1442804
"hushållens konsumtionsutgifter; inkl icke-vinstdrivande organisationer","1999","Prisförändring, procent",1.4
"hushållens konsumtionsutgifter; inkl icke-vinstdrivande organisationer","1999","Volymförändring, procent",4.4
"hushållens konsumtionsutgifter; inkl icke-vinstdrivande organisationer","2000","Löpande priser, mnkr",1162762
"hushållens konsumtionsutgifter; inkl icke-vinstdrivande organisationer","2000","Fasta priser referensår 2020, mnkr",1530608
"hushållens konsumtionsutgifter; inkl icke-vinstdrivande organisationer","2000","Prisförändring, procent",0.9
"hushållens konsumtionsutgifter; inkl icke-vinstdrivande organisationer","2000","Volymförändring, procent",6.1
"hushållens konsumtionsutgifter; inkl icke-vinstdrivande organisationer","2001","Löpande priser, mnkr",1197000
"hushållens konsumtionsutgifter; inkl icke-vinstdrivande organisationer","2001","Fasta priser referensår 2020, mnkr",1542929
"hushållens konsumtionsutgifter; inkl icke-vinstdrivande organisationer","2001","Prisförändring, procent",2.1
"hushållens konsumtionsutgifter; inkl icke-vinstdrivande organisationer","2001","Volymförändring, procent",0.8
"hushållens konsumtionsutgifter; inkl icke-vinstdrivande organisationer","2002","Löpande priser, mnkr",1244435
"hushållens konsumtionsutgifter; inkl icke-vinstdrivande organisationer","2002","Fasta priser referensår 2020, mnkr",1577216
"hushållens konsumtionsutgifter; inkl icke-vinstdrivande organisationer","2002","Prisförändring, procent",1.7
"hushållens konsumtionsutgifter; inkl icke-vinstdrivande organisationer","2002","Volymförändring, procent",2.2
"hushållens konsumtionsutgifter; inkl icke-vinstdrivande organisationer","2003","Löpande priser, mnkr",1288901
"hushållens konsumtionsutgifter; inkl icke-vinstdrivande organisationer","2003","Fasta priser referensår 2020, mnkr",1602132
"hushållens konsumtionsutgifter; inkl icke-vinstdrivande organisationer","2003","Prisförändring, procent",2.0
"hushållens konsumtionsutgifter; inkl icke-vinstdrivande organisationer","2003","Volymförändring, procent",1.6
"hushållens konsumtionsutgifter; inkl icke-vinstdrivande organisationer","2004","Löpande priser, mnkr",1331701
"hushållens konsumtionsutgifter; inkl icke-vinstdrivande organisationer","2004","Fasta priser referensår 2020, mnkr",1647762
"hushållens konsumtionsutgifter; inkl icke-vinstdrivande organisationer","2004","Prisförändring, procent",0.5
"hushållens konsumtionsutgifter; inkl icke-vinstdrivande organisationer","2004","Volymförändring, procent",2.8
"hushållens konsumtionsutgifter; inkl icke-vinstdrivande organisationer","2005","Löpande priser, mnkr",1385835
"hushållens konsumtionsutgifter; inkl icke-vinstdrivande organisationer","2005","Fasta priser referensår 2020, mnkr",1699853
"hushållens konsumtionsutgifter; inkl icke-vinstdrivande organisationer","2005","Prisförändring, procent",0.9
"hushållens konsumtionsutgifter; inkl icke-vinstdrivande organisationer","2005","Volymförändring, procent",3.2
"hushållens konsumtionsutgifter; inkl icke-vinstdrivande organisationer","2006","Löpande priser, mnkr",1436697
"hushållens konsumtionsutgifter; inkl icke-vinstdrivande organisationer","2006","Fasta priser referensår 2020, mnkr",1748224
"hushållens konsumtionsutgifter; inkl icke-vinstdrivande organisationer","2006","Prisförändring, procent",0.8
"hushållens konsumtionsutgifter; inkl icke-vinstdrivande organisationer","2006","Volymförändring, procent",2.8
"hushållens konsumtionsutgifter; inkl icke-vinstdrivande organisationer","2007","Löpande priser, mnkr",1519157
"hushållens konsumtionsutgifter; inkl icke-vinstdrivande organisationer","2007","Fasta priser referensår 2020, mnkr",1825588
"hushållens konsumtionsutgifter; inkl icke-vinstdrivande organisationer","2007","Prisförändring, procent",1.3
"hushållens konsumtionsutgifter; inkl icke-vinstdrivande organisationer","2007","Volymförändring, procent",4.4
"hushållens konsumtionsutgifter; inkl icke-vinstdrivande organisationer","2008","Löpande priser, mnkr",1563188
"hushållens konsumtionsutgifter; inkl icke-vinstdrivande organisationer","2008","Fasta priser referensår 2020, mnkr",1825395
"hushållens konsumtionsutgifter; inkl icke-vinstdrivande organisationer","2008","Prisförändring, procent",2.9
"hushållens konsumtionsutgifter; inkl icke-vinstdrivande organisationer","2008","Volymförändring, procent",0.0
"hushållens konsumtionsutgifter; inkl icke-vinstdrivande organisationer","2009","Löpande priser, mnkr",1612235
"hushållens konsumtionsutgifter; inkl icke-vinstdrivande organisationer","2009","Fasta priser referensår 2020, mnkr",1844781
"hushållens konsumtionsutgifter; inkl icke-vinstdrivande organisationer","2009","Prisförändring, procent",2.1
"hushållens konsumtionsutgifter; inkl icke-vinstdrivande organisationer","2009","Volymförändring, procent",1.1
"hushållens konsumtionsutgifter; inkl icke-vinstdrivande organisationer","2010","Löpande priser, mnkr",1696742
"hushållens konsumtionsutgifter; inkl icke-vinstdrivande organisationer","2010","Fasta priser referensår 2020, mnkr",1918109
"hushållens konsumtionsutgifter; inkl icke-vinstdrivande organisationer","2010","Prisförändring, procent",1.2
"hushållens konsumtionsutgifter; inkl icke-vinstdrivande organisationer","2010","Volymförändring, procent",4.0
"hushållens konsumtionsutgifter; inkl icke-vinstdrivande organisationer","2011","Löpande priser, mnkr",1752181
"hushållens konsumtionsutgifter; inkl icke-vinstdrivande organisationer","2011","Fasta priser referensår 2020, mnkr",1953652
"hushållens konsumtionsutgifter; inkl icke-vinstdrivande organisationer","2011","Prisförändring, procent",1.4
"hushållens konsumtionsutgifter; inkl icke-vinstdrivande organisationer","2011","Volymförändring, procent",1.9
"hushållens konsumtionsutgifter; inkl icke-vinstdrivande organisationer","2012","Löpande priser, mnkr",1780674
"hushållens konsumtionsutgifter; inkl icke-vinstdrivande organisationer","2012","Fasta priser referensår 2020, mnkr",1975726
"hushållens konsumtionsutgifter; inkl icke-vinstdrivande organisationer","2012","Prisförändring, procent",0.5
"hushållens konsumtionsutgifter; inkl icke-vinstdrivande organisationer","2012","Volymförändring, procent",1.1
"hushållens konsumtionsutgifter; inkl icke-vinstdrivande organisationer","2013","Löpande priser, mnkr",1823615
"hushållens konsumtionsutgifter; inkl icke-vinstdrivande organisationer","2013","Fasta priser referensår 2020, mnkr",2011844
"hushållens konsumtionsutgifter; inkl icke-vinstdrivande organisationer","2013","Prisförändring, procent",0.6
"hushållens konsumtionsutgifter; inkl icke-vinstdrivande organisationer","2013","Volymförändring, procent",1.8
"hushållens konsumtionsutgifter; inkl icke-vinstdrivande organisationer","2014","Löpande priser, mnkr",1892031
"hushållens konsumtionsutgifter; inkl icke-vinstdrivande organisationer","2014","Fasta priser referensår 2020, mnkr",2070059
"hushållens konsumtionsutgifter; inkl icke-vinstdrivande organisationer","2014","Prisförändring, procent",0.8
"hushållens konsumtionsutgifter; inkl icke-vinstdrivande organisationer","2014","Volymförändring, procent",2.9
"hushållens konsumtionsutgifter; inkl icke-vinstdrivande organisationer","2015","Löpande priser, mnkr",1991284
"hushållens konsumtionsutgifter; inkl icke-vinstdrivande organisationer","2015","Fasta priser referensår 2020, mnkr",2156622
"hushållens konsumtionsutgifter; inkl icke-vinstdrivande organisationer","2015","Prisförändring, procent",1.0
"hushållens konsumtionsutgifter; inkl icke-vinstdrivande organisationer","2015","Volymförändring, procent",4.2
"hushållens konsumtionsutgifter; inkl icke-vinstdrivande organisationer","2016","Löpande priser, mnkr",2052532
"hushållens konsumtionsutgifter; inkl icke-vinstdrivande organisationer","2016","Fasta priser referensår 2020, mnkr",2203179
"hushållens konsumtionsutgifter; inkl icke-vinstdrivande organisationer","2016","Prisförändring, procent",0.9
"hushållens konsumtionsutgifter; inkl icke-vinstdrivande organisationer","2016","Volymförändring, procent",2.2
"hushållens konsumtionsutgifter; inkl icke-vinstdrivande organisationer","2017","Löpande priser, mnkr",2140474
"hushållens konsumtionsutgifter; inkl icke-vinstdrivande organisationer","2017","Fasta priser referensår 2020, mnkr",2258329
"hushållens konsumtionsutgifter; inkl icke-vinstdrivande organisationer","2017","Prisförändring, procent",1.7
"hushållens konsumtionsutgifter; inkl icke-vinstdrivande organisationer","2017","Volymförändring, procent",2.5
"hushållens konsumtionsutgifter; inkl icke-vinstdrivande organisationer","2018","Löpande priser, mnkr",2236047
"hushållens konsumtionsutgifter; inkl icke-vinstdrivande organisationer","2018","Fasta priser referensår 2020, mnkr",2300946
"hushållens konsumtionsutgifter; inkl icke-vinstdrivande organisationer","2018","Prisförändring, procent",2.5
"hushållens konsumtionsutgifter; inkl icke-vinstdrivande organisationer","2018","Volymförändring, procent",1.9
"hushållens konsumtionsutgifter; inkl icke-vinstdrivande organisationer","2019","Löpande priser, mnkr",2300307
"hushållens konsumtionsutgifter; inkl icke-vinstdrivande organisationer","2019","Fasta priser referensår 2020, mnkr",2319025
"hushållens konsumtionsutgifter; inkl icke-vinstdrivande organisationer","2019","Prisförändring, procent",2.1
"hushållens konsumtionsutgifter; inkl icke-vinstdrivande organisationer","2019","Volymförändring, procent",0.8
"hushållens konsumtionsutgifter; inkl icke-vinstdrivande organisationer","2020","Löpande priser, mnkr",2249509
"hushållens konsumtionsutgifter; inkl icke-vinstdrivande organisationer","2020","Fasta priser referensår 2020, mnkr",2249509
"hushållens konsumtionsutgifter; inkl icke-vinstdrivande organisationer","2020","Prisförändring, procent",0.8
"hushållens konsumtionsutgifter; inkl icke-vinstdrivande organisationer","2020","Volymförändring, procent",-3.0
"hushållens konsumtionsutgifter; inkl icke-vinstdrivande organisationer","2021","Löpande priser, mnkr",2429525
"hushållens konsumtionsutgifter; inkl icke-vinstdrivande organisationer","2021","Fasta priser referensår 2020, mnkr",2376673
"hushållens konsumtionsutgifter; inkl icke-vinstdrivande organisationer","2021","Prisförändring, procent",2.2
"hushållens konsumtionsutgifter; inkl icke-vinstdrivande organisationer","2021","Volymförändring, procent",5.7
"hushållens konsumtionsutgifter; inkl icke-vinstdrivande organisationer","2022","Löpande priser, mnkr",2665339
"hushållens konsumtionsutgifter; inkl icke-vinstdrivande organisationer","2022","Fasta priser referensår 2020, mnkr",2442684
"hushållens konsumtionsutgifter; inkl icke-vinstdrivande organisationer","2022","Prisförändring, procent",6.7
"hushållens konsumtionsutgifter; inkl icke-vinstdrivande organisationer","2022","Volymförändring, procent",2.8
"hushållens konsumtionsutgifter; inkl icke-vinstdrivande organisationer","2023","Löpande priser, mnkr",2798083
"hushållens konsumtionsutgifter; inkl icke-vinstdrivande organisationer","2023","Fasta priser referensår 2020, mnkr",2403385
"hushållens konsumtionsutgifter; inkl icke-vinstdrivande organisationer","2023","Prisförändring, procent",6.7
"hushållens konsumtionsutgifter; inkl icke-vinstdrivande organisationer","2023","Volymförändring, procent",-1.6
"hushållens konsumtionsutgifter; inkl icke-vinstdrivande organisationer","2024","Löpande priser, mnkr",2917998
"hushållens konsumtionsutgifter; inkl icke-vinstdrivande organisationer","2024","Fasta priser referensår 2020, mnkr",2436608
"hushållens konsumtionsutgifter; inkl icke-vinstdrivande organisationer","2024","Prisförändring, procent",2.9
"hushållens konsumtionsutgifter; inkl icke-vinstdrivande organisationer","2024","Volymförändring, procent",1.4
"offentliga konsumtionsutgifter","1980","Löpande priser, mnkr",161818
"offentliga konsumtionsutgifter","1980","Fasta priser referensår 2020, mnkr",854330
"offentliga konsumtionsutgifter","1980","Prisförändring, procent",..
"offentliga konsumtionsutgifter","1980","Volymförändring, procent",..
"offentliga konsumtionsutgifter","1981","Löpande priser, mnkr",178278
"offentliga konsumtionsutgifter","1981","Fasta priser referensår 2020, mnkr",869377
"offentliga konsumtionsutgifter","1981","Prisförändring, procent",8.3
"offentliga konsumtionsutgifter","1981","Volymförändring, procent",1.8
"offentliga konsumtionsutgifter","1982","Löpande priser, mnkr",194236
"offentliga konsumtionsutgifter","1982","Fasta priser referensår 2020, mnkr",878750
"offentliga konsumtionsutgifter","1982","Prisförändring, procent",7.8
"offentliga konsumtionsutgifter","1982","Volymförändring, procent",1.1
"offentliga konsumtionsutgifter","1983","Löpande priser, mnkr",213404
"offentliga konsumtionsutgifter","1983","Fasta priser referensår 2020, mnkr",885030
"offentliga konsumtionsutgifter","1983","Prisförändring, procent",9.1
"offentliga konsumtionsutgifter","1983","Volymförändring, procent",0.7
"offentliga konsumtionsutgifter","1984","Löpande priser, mnkr",231902
"offentliga konsumtionsutgifter","1984","Fasta priser referensår 2020, mnkr",901515
"offentliga konsumtionsutgifter","1984","Prisförändring, procent",6.7
"offentliga konsumtionsutgifter","1984","Volymförändring, procent",1.9
"offentliga konsumtionsutgifter","1985","Löpande priser, mnkr",249164
"offentliga konsumtionsutgifter","1985","Fasta priser referensår 2020, mnkr",914262
"offentliga konsumtionsutgifter","1985","Prisförändring, procent",5.9
"offentliga konsumtionsutgifter","1985","Volymförändring, procent",1.4
"offentliga konsumtionsutgifter","1986","Löpande priser, mnkr",268435
"offentliga konsumtionsutgifter","1986","Fasta priser referensår 2020, mnkr",932840
"offentliga konsumtionsutgifter","1986","Prisförändring, procent",5.6
"offentliga konsumtionsutgifter","1986","Volymförändring, procent",2.0
"offentliga konsumtionsutgifter","1987","Löpande priser, mnkr",281738
"offentliga konsumtionsutgifter","1987","Fasta priser referensår 2020, mnkr",942205
"offentliga konsumtionsutgifter","1987","Prisförändring, procent",3.9
"offentliga konsumtionsutgifter","1987","Volymförändring, procent",1.0
"offentliga konsumtionsutgifter","1988","Löpande priser, mnkr",299563
"offentliga konsumtionsutgifter","1988","Fasta priser referensår 2020, mnkr",948813
"offentliga konsumtionsutgifter","1988","Prisförändring, procent",5.6
"offentliga konsumtionsutgifter","1988","Volymförändring, procent",0.7
"offentliga konsumtionsutgifter","1989","Löpande priser, mnkr",335048
"offentliga konsumtionsutgifter","1989","Fasta priser referensår 2020, mnkr",966968
"offentliga konsumtionsutgifter","1989","Prisförändring, procent",9.7
"offentliga konsumtionsutgifter","1989","Volymförändring, procent",1.9
"offentliga konsumtionsutgifter","1990","Löpande priser, mnkr",386403
"offentliga konsumtionsutgifter","1990","Fasta priser referensår 2020, mnkr",995970
"offentliga konsumtionsutgifter","1990","Prisförändring, procent",12.0
"offentliga konsumtionsutgifter","1990","Volymförändring, procent",3.0
"offentliga konsumtionsutgifter","1991","Löpande priser, mnkr",427196
"offentliga konsumtionsutgifter","1991","Fasta priser referensår 2020, mnkr",1037180
"offentliga konsumtionsutgifter","1991","Prisförändring, procent",6.2
"offentliga konsumtionsutgifter","1991","Volymförändring, procent",4.1
"offentliga konsumtionsutgifter","1992","Löpande priser, mnkr",447760
"offentliga konsumtionsutgifter","1992","Fasta priser referensår 2020, mnkr",1064180
"offentliga konsumtionsutgifter","1992","Prisförändring, procent",2.2
"offentliga konsumtionsutgifter","1992","Volymförändring, procent",2.6
"offentliga konsumtionsutgifter","1993","Löpande priser, mnkr",453561
"offentliga konsumtionsutgifter","1993","Fasta priser referensår 2020, mnkr",1064026
"offentliga konsumtionsutgifter","1993","Prisförändring, procent",1.3
"offentliga konsumtionsutgifter","1993","Volymförändring, procent",0.0
"offentliga konsumtionsutgifter","1994","Löpande priser, mnkr",466145
"offentliga konsumtionsutgifter","1994","Fasta priser referensår 2020, mnkr",1055855
"offentliga konsumtionsutgifter","1994","Prisförändring, procent",3.6
"offentliga konsumtionsutgifter","1994","Volymförändring, procent",-0.8
"offentliga konsumtionsutgifter","1995","Löpande priser, mnkr",485400
"offentliga konsumtionsutgifter","1995","Fasta priser referensår 2020, mnkr",1062494
"offentliga konsumtionsutgifter","1995","Prisförändring, procent",3.5
"offentliga konsumtionsutgifter","1995","Volymförändring, procent",0.6
"offentliga konsumtionsutgifter","1996","Löpande priser, mnkr",505010
"offentliga konsumtionsutgifter","1996","Fasta priser referensår 2020, mnkr",1060384
"offentliga konsumtionsutgifter","1996","Prisförändring, procent",4.2
"offentliga konsumtionsutgifter","1996","Volymförändring, procent",-0.2
"offentliga konsumtionsutgifter","1997","Löpande priser, mnkr",517735
"offentliga konsumtionsutgifter","1997","Fasta priser referensår 2020, mnkr",1055954
"offentliga konsumtionsutgifter","1997","Prisförändring, procent",2.9
"offentliga konsumtionsutgifter","1997","Volymförändring, procent",-0.4
"offentliga konsumtionsutgifter","1998","Löpande priser, mnkr",545780
"offentliga konsumtionsutgifter","1998","Fasta priser referensår 2020, mnkr",1093645
"offentliga konsumtionsutgifter","1998","Prisförändring, procent",1.8
"offentliga konsumtionsutgifter","1998","Volymförändring, procent",3.6
"offentliga konsumtionsutgifter","1999","Löpande priser, mnkr",574326
"offentliga konsumtionsutgifter","1999","Fasta priser referensår 2020, mnkr",1112305
"offentliga konsumtionsutgifter","1999","Prisförändring, procent",3.5
"offentliga konsumtionsutgifter","1999","Volymförändring, procent",1.7
"offentliga konsumtionsutgifter","2000","Löpande priser, mnkr",589625
"offentliga konsumtionsutgifter","2000","Fasta priser referensår 2020, mnkr",1099465
"offentliga konsumtionsutgifter","2000","Prisförändring, procent",3.9
"offentliga konsumtionsutgifter","2000","Volymförändring, procent",-1.2
"offentliga konsumtionsutgifter","2001","Löpande priser, mnkr",618123
"offentliga konsumtionsutgifter","2001","Fasta priser referensår 2020, mnkr",1100159
"offentliga konsumtionsutgifter","2001","Prisförändring, procent",4.8
"offentliga konsumtionsutgifter","2001","Volymförändring, procent",0.1
"offentliga konsumtionsutgifter","2002","Löpande priser, mnkr",660161
"offentliga konsumtionsutgifter","2002","Fasta priser referensår 2020, mnkr",1124283
"offentliga konsumtionsutgifter","2002","Prisförändring, procent",4.5
"offentliga konsumtionsutgifter","2002","Volymförändring, procent",2.2
"offentliga konsumtionsutgifter","2003","Löpande priser, mnkr",694207
"offentliga konsumtionsutgifter","2003","Fasta priser referensår 2020, mnkr",1128547
"offentliga konsumtionsutgifter","2003","Prisförändring, procent",4.8
"offentliga konsumtionsutgifter","2003","Volymförändring, procent",0.4
"offentliga konsumtionsutgifter","2004","Löpande priser, mnkr",706829
"offentliga konsumtionsutgifter","2004","Fasta priser referensår 2020, mnkr",1122358
"offentliga konsumtionsutgifter","2004","Prisförändring, procent",2.4
"offentliga konsumtionsutgifter","2004","Volymförändring, procent",-0.5
"offentliga konsumtionsutgifter","2005","Löpande priser, mnkr",728352
"offentliga konsumtionsutgifter","2005","Fasta priser referensår 2020, mnkr",1126153
"offentliga konsumtionsutgifter","2005","Prisförändring, procent",2.7
"offentliga konsumtionsutgifter","2005","Volymförändring, procent",0.3
"offentliga konsumtionsutgifter","2006","Löpande priser, mnkr",766709
"offentliga konsumtionsutgifter","2006","Fasta priser referensår 2020, mnkr",1143651
"offentliga konsumtionsutgifter","2006","Prisförändring, procent",3.7
"offentliga konsumtionsutgifter","2006","Volymförändring, procent",1.6
"offentliga konsumtionsutgifter","2007","Löpande priser, mnkr",800024
"offentliga konsumtionsutgifter","2007","Fasta priser referensår 2020, mnkr",1150617
"offentliga konsumtionsutgifter","2007","Prisförändring, procent",3.7
"offentliga konsumtionsutgifter","2007","Volymförändring, procent",0.6
"offentliga konsumtionsutgifter","2008","Löpande priser, mnkr",838906
"offentliga konsumtionsutgifter","2008","Fasta priser referensår 2020, mnkr",1163225
"offentliga konsumtionsutgifter","2008","Prisförändring, procent",3.7
"offentliga konsumtionsutgifter","2008","Volymförändring, procent",1.1
"offentliga konsumtionsutgifter","2009","Löpande priser, mnkr",866897
"offentliga konsumtionsutgifter","2009","Fasta priser referensår 2020, mnkr",1191408
"offentliga konsumtionsutgifter","2009","Prisförändring, procent",0.9
"offentliga konsumtionsutgifter","2009","Volymförändring, procent",2.4
"offentliga konsumtionsutgifter","2010","Löpande priser, mnkr",892863
"offentliga konsumtionsutgifter","2010","Fasta priser referensår 2020, mnkr",1207962
"offentliga konsumtionsutgifter","2010","Prisförändring, procent",1.6
"offentliga konsumtionsutgifter","2010","Volymförändring, procent",1.4
"offentliga konsumtionsutgifter","2011","Löpande priser, mnkr",927335
"offentliga konsumtionsutgifter","2011","Fasta priser referensår 2020, mnkr",1217243
"offentliga konsumtionsutgifter","2011","Prisförändring, procent",3.1
"offentliga konsumtionsutgifter","2011","Volymförändring, procent",0.8
"offentliga konsumtionsutgifter","2012","Löpande priser, mnkr",961938
"offentliga konsumtionsutgifter","2012","Fasta priser referensår 2020, mnkr",1229550
"offentliga konsumtionsutgifter","2012","Prisförändring, procent",2.7
"offentliga konsumtionsutgifter","2012","Volymförändring, procent",1.0
"offentliga konsumtionsutgifter","2013","Löpande priser, mnkr",1002277
"offentliga konsumtionsutgifter","2013","Fasta priser referensår 2020, mnkr",1251970
"offentliga konsumtionsutgifter","2013","Prisförändring, procent",2.3
"offentliga konsumtionsutgifter","2013","Volymförändring, procent",1.8
"offentliga konsumtionsutgifter","2014","Löpande priser, mnkr",1042708
"offentliga konsumtionsutgifter","2014","Fasta priser referensår 2020, mnkr",1266134
"offentliga konsumtionsutgifter","2014","Prisförändring, procent",2.9
"offentliga konsumtionsutgifter","2014","Volymförändring, procent",1.1
"offentliga konsumtionsutgifter","2015","Löpande priser, mnkr",1095585
"offentliga konsumtionsutgifter","2015","Fasta priser referensår 2020, mnkr",1294022
"offentliga konsumtionsutgifter","2015","Prisförändring, procent",2.8
"offentliga konsumtionsutgifter","2015","Volymförändring, procent",2.2
"offentliga konsumtionsutgifter","2016","Löpande priser, mnkr",1164217
"offentliga konsumtionsutgifter","2016","Fasta priser referensår 2020, mnkr",1342035
"offentliga konsumtionsutgifter","2016","Prisförändring, procent",2.5
"offentliga konsumtionsutgifter","2016","Volymförändring, procent",3.7
"offentliga konsumtionsutgifter","2017","Löpande priser, mnkr",1205849
"offentliga konsumtionsutgifter","2017","Fasta priser referensår 2020, mnkr",1344868
"offentliga konsumtionsutgifter","2017","Prisförändring, procent",3.4
"offentliga konsumtionsutgifter","2017","Volymförändring, procent",0.2
"offentliga konsumtionsutgifter","2018","Löpande priser, mnkr",1260899
"offentliga konsumtionsutgifter","2018","Fasta priser referensår 2020, mnkr",1354709
"offentliga konsumtionsutgifter","2018","Prisförändring, procent",3.8
"offentliga konsumtionsutgifter","2018","Volymförändring, procent",0.7
"offentliga konsumtionsutgifter","2019","Löpande priser, mnkr",1299852
"offentliga konsumtionsutgifter","2019","Fasta priser referensår 2020, mnkr",1354772
"offentliga konsumtionsutgifter","2019","Prisförändring, procent",3.1
"offentliga konsumtionsutgifter","2019","Volymförändring, procent",0.0
"offentliga konsumtionsutgifter","2020","Löpande priser, mnkr",1333634
"offentliga konsumtionsutgifter","2020","Fasta priser referensår 2020, mnkr",1333634
"offentliga konsumtionsutgifter","2020","Prisförändring, procent",4.2
"offentliga konsumtionsutgifter","2020","Volymförändring, procent",-1.6
"offentliga konsumtionsutgifter","2021","Löpande priser, mnkr",1410050
"offentliga konsumtionsutgifter","2021","Fasta priser referensår 2020, mnkr",1379437
"offentliga konsumtionsutgifter","2021","Prisförändring, procent",2.2
"offentliga konsumtionsutgifter","2021","Volymförändring, procent",3.4
"offentliga konsumtionsutgifter","2022","Löpande priser, mnkr",1497226
"offentliga konsumtionsutgifter","2022","Fasta priser referensår 2020, mnkr",1388810
"offentliga konsumtionsutgifter","2022","Prisförändring, procent",5.5
"offentliga konsumtionsutgifter","2022","Volymförändring, procent",0.7
"offentliga konsumtionsutgifter","2023","Löpande priser, mnkr",1622880
"offentliga konsumtionsutgifter","2023","Fasta priser referensår 2020, mnkr",1403015
"offentliga konsumtionsutgifter","2023","Prisförändring, procent",7.3
"offentliga konsumtionsutgifter","2023","Volymförändring, procent",1.0
"offentliga konsumtionsutgifter","2024","Löpande priser, mnkr",1688606
"offentliga konsumtionsutgifter","2024","Fasta priser referensår 2020, mnkr",1417437
"offentliga konsumtionsutgifter","2024","Prisförändring, procent",3.0
"offentliga konsumtionsutgifter","2024","Volymförändring, procent",1.0
"statliga myndigheters konsumtionsutgifter","1980","Löpande priser, mnkr",55770
"statliga myndigheters konsumtionsutgifter","1980","Fasta priser referensår 2020, mnkr",257312
"statliga myndigheters konsumtionsutgifter","1980","Prisförändring, procent",..
"statliga myndigheters konsumtionsutgifter","1980","Volymförändring, procent",..
"statliga myndigheters konsumtionsutgifter","1981","Löpande priser, mnkr",59694
"statliga myndigheters konsumtionsutgifter","1981","Fasta priser referensår 2020, mnkr",256786
"statliga myndigheters konsumtionsutgifter","1981","Prisförändring, procent",7.3
"statliga myndigheters konsumtionsutgifter","1981","Volymförändring, procent",-0.2
"statliga myndigheters konsumtionsutgifter","1982","Löpande priser, mnkr",63880
"statliga myndigheters konsumtionsutgifter","1982","Fasta priser referensår 2020, mnkr",255461
"statliga myndigheters konsumtionsutgifter","1982","Prisförändring, procent",7.6
"statliga myndigheters konsumtionsutgifter","1982","Volymförändring, procent",-0.5
"statliga myndigheters konsumtionsutgifter","1983","Löpande priser, mnkr",67488
"statliga myndigheters konsumtionsutgifter","1983","Fasta priser referensår 2020, mnkr",248439
"statliga myndigheters konsumtionsutgifter","1983","Prisförändring, procent",8.6
"statliga myndigheters konsumtionsutgifter","1983","Volymförändring, procent",-2.7
"statliga myndigheters konsumtionsutgifter","1984","Löpande priser, mnkr",72045
"statliga myndigheters konsumtionsutgifter","1984","Fasta priser referensår 2020, mnkr",247559
"statliga myndigheters konsumtionsutgifter","1984","Prisförändring, procent",7.1
"statliga myndigheters konsumtionsutgifter","1984","Volymförändring, procent",-0.4
"statliga myndigheters konsumtionsutgifter","1985","Löpande priser, mnkr",76034
"statliga myndigheters konsumtionsutgifter","1985","Fasta priser referensår 2020, mnkr",246384
"statliga myndigheters konsumtionsutgifter","1985","Prisförändring, procent",6.0
"statliga myndigheters konsumtionsutgifter","1985","Volymförändring, procent",-0.5
"statliga myndigheters konsumtionsutgifter","1986","Löpande priser, mnkr",81748
"statliga myndigheters konsumtionsutgifter","1986","Fasta priser referensår 2020, mnkr",253688
"statliga myndigheters konsumtionsutgifter","1986","Prisförändring, procent",4.4
"statliga myndigheters konsumtionsutgifter","1986","Volymförändring, procent",3.0
"statliga myndigheters konsumtionsutgifter","1987","Löpande priser, mnkr",84476
"statliga myndigheters konsumtionsutgifter","1987","Fasta priser referensår 2020, mnkr",249337
"statliga myndigheters konsumtionsutgifter","1987","Prisförändring, procent",5.1
"statliga myndigheters konsumtionsutgifter","1987","Volymförändring, procent",-1.7
"statliga myndigheters konsumtionsutgifter","1988","Löpande priser, mnkr",89307
"statliga myndigheters konsumtionsutgifter","1988","Fasta priser referensår 2020, mnkr",248508
"statliga myndigheters konsumtionsutgifter","1988","Prisförändring, procent",6.1
"statliga myndigheters konsumtionsutgifter","1988","Volymförändring, procent",-0.3
"statliga myndigheters konsumtionsutgifter","1989","Löpande priser, mnkr",101363
"statliga myndigheters konsumtionsutgifter","1989","Fasta priser referensår 2020, mnkr",257671
"statliga myndigheters konsumtionsutgifter","1989","Prisförändring, procent",9.5
"statliga myndigheters konsumtionsutgifter","1989","Volymförändring, procent",3.7
"statliga myndigheters konsumtionsutgifter","1990","Löpande priser, mnkr",118045
"statliga myndigheters konsumtionsutgifter","1990","Fasta priser referensår 2020, mnkr",270290
"statliga myndigheters konsumtionsutgifter","1990","Prisförändring, procent",11.0
"statliga myndigheters konsumtionsutgifter","1990","Volymförändring, procent",4.9
"statliga myndigheters konsumtionsutgifter","1991","Löpande priser, mnkr",133761
"statliga myndigheters konsumtionsutgifter","1991","Fasta priser referensår 2020, mnkr",283928
"statliga myndigheters konsumtionsutgifter","1991","Prisförändring, procent",7.9
"statliga myndigheters konsumtionsutgifter","1991","Volymförändring, procent",5.0
"statliga myndigheters konsumtionsutgifter","1992","Löpande priser, mnkr",144955
"statliga myndigheters konsumtionsutgifter","1992","Fasta priser referensår 2020, mnkr",307560
"statliga myndigheters konsumtionsutgifter","1992","Prisförändring, procent",0.0
"statliga myndigheters konsumtionsutgifter","1992","Volymförändring, procent",8.3
"statliga myndigheters konsumtionsutgifter","1993","Löpande priser, mnkr",154402
"statliga myndigheters konsumtionsutgifter","1993","Fasta priser referensår 2020, mnkr",314755
"statliga myndigheters konsumtionsutgifter","1993","Prisförändring, procent",4.1
"statliga myndigheters konsumtionsutgifter","1993","Volymförändring, procent",2.3
"statliga myndigheters konsumtionsutgifter","1994","Löpande priser, mnkr",159209
"statliga myndigheters konsumtionsutgifter","1994","Fasta priser referensår 2020, mnkr",311593
"statliga myndigheters konsumtionsutgifter","1994","Prisförändring, procent",4.2
"statliga myndigheters konsumtionsutgifter","1994","Volymförändring, procent",-1.0
"statliga myndigheters konsumtionsutgifter","1995","Löpande priser, mnkr",166941
"statliga myndigheters konsumtionsutgifter","1995","Fasta priser referensår 2020, mnkr",316701
"statliga myndigheters konsumtionsutgifter","1995","Prisförändring, procent",3.2
"statliga myndigheters konsumtionsutgifter","1995","Volymförändring, procent",1.6
"statliga myndigheters konsumtionsutgifter","1996","Löpande priser, mnkr",168675
"statliga myndigheters konsumtionsutgifter","1996","Fasta priser referensår 2020, mnkr",310543
"statliga myndigheters konsumtionsutgifter","1996","Prisförändring, procent",3.0
"statliga myndigheters konsumtionsutgifter","1996","Volymförändring, procent",-1.9
"statliga myndigheters konsumtionsutgifter","1997","Löpande priser, mnkr",168189
"statliga myndigheters konsumtionsutgifter","1997","Fasta priser referensår 2020, mnkr",303020
"statliga myndigheters konsumtionsutgifter","1997","Prisförändring, procent",2.2
"statliga myndigheters konsumtionsutgifter","1997","Volymförändring, procent",-2.4
"statliga myndigheters konsumtionsutgifter","1998","Löpande priser, mnkr",163483
"statliga myndigheters konsumtionsutgifter","1998","Fasta priser referensår 2020, mnkr",290484
"statliga myndigheters konsumtionsutgifter","1998","Prisförändring, procent",1.4
"statliga myndigheters konsumtionsutgifter","1998","Volymförändring, procent",-4.1
"statliga myndigheters konsumtionsutgifter","1999","Löpande priser, mnkr",174346
"statliga myndigheters konsumtionsutgifter","1999","Fasta priser referensår 2020, mnkr",295715
"statliga myndigheters konsumtionsutgifter","1999","Prisförändring, procent",4.8
"statliga myndigheters konsumtionsutgifter","1999","Volymförändring, procent",1.8
"statliga myndigheters konsumtionsutgifter","2000","Löpande priser, mnkr",179548
"statliga myndigheters konsumtionsutgifter","2000","Fasta priser referensår 2020, mnkr",288288
"statliga myndigheters konsumtionsutgifter","2000","Prisförändring, procent",5.6
"statliga myndigheters konsumtionsutgifter","2000","Volymförändring, procent",-2.5
"statliga myndigheters konsumtionsutgifter","2001","Löpande priser, mnkr",180328
"statliga myndigheters konsumtionsutgifter","2001","Fasta priser referensår 2020, mnkr",279003
"statliga myndigheters konsumtionsutgifter","2001","Prisförändring, procent",3.8
"statliga myndigheters konsumtionsutgifter","2001","Volymförändring, procent",-3.2
"statliga myndigheters konsumtionsutgifter","2002","Löpande priser, mnkr",190933
"statliga myndigheters konsumtionsutgifter","2002","Fasta priser referensår 2020, mnkr",286334
"statliga myndigheters konsumtionsutgifter","2002","Prisförändring, procent",3.2
"statliga myndigheters konsumtionsutgifter","2002","Volymförändring, procent",2.6
"statliga myndigheters konsumtionsutgifter","2003","Löpande priser, mnkr",199687
"statliga myndigheters konsumtionsutgifter","2003","Fasta priser referensår 2020, mnkr",290980
"statliga myndigheters konsumtionsutgifter","2003","Prisförändring, procent",2.9
"statliga myndigheters konsumtionsutgifter","2003","Volymförändring, procent",1.6
"statliga myndigheters konsumtionsutgifter","2004","Löpande priser, mnkr",201033
"statliga myndigheters konsumtionsutgifter","2004","Fasta priser referensår 2020, mnkr",290776
"statliga myndigheters konsumtionsutgifter","2004","Prisförändring, procent",0.7
"statliga myndigheters konsumtionsutgifter","2004","Volymförändring, procent",-0.1
"statliga myndigheters konsumtionsutgifter","2005","Löpande priser, mnkr",203070
"statliga myndigheters konsumtionsutgifter","2005","Fasta priser referensår 2020, mnkr",286108
"statliga myndigheters konsumtionsutgifter","2005","Prisförändring, procent",2.7
"statliga myndigheters konsumtionsutgifter","2005","Volymförändring, procent",-1.6
"statliga myndigheters konsumtionsutgifter","2006","Löpande priser, mnkr",213136
"statliga myndigheters konsumtionsutgifter","2006","Fasta priser referensår 2020, mnkr",288807
"statliga myndigheters konsumtionsutgifter","2006","Prisförändring, procent",4.0
"statliga myndigheters konsumtionsutgifter","2006","Volymförändring, procent",0.9
"statliga myndigheters konsumtionsutgifter","2007","Löpande priser, mnkr",217765
"statliga myndigheters konsumtionsutgifter","2007","Fasta priser referensår 2020, mnkr",286017
"statliga myndigheters konsumtionsutgifter","2007","Prisförändring, procent",3.2
"statliga myndigheters konsumtionsutgifter","2007","Volymförändring, procent",-1.0
"statliga myndigheters konsumtionsutgifter","2008","Löpande priser, mnkr",225818
"statliga myndigheters konsumtionsutgifter","2008","Fasta priser referensår 2020, mnkr",286324
"statliga myndigheters konsumtionsutgifter","2008","Prisförändring, procent",3.6
"statliga myndigheters konsumtionsutgifter","2008","Volymförändring, procent",0.1
"statliga myndigheters konsumtionsutgifter","2009","Löpande priser, mnkr",236336
"statliga myndigheters konsumtionsutgifter","2009","Fasta priser referensår 2020, mnkr",297654
"statliga myndigheters konsumtionsutgifter","2009","Prisförändring, procent",0.7
"statliga myndigheters konsumtionsutgifter","2009","Volymförändring, procent",4.0
"statliga myndigheters konsumtionsutgifter","2010","Löpande priser, mnkr",245271
"statliga myndigheters konsumtionsutgifter","2010","Fasta priser referensår 2020, mnkr",308785
"statliga myndigheters konsumtionsutgifter","2010","Prisförändring, procent",0.0
"statliga myndigheters konsumtionsutgifter","2010","Volymförändring, procent",3.7
"statliga myndigheters konsumtionsutgifter","2011","Löpande priser, mnkr",255534
"statliga myndigheters konsumtionsutgifter","2011","Fasta priser referensår 2020, mnkr",310641
"statliga myndigheters konsumtionsutgifter","2011","Prisförändring, procent",3.6
"statliga myndigheters konsumtionsutgifter","2011","Volymförändring, procent",0.6
"statliga myndigheters konsumtionsutgifter","2012","Löpande priser, mnkr",266612
"statliga myndigheters konsumtionsutgifter","2012","Fasta priser referensår 2020, mnkr",318430
"statliga myndigheters konsumtionsutgifter","2012","Prisförändring, procent",1.8
"statliga myndigheters konsumtionsutgifter","2012","Volymförändring, procent",2.5
"statliga myndigheters konsumtionsutgifter","2013","Löpande priser, mnkr",279459
"statliga myndigheters konsumtionsutgifter","2013","Fasta priser referensår 2020, mnkr",329700
"statliga myndigheters konsumtionsutgifter","2013","Prisförändring, procent",1.2
"statliga myndigheters konsumtionsutgifter","2013","Volymförändring, procent",3.5
"statliga myndigheters konsumtionsutgifter","2014","Löpande priser, mnkr",288179
"statliga myndigheters konsumtionsutgifter","2014","Fasta priser referensår 2020, mnkr",332119
"statliga myndigheters konsumtionsutgifter","2014","Prisförändring, procent",2.4
"statliga myndigheters konsumtionsutgifter","2014","Volymförändring, procent",0.7
"statliga myndigheters konsumtionsutgifter","2015","Löpande priser, mnkr",299169
"statliga myndigheters konsumtionsutgifter","2015","Fasta priser referensår 2020, mnkr",338639
"statliga myndigheters konsumtionsutgifter","2015","Prisförändring, procent",1.8
"statliga myndigheters konsumtionsutgifter","2015","Volymförändring, procent",2.0
"statliga myndigheters konsumtionsutgifter","2016","Löpande priser, mnkr",310229
"statliga myndigheters konsumtionsutgifter","2016","Fasta priser referensår 2020, mnkr",347047
"statliga myndigheters konsumtionsutgifter","2016","Prisförändring, procent",1.2
"statliga myndigheters konsumtionsutgifter","2016","Volymförändring, procent",2.5
"statliga myndigheters konsumtionsutgifter","2017","Löpande priser, mnkr",313751
"statliga myndigheters konsumtionsutgifter","2017","Fasta priser referensår 2020, mnkr",341910
"statliga myndigheters konsumtionsutgifter","2017","Prisförändring, procent",2.7
"statliga myndigheters konsumtionsutgifter","2017","Volymförändring, procent",-1.5
"statliga myndigheters konsumtionsutgifter","2018","Löpande priser, mnkr",325583
"statliga myndigheters konsumtionsutgifter","2018","Fasta priser referensår 2020, mnkr",344056
"statliga myndigheters konsumtionsutgifter","2018","Prisförändring, procent",3.1
"statliga myndigheters konsumtionsutgifter","2018","Volymförändring, procent",0.6
"statliga myndigheters konsumtionsutgifter","2019","Löpande priser, mnkr",334921
"statliga myndigheters konsumtionsutgifter","2019","Fasta priser referensår 2020, mnkr",340385
"statliga myndigheters konsumtionsutgifter","2019","Prisförändring, procent",4.0
"statliga myndigheters konsumtionsutgifter","2019","Volymförändring, procent",-1.1
"statliga myndigheters konsumtionsutgifter","2020","Löpande priser, mnkr",341865
"statliga myndigheters konsumtionsutgifter","2020","Fasta priser referensår 2020, mnkr",341865
"statliga myndigheters konsumtionsutgifter","2020","Prisförändring, procent",1.6
"statliga myndigheters konsumtionsutgifter","2020","Volymförändring, procent",0.4
"statliga myndigheters konsumtionsutgifter","2021","Löpande priser, mnkr",369492
"statliga myndigheters konsumtionsutgifter","2021","Fasta priser referensår 2020, mnkr",361060
"statliga myndigheters konsumtionsutgifter","2021","Prisförändring, procent",2.3
"statliga myndigheters konsumtionsutgifter","2021","Volymförändring, procent",5.6
"statliga myndigheters konsumtionsutgifter","2022","Löpande priser, mnkr",398382
"statliga myndigheters konsumtionsutgifter","2022","Fasta priser referensår 2020, mnkr",369497
"statliga myndigheters konsumtionsutgifter","2022","Prisförändring, procent",5.4
"statliga myndigheters konsumtionsutgifter","2022","Volymförändring, procent",2.3
"statliga myndigheters konsumtionsutgifter","2023","Löpande priser, mnkr",428738
"statliga myndigheters konsumtionsutgifter","2023","Fasta priser referensår 2020, mnkr",380479
"statliga myndigheters konsumtionsutgifter","2023","Prisförändring, procent",4.5
"statliga myndigheters konsumtionsutgifter","2023","Volymförändring, procent",3.0
"statliga myndigheters konsumtionsutgifter","2024","Löpande priser, mnkr",448522
"statliga myndigheters konsumtionsutgifter","2024","Fasta priser referensår 2020, mnkr",384679
"statliga myndigheters konsumtionsutgifter","2024","Prisförändring, procent",3.5
"statliga myndigheters konsumtionsutgifter","2024","Volymförändring, procent",1.1
"kommunala myndigheters konsumtionsutgifter","1980","Löpande priser, mnkr",106048
"kommunala myndigheters konsumtionsutgifter","1980","Fasta priser referensår 2020, mnkr",589929
"kommunala myndigheters konsumtionsutgifter","1980","Prisförändring, procent",..
"kommunala myndigheters konsumtionsutgifter","1980","Volymförändring, procent",..
"kommunala myndigheters konsumtionsutgifter","1981","Löpande priser, mnkr",118584
"kommunala myndigheters konsumtionsutgifter","1981","Fasta priser referensår 2020, mnkr",606417
"kommunala myndigheters konsumtionsutgifter","1981","Prisförändring, procent",8.8
"kommunala myndigheters konsumtionsutgifter","1981","Volymförändring, procent",2.8
"kommunala myndigheters konsumtionsutgifter","1982","Löpande priser, mnkr",130356
"kommunala myndigheters konsumtionsutgifter","1982","Fasta priser referensår 2020, mnkr",617821
"kommunala myndigheters konsumtionsutgifter","1982","Prisförändring, procent",7.9
"kommunala myndigheters konsumtionsutgifter","1982","Volymförändring, procent",1.9
"kommunala myndigheters konsumtionsutgifter","1983","Löpande priser, mnkr",145916
"kommunala myndigheters konsumtionsutgifter","1983","Fasta priser referensår 2020, mnkr",632722
"kommunala myndigheters konsumtionsutgifter","1983","Prisförändring, procent",9.3
"kommunala myndigheters konsumtionsutgifter","1983","Volymförändring, procent",2.4
"kommunala myndigheters konsumtionsutgifter","1984","Löpande priser, mnkr",159857
"kommunala myndigheters konsumtionsutgifter","1984","Fasta priser referensår 2020, mnkr",650995
"kommunala myndigheters konsumtionsutgifter","1984","Prisförändring, procent",6.5
"kommunala myndigheters konsumtionsutgifter","1984","Volymförändring, procent",2.9
"kommunala myndigheters konsumtionsutgifter","1985","Löpande priser, mnkr",173130
"kommunala myndigheters konsumtionsutgifter","1985","Fasta priser referensår 2020, mnkr",665741
"kommunala myndigheters konsumtionsutgifter","1985","Prisförändring, procent",5.9
"kommunala myndigheters konsumtionsutgifter","1985","Volymförändring, procent",2.3
"kommunala myndigheters konsumtionsutgifter","1986","Löpande priser, mnkr",186687
"kommunala myndigheters konsumtionsutgifter","1986","Fasta priser referensår 2020, mnkr",676543
"kommunala myndigheters konsumtionsutgifter","1986","Prisförändring, procent",6.1
"kommunala myndigheters konsumtionsutgifter","1986","Volymförändring, procent",1.6
"kommunala myndigheters konsumtionsutgifter","1987","Löpande priser, mnkr",197262
"kommunala myndigheters konsumtionsutgifter","1987","Fasta priser referensår 2020, mnkr",691390
"kommunala myndigheters konsumtionsutgifter","1987","Prisförändring, procent",3.4
"kommunala myndigheters konsumtionsutgifter","1987","Volymförändring, procent",2.2
"kommunala myndigheters konsumtionsutgifter","1988","Löpande priser, mnkr",210256
"kommunala myndigheters konsumtionsutgifter","1988","Fasta priser referensår 2020, mnkr",699301
"kommunala myndigheters konsumtionsutgifter","1988","Prisförändring, procent",5.4
"kommunala myndigheters konsumtionsutgifter","1988","Volymförändring, procent",1.1
"kommunala myndigheters konsumtionsutgifter","1989","Löpande priser, mnkr",233685
"kommunala myndigheters konsumtionsutgifter","1989","Fasta priser referensår 2020, mnkr",707413
"kommunala myndigheters konsumtionsutgifter","1989","Prisförändring, procent",9.9
"kommunala myndigheters konsumtionsutgifter","1989","Volymförändring, procent",1.2
"kommunala myndigheters konsumtionsutgifter","1990","Löpande priser, mnkr",268358
"kommunala myndigheters konsumtionsutgifter","1990","Fasta priser referensår 2020, mnkr",722806
"kommunala myndigheters konsumtionsutgifter","1990","Prisförändring, procent",12.4
"kommunala myndigheters konsumtionsutgifter","1990","Volymförändring, procent",2.2
"kommunala myndigheters konsumtionsutgifter","1991","Löpande priser, mnkr",293435
"kommunala myndigheters konsumtionsutgifter","1991","Fasta priser referensår 2020, mnkr",749827
"kommunala myndigheters konsumtionsutgifter","1991","Prisförändring, procent",5.4
"kommunala myndigheters konsumtionsutgifter","1991","Volymförändring, procent",3.7
"kommunala myndigheters konsumtionsutgifter","1992","Löpande priser, mnkr",302805
"kommunala myndigheters konsumtionsutgifter","1992","Fasta priser referensår 2020, mnkr",749796
"kommunala myndigheters konsumtionsutgifter","1992","Prisförändring, procent",3.2
"kommunala myndigheters konsumtionsutgifter","1992","Volymförändring, procent",0.0
"kommunala myndigheters konsumtionsutgifter","1993","Löpande priser, mnkr",299159
"kommunala myndigheters konsumtionsutgifter","1993","Fasta priser referensår 2020, mnkr",741238
"kommunala myndigheters konsumtionsutgifter","1993","Prisförändring, procent",-0.1
"kommunala myndigheters konsumtionsutgifter","1993","Volymförändring, procent",-1.1
"kommunala myndigheters konsumtionsutgifter","1994","Löpande priser, mnkr",306936
"kommunala myndigheters konsumtionsutgifter","1994","Fasta priser referensår 2020, mnkr",736451
"kommunala myndigheters konsumtionsutgifter","1994","Prisförändring, procent",3.3
"kommunala myndigheters konsumtionsutgifter","1994","Volymförändring, procent",-0.6
"kommunala myndigheters konsumtionsutgifter","1995","Löpande priser, mnkr",318459
"kommunala myndigheters konsumtionsutgifter","1995","Fasta priser referensår 2020, mnkr",737221
"kommunala myndigheters konsumtionsutgifter","1995","Prisförändring, procent",3.6
"kommunala myndigheters konsumtionsutgifter","1995","Volymförändring, procent",0.1
"kommunala myndigheters konsumtionsutgifter","1996","Löpande priser, mnkr",336335
"kommunala myndigheters konsumtionsutgifter","1996","Fasta priser referensår 2020, mnkr",742504
"kommunala myndigheters konsumtionsutgifter","1996","Prisförändring, procent",4.9
"kommunala myndigheters konsumtionsutgifter","1996","Volymförändring, procent",0.7
"kommunala myndigheters konsumtionsutgifter","1997","Löpande priser, mnkr",349546
"kommunala myndigheters konsumtionsutgifter","1997","Fasta priser referensår 2020, mnkr",746866
"kommunala myndigheters konsumtionsutgifter","1997","Prisförändring, procent",3.3
"kommunala myndigheters konsumtionsutgifter","1997","Volymförändring, procent",0.6
"kommunala myndigheters konsumtionsutgifter","1998","Löpande priser, mnkr",382297
"kommunala myndigheters konsumtionsutgifter","1998","Fasta priser referensår 2020, mnkr",801219
"kommunala myndigheters konsumtionsutgifter","1998","Prisförändring, procent",2.0
"kommunala myndigheters konsumtionsutgifter","1998","Volymförändring, procent",7.3
"kommunala myndigheters konsumtionsutgifter","1999","Löpande priser, mnkr",399980
"kommunala myndigheters konsumtionsutgifter","1999","Fasta priser referensår 2020, mnkr",814565
"kommunala myndigheters konsumtionsutgifter","1999","Prisförändring, procent",2.9
"kommunala myndigheters konsumtionsutgifter","1999","Volymförändring, procent",1.7
"kommunala myndigheters konsumtionsutgifter","2000","Löpande priser, mnkr",410077
"kommunala myndigheters konsumtionsutgifter","2000","Fasta priser referensår 2020, mnkr",809981
"kommunala myndigheters konsumtionsutgifter","2000","Prisförändring, procent",3.1
"kommunala myndigheters konsumtionsutgifter","2000","Volymförändring, procent",-0.6
"kommunala myndigheters konsumtionsutgifter","2001","Löpande priser, mnkr",437795
"kommunala myndigheters konsumtionsutgifter","2001","Fasta priser referensår 2020, mnkr",822138
"kommunala myndigheters konsumtionsutgifter","2001","Prisförändring, procent",5.2
"kommunala myndigheters konsumtionsutgifter","2001","Volymförändring, procent",1.5
"kommunala myndigheters konsumtionsutgifter","2002","Löpande priser, mnkr",469228
"kommunala myndigheters konsumtionsutgifter","2002","Fasta priser referensår 2020, mnkr",838694
"kommunala myndigheters konsumtionsutgifter","2002","Prisförändring, procent",5.1
"kommunala myndigheters konsumtionsutgifter","2002","Volymförändring, procent",2.0
"kommunala myndigheters konsumtionsutgifter","2003","Löpande priser, mnkr",494520
"kommunala myndigheters konsumtionsutgifter","2003","Fasta priser referensår 2020, mnkr",837632
"kommunala myndigheters konsumtionsutgifter","2003","Prisförändring, procent",5.5
"kommunala myndigheters konsumtionsutgifter","2003","Volymförändring, procent",-0.1
"kommunala myndigheters konsumtionsutgifter","2004","Löpande priser, mnkr",505796
"kommunala myndigheters konsumtionsutgifter","2004","Fasta priser referensår 2020, mnkr",831421
"kommunala myndigheters konsumtionsutgifter","2004","Prisförändring, procent",3.0
"kommunala myndigheters konsumtionsutgifter","2004","Volymförändring, procent",-0.7
"kommunala myndigheters konsumtionsutgifter","2005","Löpande priser, mnkr",525282
"kommunala myndigheters konsumtionsutgifter","2005","Fasta priser referensår 2020, mnkr",840654
"kommunala myndigheters konsumtionsutgifter","2005","Prisförändring, procent",2.7
"kommunala myndigheters konsumtionsutgifter","2005","Volymförändring, procent",1.1
"kommunala myndigheters konsumtionsutgifter","2006","Löpande priser, mnkr",553573
"kommunala myndigheters konsumtionsutgifter","2006","Fasta priser referensår 2020, mnkr",855699
"kommunala myndigheters konsumtionsutgifter","2006","Prisförändring, procent",3.5
"kommunala myndigheters konsumtionsutgifter","2006","Volymförändring, procent",1.8
"kommunala myndigheters konsumtionsutgifter","2007","Löpande priser, mnkr",582259
"kommunala myndigheters konsumtionsutgifter","2007","Fasta priser referensår 2020, mnkr",866101
"kommunala myndigheters konsumtionsutgifter","2007","Prisförändring, procent",3.9
"kommunala myndigheters konsumtionsutgifter","2007","Volymförändring, procent",1.2
"kommunala myndigheters konsumtionsutgifter","2008","Löpande priser, mnkr",613088
"kommunala myndigheters konsumtionsutgifter","2008","Fasta priser referensår 2020, mnkr",878792
"kommunala myndigheters konsumtionsutgifter","2008","Prisförändring, procent",3.8
"kommunala myndigheters konsumtionsutgifter","2008","Volymförändring, procent",1.5
"kommunala myndigheters konsumtionsutgifter","2009","Löpande priser, mnkr",630561
"kommunala myndigheters konsumtionsutgifter","2009","Fasta priser referensår 2020, mnkr",895117
"kommunala myndigheters konsumtionsutgifter","2009","Prisförändring, procent",1.0
"kommunala myndigheters konsumtionsutgifter","2009","Volymförändring, procent",1.9
"kommunala myndigheters konsumtionsutgifter","2010","Löpande priser, mnkr",647592
"kommunala myndigheters konsumtionsutgifter","2010","Fasta priser referensår 2020, mnkr",899670
"kommunala myndigheters konsumtionsutgifter","2010","Prisförändring, procent",2.2
"kommunala myndigheters konsumtionsutgifter","2010","Volymförändring, procent",0.5
"kommunala myndigheters konsumtionsutgifter","2011","Löpande priser, mnkr",671801
"kommunala myndigheters konsumtionsutgifter","2011","Fasta priser referensår 2020, mnkr",907153
"kommunala myndigheters konsumtionsutgifter","2011","Prisförändring, procent",2.9
"kommunala myndigheters konsumtionsutgifter","2011","Volymförändring, procent",0.8
"kommunala myndigheters konsumtionsutgifter","2012","Löpande priser, mnkr",695326
"kommunala myndigheters konsumtionsutgifter","2012","Fasta priser referensår 2020, mnkr",911162
"kommunala myndigheters konsumtionsutgifter","2012","Prisförändring, procent",3.0
"kommunala myndigheters konsumtionsutgifter","2012","Volymförändring, procent",0.4
"kommunala myndigheters konsumtionsutgifter","2013","Löpande priser, mnkr",722818
"kommunala myndigheters konsumtionsutgifter","2013","Fasta priser referensår 2020, mnkr",921782
"kommunala myndigheters konsumtionsutgifter","2013","Prisförändring, procent",2.8
"kommunala myndigheters konsumtionsutgifter","2013","Volymförändring, procent",1.2
"kommunala myndigheters konsumtionsutgifter","2014","Löpande priser, mnkr",754529
"kommunala myndigheters konsumtionsutgifter","2014","Fasta priser referensår 2020, mnkr",933628
"kommunala myndigheters konsumtionsutgifter","2014","Prisförändring, procent",3.1
"kommunala myndigheters konsumtionsutgifter","2014","Volymförändring, procent",1.3
"kommunala myndigheters konsumtionsutgifter","2015","Löpande priser, mnkr",796416
"kommunala myndigheters konsumtionsutgifter","2015","Fasta priser referensår 2020, mnkr",955047
"kommunala myndigheters konsumtionsutgifter","2015","Prisförändring, procent",3.2
"kommunala myndigheters konsumtionsutgifter","2015","Volymförändring, procent",2.3
"kommunala myndigheters konsumtionsutgifter","2016","Löpande priser, mnkr",853988
"kommunala myndigheters konsumtionsutgifter","2016","Fasta priser referensår 2020, mnkr",994886
"kommunala myndigheters konsumtionsutgifter","2016","Prisförändring, procent",2.9
"kommunala myndigheters konsumtionsutgifter","2016","Volymförändring, procent",4.2
"kommunala myndigheters konsumtionsutgifter","2017","Löpande priser, mnkr",892098
"kommunala myndigheters konsumtionsutgifter","2017","Fasta priser referensår 2020, mnkr",1003099
"kommunala myndigheters konsumtionsutgifter","2017","Prisförändring, procent",3.6
"kommunala myndigheters konsumtionsutgifter","2017","Volymförändring, procent",0.8
"kommunala myndigheters konsumtionsutgifter","2018","Löpande priser, mnkr",935316
"kommunala myndigheters konsumtionsutgifter","2018","Fasta priser referensår 2020, mnkr",1010807
"kommunala myndigheters konsumtionsutgifter","2018","Prisförändring, procent",4.0
"kommunala myndigheters konsumtionsutgifter","2018","Volymförändring, procent",0.8
"kommunala myndigheters konsumtionsutgifter","2019","Löpande priser, mnkr",964931
"kommunala myndigheters konsumtionsutgifter","2019","Fasta priser referensår 2020, mnkr",1014625
"kommunala myndigheters konsumtionsutgifter","2019","Prisförändring, procent",2.8
"kommunala myndigheters konsumtionsutgifter","2019","Volymförändring, procent",0.4
"kommunala myndigheters konsumtionsutgifter","2020","Löpande priser, mnkr",991769
"kommunala myndigheters konsumtionsutgifter","2020","Fasta priser referensår 2020, mnkr",991769
"kommunala myndigheters konsumtionsutgifter","2020","Prisförändring, procent",5.2
"kommunala myndigheters konsumtionsutgifter","2020","Volymförändring, procent",-2.3
"kommunala myndigheters konsumtionsutgifter","2021","Löpande priser, mnkr",1040558
"kommunala myndigheters konsumtionsutgifter","2021","Fasta priser referensår 2020, mnkr",1018377
"kommunala myndigheters konsumtionsutgifter","2021","Prisförändring, procent",2.2
"kommunala myndigheters konsumtionsutgifter","2021","Volymförändring, procent",2.7
"kommunala myndigheters konsumtionsutgifter","2022","Löpande priser, mnkr",1098844
"kommunala myndigheters konsumtionsutgifter","2022","Fasta priser referensår 2020, mnkr",1019304
"kommunala myndigheters konsumtionsutgifter","2022","Prisförändring, procent",5.5
"kommunala myndigheters konsumtionsutgifter","2022","Volymförändring, procent",0.1
"kommunala myndigheters konsumtionsutgifter","2023","Löpande priser, mnkr",1194142
"kommunala myndigheters konsumtionsutgifter","2023","Fasta priser referensår 2020, mnkr",1022527
"kommunala myndigheters konsumtionsutgifter","2023","Prisförändring, procent",8.3
"kommunala myndigheters konsumtionsutgifter","2023","Volymförändring, procent",0.3
"kommunala myndigheters konsumtionsutgifter","2024","Löpande priser, mnkr",1240084
"kommunala myndigheters konsumtionsutgifter","2024","Fasta priser referensår 2020, mnkr",1032759
"kommunala myndigheters konsumtionsutgifter","2024","Prisförändring, procent",2.8
"kommunala myndigheters konsumtionsutgifter","2024","Volymförändring, procent",1.0
"bruttoinvesteringar","1980","Löpande priser, mnkr",144561
"bruttoinvesteringar","1980","Fasta priser referensår 2020, mnkr",485777
"bruttoinvesteringar","1980","Prisförändring, procent",..
"bruttoinvesteringar","1980","Volymförändring, procent",..
"bruttoinvesteringar","1981","Löpande priser, mnkr",140999
"bruttoinvesteringar","1981","Fasta priser referensår 2020, mnkr",434579
"bruttoinvesteringar","1981","Prisförändring, procent",9.0
"bruttoinvesteringar","1981","Volymförändring, procent",-10.5
"bruttoinvesteringar","1982","Löpande priser, mnkr",151883
"bruttoinvesteringar","1982","Fasta priser referensår 2020, mnkr",434499
"bruttoinvesteringar","1982","Prisförändring, procent",7.7
"bruttoinvesteringar","1982","Volymförändring, procent",0.0
"bruttoinvesteringar","1983","Löpande priser, mnkr",169576
"bruttoinvesteringar","1983","Fasta priser referensår 2020, mnkr",441376
"bruttoinvesteringar","1983","Prisförändring, procent",9.9
"bruttoinvesteringar","1983","Volymförändring, procent",1.6
"bruttoinvesteringar","1984","Löpande priser, mnkr",197626
"bruttoinvesteringar","1984","Fasta priser referensår 2020, mnkr",485887
"bruttoinvesteringar","1984","Prisförändring, procent",5.9
"bruttoinvesteringar","1984","Volymförändring, procent",10.1
"bruttoinvesteringar","1985","Löpande priser, mnkr",232751
"bruttoinvesteringar","1985","Fasta priser referensår 2020, mnkr",541975
"bruttoinvesteringar","1985","Prisförändring, procent",5.6
"bruttoinvesteringar","1985","Volymförändring, procent",11.5
"bruttoinvesteringar","1986","Löpande priser, mnkr",241218
"bruttoinvesteringar","1986","Fasta priser referensår 2020, mnkr",542408
"bruttoinvesteringar","1986","Prisförändring, procent",3.6
"bruttoinvesteringar","1986","Volymförändring, procent",0.1
"bruttoinvesteringar","1987","Löpande priser, mnkr",271556
"bruttoinvesteringar","1987","Fasta priser referensår 2020, mnkr",575170
"bruttoinvesteringar","1987","Prisförändring, procent",6.2
"bruttoinvesteringar","1987","Volymförändring, procent",6.0
"bruttoinvesteringar","1988","Löpande priser, mnkr",309258
"bruttoinvesteringar","1988","Fasta priser referensår 2020, mnkr",606981
"bruttoinvesteringar","1988","Prisförändring, procent",7.9
"bruttoinvesteringar","1988","Volymförändring, procent",5.5
"bruttoinvesteringar","1989","Löpande priser, mnkr",373772
"bruttoinvesteringar","1989","Fasta priser referensår 2020, mnkr",676782
"bruttoinvesteringar","1989","Prisförändring, procent",8.4
"bruttoinvesteringar","1989","Volymförändring, procent",11.5
"bruttoinvesteringar","1990","Löpande priser, mnkr",404677
"bruttoinvesteringar","1990","Fasta priser referensår 2020, mnkr",676384
"bruttoinvesteringar","1990","Prisförändring, procent",8.3
"bruttoinvesteringar","1990","Volymförändring, procent",-0.1
"bruttoinvesteringar","1991","Löpande priser, mnkr",376986
"bruttoinvesteringar","1991","Fasta priser referensår 2020, mnkr",596457
"bruttoinvesteringar","1991","Prisförändring, procent",5.6
"bruttoinvesteringar","1991","Volymförändring, procent",-11.8
"bruttoinvesteringar","1992","Löpande priser, mnkr",351651
"bruttoinvesteringar","1992","Fasta priser referensår 2020, mnkr",566957
"bruttoinvesteringar","1992","Prisförändring, procent",-1.9
"bruttoinvesteringar","1992","Volymförändring, procent",-4.9
"bruttoinvesteringar","1993","Löpande priser, mnkr",309892
"bruttoinvesteringar","1993","Fasta priser referensår 2020, mnkr",484380
"bruttoinvesteringar","1993","Prisförändring, procent",3.1
"bruttoinvesteringar","1993","Volymförändring, procent",-14.6
"bruttoinvesteringar","1994","Löpande priser, mnkr",353304
"bruttoinvesteringar","1994","Fasta priser referensår 2020, mnkr",554430
"bruttoinvesteringar","1994","Prisförändring, procent",-0.4
"bruttoinvesteringar","1994","Volymförändring, procent",14.5
"bruttoinvesteringar","1995","Löpande priser, mnkr",389733
"bruttoinvesteringar","1995","Fasta priser referensår 2020, mnkr",604003
"bruttoinvesteringar","1995","Prisförändring, procent",1.3
"bruttoinvesteringar","1995","Volymförändring, procent",8.9
"bruttoinvesteringar","1996","Löpande priser, mnkr",395400
"bruttoinvesteringar","1996","Fasta priser referensår 2020, mnkr",609770
"bruttoinvesteringar","1996","Prisförändring, procent",0.5
"bruttoinvesteringar","1996","Volymförändring, procent",1.0
"bruttoinvesteringar","1997","Löpande priser, mnkr",409234
"bruttoinvesteringar","1997","Fasta priser referensår 2020, mnkr",620727
"bruttoinvesteringar","1997","Prisförändring, procent",1.7
"bruttoinvesteringar","1997","Volymförändring, procent",1.8
"bruttoinvesteringar","1998","Löpande priser, mnkr",454458
"bruttoinvesteringar","1998","Fasta priser referensår 2020, mnkr",677671
"bruttoinvesteringar","1998","Prisförändring, procent",1.7
"bruttoinvesteringar","1998","Volymförändring, procent",9.2
"bruttoinvesteringar","1999","Löpande priser, mnkr",481091
"bruttoinvesteringar","1999","Fasta priser referensår 2020, mnkr",701697
"bruttoinvesteringar","1999","Prisförändring, procent",2.2
"bruttoinvesteringar","1999","Volymförändring, procent",3.5
"bruttoinvesteringar","2000","Löpande priser, mnkr",535499
"bruttoinvesteringar","2000","Fasta priser referensår 2020, mnkr",755770
"bruttoinvesteringar","2000","Prisförändring, procent",3.3
"bruttoinvesteringar","2000","Volymförändring, procent",7.7
"bruttoinvesteringar","2001","Löpande priser, mnkr",558665
"bruttoinvesteringar","2001","Fasta priser referensår 2020, mnkr",762784
"bruttoinvesteringar","2001","Prisförändring, procent",3.4
"bruttoinvesteringar","2001","Volymförändring, procent",0.9
"bruttoinvesteringar","2002","Löpande priser, mnkr",562463
"bruttoinvesteringar","2002","Fasta priser referensår 2020, mnkr",749558
"bruttoinvesteringar","2002","Prisförändring, procent",2.5
"bruttoinvesteringar","2002","Volymförändring, procent",-1.7
"bruttoinvesteringar","2003","Löpande priser, mnkr",573940
"bruttoinvesteringar","2003","Fasta priser referensår 2020, mnkr",765324
"bruttoinvesteringar","2003","Prisförändring, procent",-0.1
"bruttoinvesteringar","2003","Volymförändring, procent",2.1
"bruttoinvesteringar","2004","Löpande priser, mnkr",598059
"bruttoinvesteringar","2004","Fasta priser referensår 2020, mnkr",795865
"bruttoinvesteringar","2004","Prisförändring, procent",0.2
"bruttoinvesteringar","2004","Volymförändring, procent",4.0
"bruttoinvesteringar","2005","Löpande priser, mnkr",622814
"bruttoinvesteringar","2005","Fasta priser referensår 2020, mnkr",820910
"bruttoinvesteringar","2005","Prisförändring, procent",1.0
"bruttoinvesteringar","2005","Volymförändring, procent",3.1
"bruttoinvesteringar","2006","Löpande priser, mnkr",700032
"bruttoinvesteringar","2006","Fasta priser referensår 2020, mnkr",911379
"bruttoinvesteringar","2006","Prisförändring, procent",1.2
"bruttoinvesteringar","2006","Volymförändring, procent",11.0
"bruttoinvesteringar","2007","Löpande priser, mnkr",797501
"bruttoinvesteringar","2007","Fasta priser referensår 2020, mnkr",1014751
"bruttoinvesteringar","2007","Prisförändring, procent",2.3
"bruttoinvesteringar","2007","Volymförändring, procent",11.3
"bruttoinvesteringar","2008","Löpande priser, mnkr",812729
"bruttoinvesteringar","2008","Fasta priser referensår 2020, mnkr",994602
"bruttoinvesteringar","2008","Prisförändring, procent",4.0
"bruttoinvesteringar","2008","Volymförändring, procent",-2.0
"bruttoinvesteringar","2009","Löpande priser, mnkr",680128
"bruttoinvesteringar","2009","Fasta priser referensår 2020, mnkr",808487
"bruttoinvesteringar","2009","Prisförändring, procent",2.9
"bruttoinvesteringar","2009","Volymförändring, procent",-18.7
"bruttoinvesteringar","2010","Löpande priser, mnkr",796317
"bruttoinvesteringar","2010","Fasta priser referensår 2020, mnkr",940699
"bruttoinvesteringar","2010","Prisförändring, procent",0.6
"bruttoinvesteringar","2010","Volymförändring, procent",16.4
"bruttoinvesteringar","2011","Löpande priser, mnkr",860900
"bruttoinvesteringar","2011","Fasta priser referensår 2020, mnkr",1013815
"bruttoinvesteringar","2011","Prisförändring, procent",0.3
"bruttoinvesteringar","2011","Volymförändring, procent",7.8
"bruttoinvesteringar","2012","Löpande priser, mnkr",819157
"bruttoinvesteringar","2012","Fasta priser referensår 2020, mnkr",957201
"bruttoinvesteringar","2012","Prisförändring, procent",0.8
"bruttoinvesteringar","2012","Volymförändring, procent",-5.6
"bruttoinvesteringar","2013","Löpande priser, mnkr",833266
"bruttoinvesteringar","2013","Fasta priser referensår 2020, mnkr",966065
"bruttoinvesteringar","2013","Prisförändring, procent",0.8
"bruttoinvesteringar","2013","Volymförändring, procent",0.9
"bruttoinvesteringar","2014","Löpande priser, mnkr",906272
"bruttoinvesteringar","2014","Fasta priser referensår 2020, mnkr",1030741
"bruttoinvesteringar","2014","Prisförändring, procent",1.9
"bruttoinvesteringar","2014","Volymförändring, procent",6.7
"bruttoinvesteringar","2015","Löpande priser, mnkr",1006568
"bruttoinvesteringar","2015","Fasta priser referensår 2020, mnkr",1118122
"bruttoinvesteringar","2015","Prisförändring, procent",2.4
"bruttoinvesteringar","2015","Volymförändring, procent",8.5
"bruttoinvesteringar","2016","Löpande priser, mnkr",1069608
"bruttoinvesteringar","2016","Fasta priser referensår 2020, mnkr",1169549
"bruttoinvesteringar","2016","Prisförändring, procent",1.6
"bruttoinvesteringar","2016","Volymförändring, procent",4.6
"bruttoinvesteringar","2017","Löpande priser, mnkr",1147986
"bruttoinvesteringar","2017","Fasta priser referensår 2020, mnkr",1218600
"bruttoinvesteringar","2017","Prisförändring, procent",3.0
"bruttoinvesteringar","2017","Volymförändring, procent",4.2
"bruttoinvesteringar","2018","Löpande priser, mnkr",1210514
"bruttoinvesteringar","2018","Fasta priser referensår 2020, mnkr",1244906
"bruttoinvesteringar","2018","Prisförändring, procent",3.2
"bruttoinvesteringar","2018","Volymförändring, procent",2.2
"bruttoinvesteringar","2019","Löpande priser, mnkr",1229096
"bruttoinvesteringar","2019","Fasta priser referensår 2020, mnkr",1241297
"bruttoinvesteringar","2019","Prisförändring, procent",1.8
"bruttoinvesteringar","2019","Volymförändring, procent",-0.3
"bruttoinvesteringar","2020","Löpande priser, mnkr",1224177
"bruttoinvesteringar","2020","Fasta priser referensår 2020, mnkr",1224177
"bruttoinvesteringar","2020","Prisförändring, procent",1.0
"bruttoinvesteringar","2020","Volymförändring, procent",-1.4
"bruttoinvesteringar","2021","Löpande priser, mnkr",1369155
"bruttoinvesteringar","2021","Fasta priser referensår 2020, mnkr",1326206
"bruttoinvesteringar","2021","Prisförändring, procent",3.2
"bruttoinvesteringar","2021","Volymförändring, procent",8.3
"bruttoinvesteringar","2022","Löpande priser, mnkr",1565884
"bruttoinvesteringar","2022","Fasta priser referensår 2020, mnkr",1390992
"bruttoinvesteringar","2022","Prisförändring, procent",9.0
"bruttoinvesteringar","2022","Volymförändring, procent",4.9
"bruttoinvesteringar","2023","Löpande priser, mnkr",1551932
"bruttoinvesteringar","2023","Fasta priser referensår 2020, mnkr",1316663
"bruttoinvesteringar","2023","Prisförändring, procent",4.7
"bruttoinvesteringar","2023","Volymförändring, procent",-5.3
"bruttoinvesteringar","2024","Löpande priser, mnkr",1607184
"bruttoinvesteringar","2024","Fasta priser referensår 2020, mnkr",1326032
"bruttoinvesteringar","2024","Prisförändring, procent",2.8
"bruttoinvesteringar","2024","Volymförändring, procent",0.7
"fast bruttoinvestering","1980","Löpande priser, mnkr",137387
"fast bruttoinvestering","1980","Fasta priser referensår 2020, mnkr",466056
"fast bruttoinvestering","1980","Prisförändring, procent",..
"fast bruttoinvestering","1980","Volymförändring, procent",..
"fast bruttoinvestering","1981","Löpande priser, mnkr",143740
"fast bruttoinvestering","1981","Fasta priser referensår 2020, mnkr",446530
"fast bruttoinvestering","1981","Prisförändring, procent",9.2
"fast bruttoinvestering","1981","Volymförändring, procent",-4.2
"fast bruttoinvestering","1982","Löpande priser, mnkr",156603
"fast bruttoinvestering","1982","Fasta priser referensår 2020, mnkr",451361
"fast bruttoinvestering","1982","Prisförändring, procent",7.8
"fast bruttoinvestering","1982","Volymförändring, procent",1.1
"fast bruttoinvestering","1983","Löpande priser, mnkr",178101
"fast bruttoinvestering","1983","Fasta priser referensår 2020, mnkr",467363
"fast bruttoinvestering","1983","Prisförändring, procent",9.8
"fast bruttoinvestering","1983","Volymförändring, procent",3.5
"fast bruttoinvestering","1984","Löpande priser, mnkr",203339
"fast bruttoinvestering","1984","Fasta priser referensår 2020, mnkr",504505
"fast bruttoinvestering","1984","Prisförändring, procent",5.8
"fast bruttoinvestering","1984","Volymförändring, procent",7.9
"fast bruttoinvestering","1985","Löpande priser, mnkr",230837
"fast bruttoinvestering","1985","Fasta priser referensår 2020, mnkr",542766
"fast bruttoinvestering","1985","Prisförändring, procent",5.5
"fast bruttoinvestering","1985","Volymförändring, procent",7.6
"fast bruttoinvestering","1986","Löpande priser, mnkr",244413
"fast bruttoinvestering","1986","Fasta priser referensår 2020, mnkr",553192
"fast bruttoinvestering","1986","Prisförändring, procent",3.9
"fast bruttoinvestering","1986","Volymförändring, procent",1.9
"fast bruttoinvestering","1987","Löpande priser, mnkr",273479
"fast bruttoinvestering","1987","Fasta priser referensår 2020, mnkr",583064
"fast bruttoinvestering","1987","Prisförändring, procent",6.2
"fast bruttoinvestering","1987","Volymförändring, procent",5.4
"fast bruttoinvestering","1988","Löpande priser, mnkr",309837
"fast bruttoinvestering","1988","Fasta priser referensår 2020, mnkr",612032
"fast bruttoinvestering","1988","Prisförändring, procent",7.9
"fast bruttoinvestering","1988","Volymförändring, procent",5.0
"fast bruttoinvestering","1989","Löpande priser, mnkr",371162
"fast bruttoinvestering","1989","Fasta priser referensår 2020, mnkr",675644
"fast bruttoinvestering","1989","Prisförändring, procent",8.5
"fast bruttoinvestering","1989","Volymförändring, procent",10.4
"fast bruttoinvestering","1990","Löpande priser, mnkr",404303
"fast bruttoinvestering","1990","Fasta priser referensår 2020, mnkr",677492
"fast bruttoinvestering","1990","Prisförändring, procent",8.6
"fast bruttoinvestering","1990","Volymförändring, procent",0.3
"fast bruttoinvestering","1991","Löpande priser, mnkr",395400
"fast bruttoinvestering","1991","Fasta priser referensår 2020, mnkr",625642
"fast bruttoinvestering","1991","Prisförändring, procent",5.9
"fast bruttoinvestering","1991","Volymförändring, procent",-7.7
"fast bruttoinvestering","1992","Löpande priser, mnkr",355764
"fast bruttoinvestering","1992","Fasta priser referensår 2020, mnkr",571230
"fast bruttoinvestering","1992","Prisförändring, procent",-1.5
"fast bruttoinvestering","1992","Volymförändring, procent",-8.7
"fast bruttoinvestering","1993","Löpande priser, mnkr",317892
"fast bruttoinvestering","1993","Fasta priser referensår 2020, mnkr",496760
"fast bruttoinvestering","1993","Prisförändring, procent",2.7
"fast bruttoinvestering","1993","Volymförändring, procent",-13.0
"fast bruttoinvestering","1994","Löpande priser, mnkr",339718
"fast bruttoinvestering","1994","Fasta priser referensår 2020, mnkr",534537
"fast bruttoinvestering","1994","Prisförändring, procent",-0.7
"fast bruttoinvestering","1994","Volymförändring, procent",7.6
"fast bruttoinvestering","1995","Löpande priser, mnkr",372316
"fast bruttoinvestering","1995","Fasta priser referensår 2020, mnkr",578555
"fast bruttoinvestering","1995","Prisförändring, procent",1.3
"fast bruttoinvestering","1995","Volymförändring, procent",8.2
"fast bruttoinvestering","1996","Löpande priser, mnkr",392054
"fast bruttoinvestering","1996","Fasta priser referensår 2020, mnkr",608350
"fast bruttoinvestering","1996","Prisförändring, procent",0.1
"fast bruttoinvestering","1996","Volymförändring, procent",5.1
"fast bruttoinvestering","1997","Löpande priser, mnkr",403634
"fast bruttoinvestering","1997","Fasta priser referensår 2020, mnkr",616152
"fast bruttoinvestering","1997","Prisförändring, procent",1.7
"fast bruttoinvestering","1997","Volymförändring, procent",1.3
"fast bruttoinvestering","1998","Löpande priser, mnkr",442810
"fast bruttoinvestering","1998","Fasta priser referensår 2020, mnkr",663826
"fast bruttoinvestering","1998","Prisförändring, procent",1.8
"fast bruttoinvestering","1998","Volymförändring, procent",7.7
"fast bruttoinvestering","1999","Löpande priser, mnkr",479457
"fast bruttoinvestering","1999","Fasta priser referensår 2020, mnkr",702232
"fast bruttoinvestering","1999","Prisförändring, procent",2.4
"fast bruttoinvestering","1999","Volymförändring, procent",5.8
"fast bruttoinvestering","2000","Löpande priser, mnkr",523750
"fast bruttoinvestering","2000","Fasta priser referensår 2020, mnkr",742874
"fast bruttoinvestering","2000","Prisförändring, procent",3.3
"fast bruttoinvestering","2000","Volymförändring, procent",5.8
"fast bruttoinvestering","2001","Löpande priser, mnkr",555575
"fast bruttoinvestering","2001","Fasta priser referensår 2020, mnkr",761398
"fast bruttoinvestering","2001","Prisförändring, procent",3.5
"fast bruttoinvestering","2001","Volymförändring, procent",2.5
"fast bruttoinvestering","2002","Löpande priser, mnkr",564083
"fast bruttoinvestering","2002","Fasta priser referensår 2020, mnkr",754872
"fast bruttoinvestering","2002","Prisförändring, procent",2.4
"fast bruttoinvestering","2002","Volymförändring, procent",-0.9
"fast bruttoinvestering","2003","Löpande priser, mnkr",569972
"fast bruttoinvestering","2003","Fasta priser referensår 2020, mnkr",763473
"fast bruttoinvestering","2003","Prisförändring, procent",-0.1
"fast bruttoinvestering","2003","Volymförändring, procent",1.1
"fast bruttoinvestering","2004","Löpande priser, mnkr",603268
"fast bruttoinvestering","2004","Fasta priser referensår 2020, mnkr",804361
"fast bruttoinvestering","2004","Prisförändring, procent",0.5
"fast bruttoinvestering","2004","Volymförändring, procent",5.4
"fast bruttoinvestering","2005","Löpande priser, mnkr",629617
"fast bruttoinvestering","2005","Fasta priser referensår 2020, mnkr",829817
"fast bruttoinvestering","2005","Prisförändring, procent",1.2
"fast bruttoinvestering","2005","Volymförändring, procent",3.2
"fast bruttoinvestering","2006","Löpande priser, mnkr",703233
"fast bruttoinvestering","2006","Fasta priser referensår 2020, mnkr",913524
"fast bruttoinvestering","2006","Prisförändring, procent",1.5
"fast bruttoinvestering","2006","Volymförändring, procent",10.1
"fast bruttoinvestering","2007","Löpande priser, mnkr",778676
"fast bruttoinvestering","2007","Fasta priser referensår 2020, mnkr",990614
"fast bruttoinvestering","2007","Prisförändring, procent",2.1
"fast bruttoinvestering","2007","Volymförändring, procent",8.4
"fast bruttoinvestering","2008","Löpande priser, mnkr",813894
"fast bruttoinvestering","2008","Fasta priser referensår 2020, mnkr",995278
"fast bruttoinvestering","2008","Prisförändring, procent",4.0
"fast bruttoinvestering","2008","Volymförändring, procent",0.5
"fast bruttoinvestering","2009","Löpande priser, mnkr",733520
"fast bruttoinvestering","2009","Fasta priser referensår 2020, mnkr",872526
"fast bruttoinvestering","2009","Prisförändring, procent",2.8
"fast bruttoinvestering","2009","Volymförändring, procent",-12.3
"fast bruttoinvestering","2010","Löpande priser, mnkr",782994
"fast bruttoinvestering","2010","Fasta priser referensår 2020, mnkr",924965
"fast bruttoinvestering","2010","Prisförändring, procent",0.7
"fast bruttoinvestering","2010","Volymförändring, procent",6.0
"fast bruttoinvestering","2011","Löpande priser, mnkr",830127
"fast bruttoinvestering","2011","Fasta priser referensår 2020, mnkr",977269
"fast bruttoinvestering","2011","Prisförändring, procent",0.3
"fast bruttoinvestering","2011","Volymförändring, procent",5.7
"fast bruttoinvestering","2012","Löpande priser, mnkr",828987
"fast bruttoinvestering","2012","Fasta priser referensår 2020, mnkr",967756
"fast bruttoinvestering","2012","Prisförändring, procent",0.8
"fast bruttoinvestering","2012","Volymförändring, procent",-1.0
"fast bruttoinvestering","2013","Löpande priser, mnkr",835789
"fast bruttoinvestering","2013","Fasta priser referensår 2020, mnkr",967428
"fast bruttoinvestering","2013","Prisförändring, procent",0.9
"fast bruttoinvestering","2013","Volymförändring, procent",0.0
"fast bruttoinvestering","2014","Löpande priser, mnkr",899482
"fast bruttoinvestering","2014","Fasta priser referensår 2020, mnkr",1021406
"fast bruttoinvestering","2014","Prisförändring, procent",1.9
"fast bruttoinvestering","2014","Volymförändring, procent",5.6
"fast bruttoinvestering","2015","Löpande priser, mnkr",983314
"fast bruttoinvestering","2015","Fasta priser referensår 2020, mnkr",1092062
"fast bruttoinvestering","2015","Prisförändring, procent",2.2
"fast bruttoinvestering","2015","Volymförändring, procent",6.9
"fast bruttoinvestering","2016","Löpande priser, mnkr",1048624
"fast bruttoinvestering","2016","Fasta priser referensår 2020, mnkr",1145998
"fast bruttoinvestering","2016","Prisförändring, procent",1.6
"fast bruttoinvestering","2016","Volymförändring, procent",4.9
"fast bruttoinvestering","2017","Löpande priser, mnkr",1124621
"fast bruttoinvestering","2017","Fasta priser referensår 2020, mnkr",1192992
"fast bruttoinvestering","2017","Prisförändring, procent",3.0
"fast bruttoinvestering","2017","Volymförändring, procent",4.1
"fast bruttoinvestering","2018","Löpande priser, mnkr",1176008
"fast bruttoinvestering","2018","Fasta priser referensår 2020, mnkr",1208217
"fast bruttoinvestering","2018","Prisförändring, procent",3.3
"fast bruttoinvestering","2018","Volymförändring, procent",1.3
"fast bruttoinvestering","2019","Löpande priser, mnkr",1197155
"fast bruttoinvestering","2019","Fasta priser referensår 2020, mnkr",1209263
"fast bruttoinvestering","2019","Prisförändring, procent",1.7
"fast bruttoinvestering","2019","Volymförändring, procent",0.1
"fast bruttoinvestering","2020","Löpande priser, mnkr",1229784
"fast bruttoinvestering","2020","Fasta priser referensår 2020, mnkr",1229784
"fast bruttoinvestering","2020","Prisförändring, procent",1.0
"fast bruttoinvestering","2020","Volymförändring, procent",1.7
"fast bruttoinvestering","2021","Löpande priser, mnkr",1360714
"fast bruttoinvestering","2021","Fasta priser referensår 2020, mnkr",1312957
"fast bruttoinvestering","2021","Prisförändring, procent",3.6
"fast bruttoinvestering","2021","Volymförändring, procent",6.8
"fast bruttoinvestering","2022","Löpande priser, mnkr",1488467
"fast bruttoinvestering","2022","Fasta priser referensår 2020, mnkr",1315586
"fast bruttoinvestering","2022","Prisförändring, procent",9.2
"fast bruttoinvestering","2022","Volymförändring, procent",0.2
"fast bruttoinvestering","2023","Löpande priser, mnkr",1561103
"fast bruttoinvestering","2023","Fasta priser referensår 2020, mnkr",1317331
"fast bruttoinvestering","2023","Prisförändring, procent",4.7
"fast bruttoinvestering","2023","Volymförändring, procent",0.1
"fast bruttoinvestering","2024","Löpande priser, mnkr",1594801
"fast bruttoinvestering","2024","Fasta priser referensår 2020, mnkr",1309911
"fast bruttoinvestering","2024","Prisförändring, procent",2.7
"fast bruttoinvestering","2024","Volymförändring, procent",-0.6
"näringslivets fasta bruttoinv","1980","Löpande priser, mnkr",109546
"näringslivets fasta bruttoinv","1980","Fasta priser referensår 2020, mnkr",368078
"näringslivets fasta bruttoinv","1980","Prisförändring, procent",..
"näringslivets fasta bruttoinv","1980","Volymförändring, procent",..
"näringslivets fasta bruttoinv","1981","Löpande priser, mnkr",112830
"näringslivets fasta bruttoinv","1981","Fasta priser referensår 2020, mnkr",347629
"näringslivets fasta bruttoinv","1981","Prisförändring, procent",9.1
"näringslivets fasta bruttoinv","1981","Volymförändring, procent",-5.6
"näringslivets fasta bruttoinv","1982","Löpande priser, mnkr",123950
"näringslivets fasta bruttoinv","1982","Fasta priser referensår 2020, mnkr",354228
"näringslivets fasta bruttoinv","1982","Prisförändring, procent",7.8
"näringslivets fasta bruttoinv","1982","Volymförändring, procent",1.9
"näringslivets fasta bruttoinv","1983","Löpande priser, mnkr",142446
"näringslivets fasta bruttoinv","1983","Fasta priser referensår 2020, mnkr",370540
"näringslivets fasta bruttoinv","1983","Prisförändring, procent",9.9
"näringslivets fasta bruttoinv","1983","Volymförändring, procent",4.6
"näringslivets fasta bruttoinv","1984","Löpande priser, mnkr",165070
"näringslivets fasta bruttoinv","1984","Fasta priser referensår 2020, mnkr",406398
"näringslivets fasta bruttoinv","1984","Prisförändring, procent",5.7
"näringslivets fasta bruttoinv","1984","Volymförändring, procent",9.7
"näringslivets fasta bruttoinv","1985","Löpande priser, mnkr",189941
"näringslivets fasta bruttoinv","1985","Fasta priser referensår 2020, mnkr",442818
"näringslivets fasta bruttoinv","1985","Prisförändring, procent",5.6
"näringslivets fasta bruttoinv","1985","Volymförändring, procent",9.0
"näringslivets fasta bruttoinv","1986","Löpande priser, mnkr",200807
"näringslivets fasta bruttoinv","1986","Fasta priser referensår 2020, mnkr",451761
"näringslivets fasta bruttoinv","1986","Prisförändring, procent",3.6
"näringslivets fasta bruttoinv","1986","Volymförändring, procent",2.0
"näringslivets fasta bruttoinv","1987","Löpande priser, mnkr",226896
"näringslivets fasta bruttoinv","1987","Fasta priser referensår 2020, mnkr",478915
"näringslivets fasta bruttoinv","1987","Prisförändring, procent",6.6
"näringslivets fasta bruttoinv","1987","Volymförändring, procent",6.0
"näringslivets fasta bruttoinv","1988","Löpande priser, mnkr",257429
"näringslivets fasta bruttoinv","1988","Fasta priser referensår 2020, mnkr",501512
"näringslivets fasta bruttoinv","1988","Prisförändring, procent",8.3
"näringslivets fasta bruttoinv","1988","Volymförändring, procent",4.7
"näringslivets fasta bruttoinv","1989","Löpande priser, mnkr",308275
"näringslivets fasta bruttoinv","1989","Fasta priser referensår 2020, mnkr",551552
"näringslivets fasta bruttoinv","1989","Prisförändring, procent",8.9
"näringslivets fasta bruttoinv","1989","Volymförändring, procent",10.0
"näringslivets fasta bruttoinv","1990","Löpande priser, mnkr",338102
"näringslivets fasta bruttoinv","1990","Fasta priser referensår 2020, mnkr",554982
"näringslivets fasta bruttoinv","1990","Prisförändring, procent",9.0
"näringslivets fasta bruttoinv","1990","Volymförändring, procent",0.6
"näringslivets fasta bruttoinv","1991","Löpande priser, mnkr",318114
"näringslivets fasta bruttoinv","1991","Fasta priser referensår 2020, mnkr",498069
"näringslivets fasta bruttoinv","1991","Prisförändring, procent",4.8
"näringslivets fasta bruttoinv","1991","Volymförändring, procent",-10.3
"näringslivets fasta bruttoinv","1992","Löpande priser, mnkr",278595
"näringslivets fasta bruttoinv","1992","Fasta priser referensår 2020, mnkr",442119
"näringslivets fasta bruttoinv","1992","Prisförändring, procent",-1.3
"näringslivets fasta bruttoinv","1992","Volymförändring, procent",-11.2
"näringslivets fasta bruttoinv","1993","Löpande priser, mnkr",233424
"näringslivets fasta bruttoinv","1993","Fasta priser referensår 2020, mnkr",360297
"näringslivets fasta bruttoinv","1993","Prisförändring, procent",2.8
"näringslivets fasta bruttoinv","1993","Volymförändring, procent",-18.5
"näringslivets fasta bruttoinv","1994","Löpande priser, mnkr",244621
"näringslivets fasta bruttoinv","1994","Fasta priser referensår 2020, mnkr",379945
"näringslivets fasta bruttoinv","1994","Prisförändring, procent",-0.6
"näringslivets fasta bruttoinv","1994","Volymförändring, procent",5.5
"näringslivets fasta bruttoinv","1995","Löpande priser, mnkr",280003
"näringslivets fasta bruttoinv","1995","Fasta priser referensår 2020, mnkr",430210
"näringslivets fasta bruttoinv","1995","Prisförändring, procent",1.1
"näringslivets fasta bruttoinv","1995","Volymförändring, procent",13.2
"näringslivets fasta bruttoinv","1996","Löpande priser, mnkr",300415
"näringslivets fasta bruttoinv","1996","Fasta priser referensår 2020, mnkr",460788
"näringslivets fasta bruttoinv","1996","Prisförändring, procent",0.2
"näringslivets fasta bruttoinv","1996","Volymförändring, procent",7.1
"näringslivets fasta bruttoinv","1997","Löpande priser, mnkr",319037
"näringslivets fasta bruttoinv","1997","Fasta priser referensår 2020, mnkr",479647
"näringslivets fasta bruttoinv","1997","Prisförändring, procent",2.0
"näringslivets fasta bruttoinv","1997","Volymförändring, procent",4.1
"näringslivets fasta bruttoinv","1998","Löpande priser, mnkr",353799
"näringslivets fasta bruttoinv","1998","Fasta priser referensår 2020, mnkr",522051
"näringslivets fasta bruttoinv","1998","Prisförändring, procent",1.9
"näringslivets fasta bruttoinv","1998","Volymförändring, procent",8.8
"näringslivets fasta bruttoinv","1999","Löpande priser, mnkr",382531
"näringslivets fasta bruttoinv","1999","Fasta priser referensår 2020, mnkr",551413
"näringslivets fasta bruttoinv","1999","Prisförändring, procent",2.4
"näringslivets fasta bruttoinv","1999","Volymförändring, procent",5.6
"näringslivets fasta bruttoinv","2000","Löpande priser, mnkr",431146
"näringslivets fasta bruttoinv","2000","Fasta priser referensår 2020, mnkr",602715
"näringslivets fasta bruttoinv","2000","Prisförändring, procent",3.1
"näringslivets fasta bruttoinv","2000","Volymförändring, procent",9.3
"näringslivets fasta bruttoinv","2001","Löpande priser, mnkr",454480
"näringslivets fasta bruttoinv","2001","Fasta priser referensår 2020, mnkr",614282
"näringslivets fasta bruttoinv","2001","Prisförändring, procent",3.4
"näringslivets fasta bruttoinv","2001","Volymförändring, procent",1.9
"näringslivets fasta bruttoinv","2002","Löpande priser, mnkr",453438
"näringslivets fasta bruttoinv","2002","Fasta priser referensår 2020, mnkr",599402
"näringslivets fasta bruttoinv","2002","Prisförändring, procent",2.2
"näringslivets fasta bruttoinv","2002","Volymförändring, procent",-2.4
"näringslivets fasta bruttoinv","2003","Löpande priser, mnkr",459180
"näringslivets fasta bruttoinv","2003","Fasta priser referensår 2020, mnkr",609669
"näringslivets fasta bruttoinv","2003","Prisförändring, procent",-0.4
"näringslivets fasta bruttoinv","2003","Volymförändring, procent",1.7
"näringslivets fasta bruttoinv","2004","Löpande priser, mnkr",489690
"näringslivets fasta bruttoinv","2004","Fasta priser referensår 2020, mnkr",648843
"näringslivets fasta bruttoinv","2004","Prisförändring, procent",0.2
"näringslivets fasta bruttoinv","2004","Volymförändring, procent",6.4
"näringslivets fasta bruttoinv","2005","Löpande priser, mnkr",521720
"näringslivets fasta bruttoinv","2005","Fasta priser referensår 2020, mnkr",684298
"näringslivets fasta bruttoinv","2005","Prisförändring, procent",1.0
"näringslivets fasta bruttoinv","2005","Volymförändring, procent",5.5
"näringslivets fasta bruttoinv","2006","Löpande priser, mnkr",579875
"näringslivets fasta bruttoinv","2006","Fasta priser referensår 2020, mnkr",751608
"näringslivets fasta bruttoinv","2006","Prisförändring, procent",1.2
"näringslivets fasta bruttoinv","2006","Volymförändring, procent",9.8
"näringslivets fasta bruttoinv","2007","Löpande priser, mnkr",647817
"näringslivets fasta bruttoinv","2007","Fasta priser referensår 2020, mnkr",823709
"näringslivets fasta bruttoinv","2007","Prisförändring, procent",1.9
"näringslivets fasta bruttoinv","2007","Volymförändring, procent",9.6
"näringslivets fasta bruttoinv","2008","Löpande priser, mnkr",671232
"näringslivets fasta bruttoinv","2008","Fasta priser referensår 2020, mnkr",822482
"näringslivets fasta bruttoinv","2008","Prisförändring, procent",3.8
"näringslivets fasta bruttoinv","2008","Volymförändring, procent",-0.1
"näringslivets fasta bruttoinv","2009","Löpande priser, mnkr",589448
"näringslivets fasta bruttoinv","2009","Fasta priser referensår 2020, mnkr",701188
"näringslivets fasta bruttoinv","2009","Prisförändring, procent",3.0
"näringslivets fasta bruttoinv","2009","Volymförändring, procent",-14.7
"näringslivets fasta bruttoinv","2010","Löpande priser, mnkr",625775
"näringslivets fasta bruttoinv","2010","Fasta priser referensår 2020, mnkr",740377
"näringslivets fasta bruttoinv","2010","Prisförändring, procent",0.5
"näringslivets fasta bruttoinv","2010","Volymförändring, procent",5.6
"näringslivets fasta bruttoinv","2011","Löpande priser, mnkr",670366
"näringslivets fasta bruttoinv","2011","Fasta priser referensår 2020, mnkr",792924
"näringslivets fasta bruttoinv","2011","Prisförändring, procent",0.0
"näringslivets fasta bruttoinv","2011","Volymförändring, procent",7.1
"näringslivets fasta bruttoinv","2012","Löpande priser, mnkr",663082
"näringslivets fasta bruttoinv","2012","Fasta priser referensår 2020, mnkr",779351
"näringslivets fasta bruttoinv","2012","Prisförändring, procent",0.6
"näringslivets fasta bruttoinv","2012","Volymförändring, procent",-1.7
"näringslivets fasta bruttoinv","2013","Löpande priser, mnkr",665153
"näringslivets fasta bruttoinv","2013","Fasta priser referensår 2020, mnkr",773759
"näringslivets fasta bruttoinv","2013","Prisförändring, procent",1.0
"näringslivets fasta bruttoinv","2013","Volymförändring, procent",-0.7
"näringslivets fasta bruttoinv","2014","Löpande priser, mnkr",718805
"näringslivets fasta bruttoinv","2014","Fasta priser referensår 2020, mnkr",819254
"näringslivets fasta bruttoinv","2014","Prisförändring, procent",2.1
"näringslivets fasta bruttoinv","2014","Volymförändring, procent",5.9
"näringslivets fasta bruttoinv","2015","Löpande priser, mnkr",798701
"näringslivets fasta bruttoinv","2015","Fasta priser referensår 2020, mnkr",887977
"näringslivets fasta bruttoinv","2015","Prisförändring, procent",2.5
"näringslivets fasta bruttoinv","2015","Volymförändring, procent",8.4
"näringslivets fasta bruttoinv","2016","Löpande priser, mnkr",853222
"näringslivets fasta bruttoinv","2016","Fasta priser referensår 2020, mnkr",932190
"näringslivets fasta bruttoinv","2016","Prisförändring, procent",1.8
"näringslivets fasta bruttoinv","2016","Volymförändring, procent",5.0
"näringslivets fasta bruttoinv","2017","Löpande priser, mnkr",910962
"näringslivets fasta bruttoinv","2017","Fasta priser referensår 2020, mnkr",966526
"näringslivets fasta bruttoinv","2017","Prisförändring, procent",3.0
"näringslivets fasta bruttoinv","2017","Volymförändring, procent",3.7
"näringslivets fasta bruttoinv","2018","Löpande priser, mnkr",943794
"näringslivets fasta bruttoinv","2018","Fasta priser referensår 2020, mnkr",970943
"näringslivets fasta bruttoinv","2018","Prisförändring, procent",3.1
"näringslivets fasta bruttoinv","2018","Volymförändring, procent",0.5
"näringslivets fasta bruttoinv","2019","Löpande priser, mnkr",953799
"näringslivets fasta bruttoinv","2019","Fasta priser referensår 2020, mnkr",965951
"näringslivets fasta bruttoinv","2019","Prisförändring, procent",1.6
"näringslivets fasta bruttoinv","2019","Volymförändring, procent",-0.5
"näringslivets fasta bruttoinv","2020","Löpande priser, mnkr",972986
"näringslivets fasta bruttoinv","2020","Fasta priser referensår 2020, mnkr",972986
"näringslivets fasta bruttoinv","2020","Prisförändring, procent",1.3
"näringslivets fasta bruttoinv","2020","Volymförändring, procent",0.7
"näringslivets fasta bruttoinv","2021","Löpande priser, mnkr",1094491
"näringslivets fasta bruttoinv","2021","Fasta priser referensår 2020, mnkr",1061189
"näringslivets fasta bruttoinv","2021","Prisförändring, procent",3.1
"näringslivets fasta bruttoinv","2021","Volymförändring, procent",9.1
"näringslivets fasta bruttoinv","2022","Löpande priser, mnkr",1203518
"näringslivets fasta bruttoinv","2022","Fasta priser referensår 2020, mnkr",1074126
"näringslivets fasta bruttoinv","2022","Prisförändring, procent",8.6
"näringslivets fasta bruttoinv","2022","Volymförändring, procent",1.2
"näringslivets fasta bruttoinv","2023","Löpande priser, mnkr",1243717
"näringslivets fasta bruttoinv","2023","Fasta priser referensår 2020, mnkr",1059067
"näringslivets fasta bruttoinv","2023","Prisförändring, procent",4.8
"näringslivets fasta bruttoinv","2023","Volymförändring, procent",-1.4
"näringslivets fasta bruttoinv","2024","Löpande priser, mnkr",1257790
"näringslivets fasta bruttoinv","2024","Fasta priser referensår 2020, mnkr",1041714
"näringslivets fasta bruttoinv","2024","Prisförändring, procent",2.8
"näringslivets fasta bruttoinv","2024","Volymförändring, procent",-1.6
"hushållens icke-vinstdrivande organisationer fasta bruttoinv","1980","Löpande priser, mnkr",637
"hushållens icke-vinstdrivande organisationer fasta bruttoinv","1980","Fasta priser referensår 2020, mnkr",2540
"hushållens icke-vinstdrivande organisationer fasta bruttoinv","1980","Prisförändring, procent",..
"hushållens icke-vinstdrivande organisationer fasta bruttoinv","1980","Volymförändring, procent",..
"hushållens icke-vinstdrivande organisationer fasta bruttoinv","1981","Löpande priser, mnkr",749
"hushållens icke-vinstdrivande organisationer fasta bruttoinv","1981","Fasta priser referensår 2020, mnkr",2695
"hushållens icke-vinstdrivande organisationer fasta bruttoinv","1981","Prisförändring, procent",10.8
"hushållens icke-vinstdrivande organisationer fasta bruttoinv","1981","Volymförändring, procent",6.1
"hushållens icke-vinstdrivande organisationer fasta bruttoinv","1982","Löpande priser, mnkr",814
"hushållens icke-vinstdrivande organisationer fasta bruttoinv","1982","Fasta priser referensår 2020, mnkr",2742
"hushållens icke-vinstdrivande organisationer fasta bruttoinv","1982","Prisförändring, procent",6.8
"hushållens icke-vinstdrivande organisationer fasta bruttoinv","1982","Volymförändring, procent",1.7
"hushållens icke-vinstdrivande organisationer fasta bruttoinv","1983","Löpande priser, mnkr",903
"hushållens icke-vinstdrivande organisationer fasta bruttoinv","1983","Fasta priser referensår 2020, mnkr",2846
"hushållens icke-vinstdrivande organisationer fasta bruttoinv","1983","Prisförändring, procent",6.9
"hushållens icke-vinstdrivande organisationer fasta bruttoinv","1983","Volymförändring, procent",3.8
"hushållens icke-vinstdrivande organisationer fasta bruttoinv","1984","Löpande priser, mnkr",957
"hushållens icke-vinstdrivande organisationer fasta bruttoinv","1984","Fasta priser referensår 2020, mnkr",2900
"hushållens icke-vinstdrivande organisationer fasta bruttoinv","1984","Prisförändring, procent",4.0
"hushållens icke-vinstdrivande organisationer fasta bruttoinv","1984","Volymförändring, procent",1.9
"hushållens icke-vinstdrivande organisationer fasta bruttoinv","1985","Löpande priser, mnkr",1024
"hushållens icke-vinstdrivande organisationer fasta bruttoinv","1985","Fasta priser referensår 2020, mnkr",2924
"hushållens icke-vinstdrivande organisationer fasta bruttoinv","1985","Prisförändring, procent",6.1
"hushållens icke-vinstdrivande organisationer fasta bruttoinv","1985","Volymförändring, procent",0.8
"hushållens icke-vinstdrivande organisationer fasta bruttoinv","1986","Löpande priser, mnkr",1120
"hushållens icke-vinstdrivande organisationer fasta bruttoinv","1986","Fasta priser referensår 2020, mnkr",3072
"hushållens icke-vinstdrivande organisationer fasta bruttoinv","1986","Prisförändring, procent",4.1
"hushållens icke-vinstdrivande organisationer fasta bruttoinv","1986","Volymförändring, procent",5.1
"hushållens icke-vinstdrivande organisationer fasta bruttoinv","1987","Löpande priser, mnkr",1240
"hushållens icke-vinstdrivande organisationer fasta bruttoinv","1987","Fasta priser referensår 2020, mnkr",3209
"hushållens icke-vinstdrivande organisationer fasta bruttoinv","1987","Prisförändring, procent",6.0
"hushållens icke-vinstdrivande organisationer fasta bruttoinv","1987","Volymförändring, procent",4.5
"hushållens icke-vinstdrivande organisationer fasta bruttoinv","1988","Löpande priser, mnkr",1359
"hushållens icke-vinstdrivande organisationer fasta bruttoinv","1988","Fasta priser referensår 2020, mnkr",3305
"hushållens icke-vinstdrivande organisationer fasta bruttoinv","1988","Prisförändring, procent",6.4
"hushållens icke-vinstdrivande organisationer fasta bruttoinv","1988","Volymförändring, procent",3.0
"hushållens icke-vinstdrivande organisationer fasta bruttoinv","1989","Löpande priser, mnkr",1516
"hushållens icke-vinstdrivande organisationer fasta bruttoinv","1989","Fasta priser referensår 2020, mnkr",3424
"hushållens icke-vinstdrivande organisationer fasta bruttoinv","1989","Prisförändring, procent",7.7
"hushållens icke-vinstdrivande organisationer fasta bruttoinv","1989","Volymförändring, procent",3.6
"hushållens icke-vinstdrivande organisationer fasta bruttoinv","1990","Löpande priser, mnkr",1739
"hushållens icke-vinstdrivande organisationer fasta bruttoinv","1990","Fasta priser referensår 2020, mnkr",3546
"hushållens icke-vinstdrivande organisationer fasta bruttoinv","1990","Prisförändring, procent",10.8
"hushållens icke-vinstdrivande organisationer fasta bruttoinv","1990","Volymförändring, procent",3.6
"hushållens icke-vinstdrivande organisationer fasta bruttoinv","1991","Löpande priser, mnkr",1947
"hushållens icke-vinstdrivande organisationer fasta bruttoinv","1991","Fasta priser referensår 2020, mnkr",3732
"hushållens icke-vinstdrivande organisationer fasta bruttoinv","1991","Prisförändring, procent",6.4
"hushållens icke-vinstdrivande organisationer fasta bruttoinv","1991","Volymförändring, procent",5.2
"hushållens icke-vinstdrivande organisationer fasta bruttoinv","1992","Löpande priser, mnkr",2041
"hushållens icke-vinstdrivande organisationer fasta bruttoinv","1992","Fasta priser referensår 2020, mnkr",3786
"hushållens icke-vinstdrivande organisationer fasta bruttoinv","1992","Prisförändring, procent",3.3
"hushållens icke-vinstdrivande organisationer fasta bruttoinv","1992","Volymförändring, procent",1.4
"hushållens icke-vinstdrivande organisationer fasta bruttoinv","1993","Löpande priser, mnkr",2597
"hushållens icke-vinstdrivande organisationer fasta bruttoinv","1993","Fasta priser referensår 2020, mnkr",4467
"hushållens icke-vinstdrivande organisationer fasta bruttoinv","1993","Prisförändring, procent",7.8
"hushållens icke-vinstdrivande organisationer fasta bruttoinv","1993","Volymförändring, procent",18.0
"hushållens icke-vinstdrivande organisationer fasta bruttoinv","1994","Löpande priser, mnkr",2049
"hushållens icke-vinstdrivande organisationer fasta bruttoinv","1994","Fasta priser referensår 2020, mnkr",3557
"hushållens icke-vinstdrivande organisationer fasta bruttoinv","1994","Prisförändring, procent",-0.9
"hushållens icke-vinstdrivande organisationer fasta bruttoinv","1994","Volymförändring, procent",-20.4
"hushållens icke-vinstdrivande organisationer fasta bruttoinv","1995","Löpande priser, mnkr",2231
"hushållens icke-vinstdrivande organisationer fasta bruttoinv","1995","Fasta priser referensår 2020, mnkr",3906
"hushållens icke-vinstdrivande organisationer fasta bruttoinv","1995","Prisförändring, procent",-0.8
"hushållens icke-vinstdrivande organisationer fasta bruttoinv","1995","Volymförändring, procent",9.8
"hushållens icke-vinstdrivande organisationer fasta bruttoinv","1996","Löpande priser, mnkr",1875
"hushållens icke-vinstdrivande organisationer fasta bruttoinv","1996","Fasta priser referensår 2020, mnkr",3218
"hushållens icke-vinstdrivande organisationer fasta bruttoinv","1996","Prisförändring, procent",2.0
"hushållens icke-vinstdrivande organisationer fasta bruttoinv","1996","Volymförändring, procent",-17.6
"hushållens icke-vinstdrivande organisationer fasta bruttoinv","1997","Löpande priser, mnkr",1971
"hushållens icke-vinstdrivande organisationer fasta bruttoinv","1997","Fasta priser referensår 2020, mnkr",3233
"hushållens icke-vinstdrivande organisationer fasta bruttoinv","1997","Prisförändring, procent",4.6
"hushållens icke-vinstdrivande organisationer fasta bruttoinv","1997","Volymförändring, procent",0.5
"hushållens icke-vinstdrivande organisationer fasta bruttoinv","1998","Löpande priser, mnkr",1967
"hushållens icke-vinstdrivande organisationer fasta bruttoinv","1998","Fasta priser referensår 2020, mnkr",3156
"hushållens icke-vinstdrivande organisationer fasta bruttoinv","1998","Prisförändring, procent",2.2
"hushållens icke-vinstdrivande organisationer fasta bruttoinv","1998","Volymförändring, procent",-2.4
"hushållens icke-vinstdrivande organisationer fasta bruttoinv","1999","Löpande priser, mnkr",2028
"hushållens icke-vinstdrivande organisationer fasta bruttoinv","1999","Fasta priser referensår 2020, mnkr",3161
"hushållens icke-vinstdrivande organisationer fasta bruttoinv","1999","Prisförändring, procent",2.9
"hushållens icke-vinstdrivande organisationer fasta bruttoinv","1999","Volymförändring, procent",0.2
"hushållens icke-vinstdrivande organisationer fasta bruttoinv","2000","Löpande priser, mnkr",3566
"hushållens icke-vinstdrivande organisationer fasta bruttoinv","2000","Fasta priser referensår 2020, mnkr",5402
"hushållens icke-vinstdrivande organisationer fasta bruttoinv","2000","Prisförändring, procent",2.9
"hushållens icke-vinstdrivande organisationer fasta bruttoinv","2000","Volymförändring, procent",70.9
"hushållens icke-vinstdrivande organisationer fasta bruttoinv","2001","Löpande priser, mnkr",3786
"hushållens icke-vinstdrivande organisationer fasta bruttoinv","2001","Fasta priser referensår 2020, mnkr",5493
"hushållens icke-vinstdrivande organisationer fasta bruttoinv","2001","Prisförändring, procent",4.4
"hushållens icke-vinstdrivande organisationer fasta bruttoinv","2001","Volymförändring, procent",1.7
"hushållens icke-vinstdrivande organisationer fasta bruttoinv","2002","Löpande priser, mnkr",3654
"hushållens icke-vinstdrivande organisationer fasta bruttoinv","2002","Fasta priser referensår 2020, mnkr",5161
"hushållens icke-vinstdrivande organisationer fasta bruttoinv","2002","Prisförändring, procent",2.7
"hushållens icke-vinstdrivande organisationer fasta bruttoinv","2002","Volymförändring, procent",-6.0
"hushållens icke-vinstdrivande organisationer fasta bruttoinv","2003","Löpande priser, mnkr",3560
"hushållens icke-vinstdrivande organisationer fasta bruttoinv","2003","Fasta priser referensår 2020, mnkr",4969
"hushållens icke-vinstdrivande organisationer fasta bruttoinv","2003","Prisförändring, procent",1.2
"hushållens icke-vinstdrivande organisationer fasta bruttoinv","2003","Volymförändring, procent",-3.7
"hushållens icke-vinstdrivande organisationer fasta bruttoinv","2004","Löpande priser, mnkr",3572
"hushållens icke-vinstdrivande organisationer fasta bruttoinv","2004","Fasta priser referensår 2020, mnkr",4909
"hushållens icke-vinstdrivande organisationer fasta bruttoinv","2004","Prisförändring, procent",1.6
"hushållens icke-vinstdrivande organisationer fasta bruttoinv","2004","Volymförändring, procent",-1.2
"hushållens icke-vinstdrivande organisationer fasta bruttoinv","2005","Löpande priser, mnkr",3593
"hushållens icke-vinstdrivande organisationer fasta bruttoinv","2005","Fasta priser referensår 2020, mnkr",4871
"hushållens icke-vinstdrivande organisationer fasta bruttoinv","2005","Prisförändring, procent",1.4
"hushållens icke-vinstdrivande organisationer fasta bruttoinv","2005","Volymförändring, procent",-0.8
"hushållens icke-vinstdrivande organisationer fasta bruttoinv","2006","Löpande priser, mnkr",3704
"hushållens icke-vinstdrivande organisationer fasta bruttoinv","2006","Fasta priser referensår 2020, mnkr",4941
"hushållens icke-vinstdrivande organisationer fasta bruttoinv","2006","Prisförändring, procent",1.6
"hushållens icke-vinstdrivande organisationer fasta bruttoinv","2006","Volymförändring, procent",1.4
"hushållens icke-vinstdrivande organisationer fasta bruttoinv","2007","Löpande priser, mnkr",3859
"hushållens icke-vinstdrivande organisationer fasta bruttoinv","2007","Fasta priser referensår 2020, mnkr",4977
"hushållens icke-vinstdrivande organisationer fasta bruttoinv","2007","Prisförändring, procent",3.4
"hushållens icke-vinstdrivande organisationer fasta bruttoinv","2007","Volymförändring, procent",0.7
"hushållens icke-vinstdrivande organisationer fasta bruttoinv","2008","Löpande priser, mnkr",4117
"hushållens icke-vinstdrivande organisationer fasta bruttoinv","2008","Fasta priser referensår 2020, mnkr",5043
"hushållens icke-vinstdrivande organisationer fasta bruttoinv","2008","Prisförändring, procent",5.3
"hushållens icke-vinstdrivande organisationer fasta bruttoinv","2008","Volymförändring, procent",1.3
"hushållens icke-vinstdrivande organisationer fasta bruttoinv","2009","Löpande priser, mnkr",3667
"hushållens icke-vinstdrivande organisationer fasta bruttoinv","2009","Fasta priser referensår 2020, mnkr",4369
"hushållens icke-vinstdrivande organisationer fasta bruttoinv","2009","Prisförändring, procent",2.8
"hushållens icke-vinstdrivande organisationer fasta bruttoinv","2009","Volymförändring, procent",-13.4
"hushållens icke-vinstdrivande organisationer fasta bruttoinv","2010","Löpande priser, mnkr",3790
"hushållens icke-vinstdrivande organisationer fasta bruttoinv","2010","Fasta priser referensår 2020, mnkr",4485
"hushållens icke-vinstdrivande organisationer fasta bruttoinv","2010","Prisförändring, procent",0.7
"hushållens icke-vinstdrivande organisationer fasta bruttoinv","2010","Volymförändring, procent",2.7
"hushållens icke-vinstdrivande organisationer fasta bruttoinv","2011","Löpande priser, mnkr",3775
"hushållens icke-vinstdrivande organisationer fasta bruttoinv","2011","Fasta priser referensår 2020, mnkr",4396
"hushållens icke-vinstdrivande organisationer fasta bruttoinv","2011","Prisförändring, procent",1.6
"hushållens icke-vinstdrivande organisationer fasta bruttoinv","2011","Volymförändring, procent",-2.0
"hushållens icke-vinstdrivande organisationer fasta bruttoinv","2012","Löpande priser, mnkr",4114
"hushållens icke-vinstdrivande organisationer fasta bruttoinv","2012","Fasta priser referensår 2020, mnkr",4714
"hushållens icke-vinstdrivande organisationer fasta bruttoinv","2012","Prisförändring, procent",1.6
"hushållens icke-vinstdrivande organisationer fasta bruttoinv","2012","Volymförändring, procent",7.2
"hushållens icke-vinstdrivande organisationer fasta bruttoinv","2013","Löpande priser, mnkr",4917
"hushållens icke-vinstdrivande organisationer fasta bruttoinv","2013","Fasta priser referensår 2020, mnkr",5638
"hushållens icke-vinstdrivande organisationer fasta bruttoinv","2013","Prisförändring, procent",-0.1
"hushållens icke-vinstdrivande organisationer fasta bruttoinv","2013","Volymförändring, procent",19.6
"hushållens icke-vinstdrivande organisationer fasta bruttoinv","2014","Löpande priser, mnkr",5149
"hushållens icke-vinstdrivande organisationer fasta bruttoinv","2014","Fasta priser referensår 2020, mnkr",5748
"hushållens icke-vinstdrivande organisationer fasta bruttoinv","2014","Prisförändring, procent",2.7
"hushållens icke-vinstdrivande organisationer fasta bruttoinv","2014","Volymförändring, procent",2.0
"hushållens icke-vinstdrivande organisationer fasta bruttoinv","2015","Löpande priser, mnkr",4969
"hushållens icke-vinstdrivande organisationer fasta bruttoinv","2015","Fasta priser referensår 2020, mnkr",5424
"hushållens icke-vinstdrivande organisationer fasta bruttoinv","2015","Prisförändring, procent",2.3
"hushållens icke-vinstdrivande organisationer fasta bruttoinv","2015","Volymförändring, procent",-5.6
"hushållens icke-vinstdrivande organisationer fasta bruttoinv","2016","Löpande priser, mnkr",5202
"hushållens icke-vinstdrivande organisationer fasta bruttoinv","2016","Fasta priser referensår 2020, mnkr",5612
"hushållens icke-vinstdrivande organisationer fasta bruttoinv","2016","Prisförändring, procent",1.2
"hushållens icke-vinstdrivande organisationer fasta bruttoinv","2016","Volymförändring, procent",3.5
"hushållens icke-vinstdrivande organisationer fasta bruttoinv","2017","Löpande priser, mnkr",5610
"hushållens icke-vinstdrivande organisationer fasta bruttoinv","2017","Fasta priser referensår 2020, mnkr",5934
"hushållens icke-vinstdrivande organisationer fasta bruttoinv","2017","Prisförändring, procent",2.0
"hushållens icke-vinstdrivande organisationer fasta bruttoinv","2017","Volymförändring, procent",5.7
"hushållens icke-vinstdrivande organisationer fasta bruttoinv","2018","Löpande priser, mnkr",5013
"hushållens icke-vinstdrivande organisationer fasta bruttoinv","2018","Fasta priser referensår 2020, mnkr",5164
"hushållens icke-vinstdrivande organisationer fasta bruttoinv","2018","Prisförändring, procent",2.7
"hushållens icke-vinstdrivande organisationer fasta bruttoinv","2018","Volymförändring, procent",-13.0
"hushållens icke-vinstdrivande organisationer fasta bruttoinv","2019","Löpande priser, mnkr",5168
"hushållens icke-vinstdrivande organisationer fasta bruttoinv","2019","Fasta priser referensår 2020, mnkr",5209
"hushållens icke-vinstdrivande organisationer fasta bruttoinv","2019","Prisförändring, procent",2.2
"hushållens icke-vinstdrivande organisationer fasta bruttoinv","2019","Volymförändring, procent",0.9
"hushållens icke-vinstdrivande organisationer fasta bruttoinv","2020","Löpande priser, mnkr",5745
"hushållens icke-vinstdrivande organisationer fasta bruttoinv","2020","Fasta priser referensår 2020, mnkr",5745
"hushållens icke-vinstdrivande organisationer fasta bruttoinv","2020","Prisförändring, procent",0.8
"hushållens icke-vinstdrivande organisationer fasta bruttoinv","2020","Volymförändring, procent",10.3
"hushållens icke-vinstdrivande organisationer fasta bruttoinv","2021","Löpande priser, mnkr",7310
"hushållens icke-vinstdrivande organisationer fasta bruttoinv","2021","Fasta priser referensår 2020, mnkr",7024
"hushållens icke-vinstdrivande organisationer fasta bruttoinv","2021","Prisförändring, procent",4.1
"hushållens icke-vinstdrivande organisationer fasta bruttoinv","2021","Volymförändring, procent",22.3
"hushållens icke-vinstdrivande organisationer fasta bruttoinv","2022","Löpande priser, mnkr",5029
"hushållens icke-vinstdrivande organisationer fasta bruttoinv","2022","Fasta priser referensår 2020, mnkr",4416
"hushållens icke-vinstdrivande organisationer fasta bruttoinv","2022","Prisförändring, procent",9.4
"hushållens icke-vinstdrivande organisationer fasta bruttoinv","2022","Volymförändring, procent",-37.1
"hushållens icke-vinstdrivande organisationer fasta bruttoinv","2023","Löpande priser, mnkr",5678
"hushållens icke-vinstdrivande organisationer fasta bruttoinv","2023","Fasta priser referensår 2020, mnkr",4744
"hushållens icke-vinstdrivande organisationer fasta bruttoinv","2023","Prisförändring, procent",5.1
"hushållens icke-vinstdrivande organisationer fasta bruttoinv","2023","Volymförändring, procent",7.4
"hushållens icke-vinstdrivande organisationer fasta bruttoinv","2024","Löpande priser, mnkr",7939
"hushållens icke-vinstdrivande organisationer fasta bruttoinv","2024","Fasta priser referensår 2020, mnkr",6397
"hushållens icke-vinstdrivande organisationer fasta bruttoinv","2024","Prisförändring, procent",3.7
"hushållens icke-vinstdrivande organisationer fasta bruttoinv","2024","Volymförändring, procent",34.8
"statliga myndigheters fasta bruttoinv","1980","Löpande priser, mnkr",13322
"statliga myndigheters fasta bruttoinv","1980","Fasta priser referensår 2020, mnkr",45757
"statliga myndigheters fasta bruttoinv","1980","Prisförändring, procent",..
"statliga myndigheters fasta bruttoinv","1980","Volymförändring, procent",..
"statliga myndigheters fasta bruttoinv","1981","Löpande priser, mnkr",14831
"statliga myndigheters fasta bruttoinv","1981","Fasta priser referensår 2020, mnkr",46502
"statliga myndigheters fasta bruttoinv","1981","Prisförändring, procent",9.5
"statliga myndigheters fasta bruttoinv","1981","Volymförändring, procent",1.6
"statliga myndigheters fasta bruttoinv","1982","Löpande priser, mnkr",16210
"statliga myndigheters fasta bruttoinv","1982","Fasta priser referensår 2020, mnkr",46922
"statliga myndigheters fasta bruttoinv","1982","Prisförändring, procent",8.3
"statliga myndigheters fasta bruttoinv","1982","Volymförändring, procent",0.9
"statliga myndigheters fasta bruttoinv","1983","Löpande priser, mnkr",18012
"statliga myndigheters fasta bruttoinv","1983","Fasta priser referensår 2020, mnkr",47243
"statliga myndigheters fasta bruttoinv","1983","Prisförändring, procent",10.4
"statliga myndigheters fasta bruttoinv","1983","Volymförändring, procent",0.7
"statliga myndigheters fasta bruttoinv","1984","Löpande priser, mnkr",20090
"statliga myndigheters fasta bruttoinv","1984","Fasta priser referensår 2020, mnkr",49391
"statliga myndigheters fasta bruttoinv","1984","Prisförändring, procent",6.7
"statliga myndigheters fasta bruttoinv","1984","Volymförändring, procent",4.5
"statliga myndigheters fasta bruttoinv","1985","Löpande priser, mnkr",21597
"statliga myndigheters fasta bruttoinv","1985","Fasta priser referensår 2020, mnkr",50478
"statliga myndigheters fasta bruttoinv","1985","Prisförändring, procent",5.2
"statliga myndigheters fasta bruttoinv","1985","Volymförändring, procent",2.2
"statliga myndigheters fasta bruttoinv","1986","Löpande priser, mnkr",23107
"statliga myndigheters fasta bruttoinv","1986","Fasta priser referensår 2020, mnkr",51146
"statliga myndigheters fasta bruttoinv","1986","Prisförändring, procent",5.6
"statliga myndigheters fasta bruttoinv","1986","Volymförändring, procent",1.3
"statliga myndigheters fasta bruttoinv","1987","Löpande priser, mnkr",25518
"statliga myndigheters fasta bruttoinv","1987","Fasta priser referensår 2020, mnkr",54406
"statliga myndigheters fasta bruttoinv","1987","Prisförändring, procent",3.8
"statliga myndigheters fasta bruttoinv","1987","Volymförändring, procent",6.4
"statliga myndigheters fasta bruttoinv","1988","Löpande priser, mnkr",27914
"statliga myndigheters fasta bruttoinv","1988","Fasta priser referensår 2020, mnkr",56538
"statliga myndigheters fasta bruttoinv","1988","Prisförändring, procent",5.3
"statliga myndigheters fasta bruttoinv","1988","Volymförändring, procent",3.9
"statliga myndigheters fasta bruttoinv","1989","Löpande priser, mnkr",34520
"statliga myndigheters fasta bruttoinv","1989","Fasta priser referensår 2020, mnkr",65930
"statliga myndigheters fasta bruttoinv","1989","Prisförändring, procent",6.0
"statliga myndigheters fasta bruttoinv","1989","Volymförändring, procent",16.6
"statliga myndigheters fasta bruttoinv","1990","Löpande priser, mnkr",38308
"statliga myndigheters fasta bruttoinv","1990","Fasta priser referensår 2020, mnkr",69060
"statliga myndigheters fasta bruttoinv","1990","Prisförändring, procent",5.9
"statliga myndigheters fasta bruttoinv","1990","Volymförändring, procent",4.7
"statliga myndigheters fasta bruttoinv","1991","Löpande priser, mnkr",43084
"statliga myndigheters fasta bruttoinv","1991","Fasta priser referensår 2020, mnkr",70390
"statliga myndigheters fasta bruttoinv","1991","Prisförändring, procent",10.3
"statliga myndigheters fasta bruttoinv","1991","Volymförändring, procent",1.9
"statliga myndigheters fasta bruttoinv","1992","Löpande priser, mnkr",44884
"statliga myndigheters fasta bruttoinv","1992","Fasta priser referensår 2020, mnkr",75246
"statliga myndigheters fasta bruttoinv","1992","Prisförändring, procent",-2.5
"statliga myndigheters fasta bruttoinv","1992","Volymförändring, procent",6.9
"statliga myndigheters fasta bruttoinv","1993","Löpande priser, mnkr",52691
"statliga myndigheters fasta bruttoinv","1993","Fasta priser referensår 2020, mnkr",84989
"statliga myndigheters fasta bruttoinv","1993","Prisförändring, procent",3.9
"statliga myndigheters fasta bruttoinv","1993","Volymförändring, procent",12.9
"statliga myndigheters fasta bruttoinv","1994","Löpande priser, mnkr",60169
"statliga myndigheters fasta bruttoinv","1994","Fasta priser referensår 2020, mnkr",97311
"statliga myndigheters fasta bruttoinv","1994","Prisförändring, procent",-0.3
"statliga myndigheters fasta bruttoinv","1994","Volymförändring, procent",14.5
"statliga myndigheters fasta bruttoinv","1995","Löpande priser, mnkr",57552
"statliga myndigheters fasta bruttoinv","1995","Fasta priser referensår 2020, mnkr",90357
"statliga myndigheters fasta bruttoinv","1995","Prisförändring, procent",3.0
"statliga myndigheters fasta bruttoinv","1995","Volymförändring, procent",-7.1
"statliga myndigheters fasta bruttoinv","1996","Löpande priser, mnkr",58913
"statliga myndigheters fasta bruttoinv","1996","Fasta priser referensår 2020, mnkr",92020
"statliga myndigheters fasta bruttoinv","1996","Prisförändring, procent",0.5
"statliga myndigheters fasta bruttoinv","1996","Volymförändring, procent",1.8
"statliga myndigheters fasta bruttoinv","1997","Löpande priser, mnkr",52634
"statliga myndigheters fasta bruttoinv","1997","Fasta priser referensår 2020, mnkr",82872
"statliga myndigheters fasta bruttoinv","1997","Prisförändring, procent",-0.8
"statliga myndigheters fasta bruttoinv","1997","Volymförändring, procent",-9.9
"statliga myndigheters fasta bruttoinv","1998","Löpande priser, mnkr",57114
"statliga myndigheters fasta bruttoinv","1998","Fasta priser referensår 2020, mnkr",88990
"statliga myndigheters fasta bruttoinv","1998","Prisförändring, procent",1.1
"statliga myndigheters fasta bruttoinv","1998","Volymförändring, procent",7.4
"statliga myndigheters fasta bruttoinv","1999","Löpande priser, mnkr",61399
"statliga myndigheters fasta bruttoinv","1999","Fasta priser referensår 2020, mnkr",93521
"statliga myndigheters fasta bruttoinv","1999","Prisförändring, procent",2.3
"statliga myndigheters fasta bruttoinv","1999","Volymförändring, procent",5.1
"statliga myndigheters fasta bruttoinv","2000","Löpande priser, mnkr",57425
"statliga myndigheters fasta bruttoinv","2000","Fasta priser referensår 2020, mnkr",83750
"statliga myndigheters fasta bruttoinv","2000","Prisförändring, procent",4.4
"statliga myndigheters fasta bruttoinv","2000","Volymförändring, procent",-10.4
"statliga myndigheters fasta bruttoinv","2001","Löpande priser, mnkr",61953
"statliga myndigheters fasta bruttoinv","2001","Fasta priser referensår 2020, mnkr",87072
"statliga myndigheters fasta bruttoinv","2001","Prisförändring, procent",3.8
"statliga myndigheters fasta bruttoinv","2001","Volymförändring, procent",4.0
"statliga myndigheters fasta bruttoinv","2002","Löpande priser, mnkr",67365
"statliga myndigheters fasta bruttoinv","2002","Fasta priser referensår 2020, mnkr",91981
"statliga myndigheters fasta bruttoinv","2002","Prisförändring, procent",2.9
"statliga myndigheters fasta bruttoinv","2002","Volymförändring, procent",5.6
"statliga myndigheters fasta bruttoinv","2003","Löpande priser, mnkr",69639
"statliga myndigheters fasta bruttoinv","2003","Fasta priser referensår 2020, mnkr",94398
"statliga myndigheters fasta bruttoinv","2003","Prisförändring, procent",0.7
"statliga myndigheters fasta bruttoinv","2003","Volymförändring, procent",2.6
"statliga myndigheters fasta bruttoinv","2004","Löpande priser, mnkr",73578
"statliga myndigheters fasta bruttoinv","2004","Fasta priser referensår 2020, mnkr",98473
"statliga myndigheters fasta bruttoinv","2004","Prisförändring, procent",1.3
"statliga myndigheters fasta bruttoinv","2004","Volymförändring, procent",4.3
"statliga myndigheters fasta bruttoinv","2005","Löpande priser, mnkr",64630
"statliga myndigheters fasta bruttoinv","2005","Fasta priser referensår 2020, mnkr",84705
"statliga myndigheters fasta bruttoinv","2005","Prisförändring, procent",2.1
"statliga myndigheters fasta bruttoinv","2005","Volymförändring, procent",-14.0
"statliga myndigheters fasta bruttoinv","2006","Löpande priser, mnkr",73076
"statliga myndigheters fasta bruttoinv","2006","Fasta priser referensår 2020, mnkr",93013
"statliga myndigheters fasta bruttoinv","2006","Prisförändring, procent",3.0
"statliga myndigheters fasta bruttoinv","2006","Volymförändring, procent",9.8
"statliga myndigheters fasta bruttoinv","2007","Löpande priser, mnkr",75893
"statliga myndigheters fasta bruttoinv","2007","Fasta priser referensår 2020, mnkr",94030
"statliga myndigheters fasta bruttoinv","2007","Prisförändring, procent",2.7
"statliga myndigheters fasta bruttoinv","2007","Volymförändring, procent",1.1
"statliga myndigheters fasta bruttoinv","2008","Löpande priser, mnkr",83829
"statliga myndigheters fasta bruttoinv","2008","Fasta priser referensår 2020, mnkr",98596
"statliga myndigheters fasta bruttoinv","2008","Prisförändring, procent",5.3
"statliga myndigheters fasta bruttoinv","2008","Volymförändring, procent",4.9
"statliga myndigheters fasta bruttoinv","2009","Löpande priser, mnkr",85666
"statliga myndigheters fasta bruttoinv","2009","Fasta priser referensår 2020, mnkr",99373
"statliga myndigheters fasta bruttoinv","2009","Prisförändring, procent",1.4
"statliga myndigheters fasta bruttoinv","2009","Volymförändring, procent",0.8
"statliga myndigheters fasta bruttoinv","2010","Löpande priser, mnkr",93199
"statliga myndigheters fasta bruttoinv","2010","Fasta priser referensår 2020, mnkr",107207
"statliga myndigheters fasta bruttoinv","2010","Prisförändring, procent",0.8
"statliga myndigheters fasta bruttoinv","2010","Volymförändring, procent",7.9
"statliga myndigheters fasta bruttoinv","2011","Löpande priser, mnkr",91945
"statliga myndigheters fasta bruttoinv","2011","Fasta priser referensår 2020, mnkr",104865
"statliga myndigheters fasta bruttoinv","2011","Prisförändring, procent",0.9
"statliga myndigheters fasta bruttoinv","2011","Volymförändring, procent",-2.2
"statliga myndigheters fasta bruttoinv","2012","Löpande priser, mnkr",93264
"statliga myndigheters fasta bruttoinv","2012","Fasta priser referensår 2020, mnkr",104442
"statliga myndigheters fasta bruttoinv","2012","Prisförändring, procent",1.8
"statliga myndigheters fasta bruttoinv","2012","Volymförändring, procent",-0.4
"statliga myndigheters fasta bruttoinv","2013","Löpande priser, mnkr",90479
"statliga myndigheters fasta bruttoinv","2013","Fasta priser referensår 2020, mnkr",101398
"statliga myndigheters fasta bruttoinv","2013","Prisförändring, procent",-0.1
"statliga myndigheters fasta bruttoinv","2013","Volymförändring, procent",-2.9
"statliga myndigheters fasta bruttoinv","2014","Löpande priser, mnkr",89100
"statliga myndigheters fasta bruttoinv","2014","Fasta priser referensår 2020, mnkr",98609
"statliga myndigheters fasta bruttoinv","2014","Prisförändring, procent",1.3
"statliga myndigheters fasta bruttoinv","2014","Volymförändring, procent",-2.8
"statliga myndigheters fasta bruttoinv","2015","Löpande priser, mnkr",87225
"statliga myndigheters fasta bruttoinv","2015","Fasta priser referensår 2020, mnkr",95740
"statliga myndigheters fasta bruttoinv","2015","Prisförändring, procent",0.8
"statliga myndigheters fasta bruttoinv","2015","Volymförändring, procent",-2.9
"statliga myndigheters fasta bruttoinv","2016","Löpande priser, mnkr",93905
"statliga myndigheters fasta bruttoinv","2016","Fasta priser referensår 2020, mnkr",102248
"statliga myndigheters fasta bruttoinv","2016","Prisförändring, procent",0.8
"statliga myndigheters fasta bruttoinv","2016","Volymförändring, procent",6.8
"statliga myndigheters fasta bruttoinv","2017","Löpande priser, mnkr",99580
"statliga myndigheters fasta bruttoinv","2017","Fasta priser referensår 2020, mnkr",104687
"statliga myndigheters fasta bruttoinv","2017","Prisförändring, procent",3.6
"statliga myndigheters fasta bruttoinv","2017","Volymförändring, procent",2.4
"statliga myndigheters fasta bruttoinv","2018","Löpande priser, mnkr",104595
"statliga myndigheters fasta bruttoinv","2018","Fasta priser referensår 2020, mnkr",106068
"statliga myndigheters fasta bruttoinv","2018","Prisförändring, procent",3.7
"statliga myndigheters fasta bruttoinv","2018","Volymförändring, procent",1.3
"statliga myndigheters fasta bruttoinv","2019","Löpande priser, mnkr",110311
"statliga myndigheters fasta bruttoinv","2019","Fasta priser referensår 2020, mnkr",110024
"statliga myndigheters fasta bruttoinv","2019","Prisförändring, procent",1.7
"statliga myndigheters fasta bruttoinv","2019","Volymförändring, procent",3.7
"statliga myndigheters fasta bruttoinv","2020","Löpande priser, mnkr",127104
"statliga myndigheters fasta bruttoinv","2020","Fasta priser referensår 2020, mnkr",127104
"statliga myndigheters fasta bruttoinv","2020","Prisförändring, procent",-0.3
"statliga myndigheters fasta bruttoinv","2020","Volymförändring, procent",15.5
"statliga myndigheters fasta bruttoinv","2021","Löpande priser, mnkr",134648
"statliga myndigheters fasta bruttoinv","2021","Fasta priser referensår 2020, mnkr",126989
"statliga myndigheters fasta bruttoinv","2021","Prisförändring, procent",6.0
"statliga myndigheters fasta bruttoinv","2021","Volymförändring, procent",-0.1
"statliga myndigheters fasta bruttoinv","2022","Löpande priser, mnkr",150717
"statliga myndigheters fasta bruttoinv","2022","Fasta priser referensår 2020, mnkr",128015
"statliga myndigheters fasta bruttoinv","2022","Prisförändring, procent",11.0
"statliga myndigheters fasta bruttoinv","2022","Volymförändring, procent",0.8
"statliga myndigheters fasta bruttoinv","2023","Löpande priser, mnkr",165117
"statliga myndigheters fasta bruttoinv","2023","Fasta priser referensår 2020, mnkr",134612
"statliga myndigheters fasta bruttoinv","2023","Prisförändring, procent",4.2
"statliga myndigheters fasta bruttoinv","2023","Volymförändring, procent",5.2
"statliga myndigheters fasta bruttoinv","2024","Löpande priser, mnkr",174256
"statliga myndigheters fasta bruttoinv","2024","Fasta priser referensår 2020, mnkr",138723
"statliga myndigheters fasta bruttoinv","2024","Prisförändring, procent",2.4
"statliga myndigheters fasta bruttoinv","2024","Volymförändring, procent",3.1
"kommunala myndigheters fasta bruttoinv","1980","Löpande priser, mnkr",13882
"kommunala myndigheters fasta bruttoinv","1980","Fasta priser referensår 2020, mnkr",50379
"kommunala myndigheters fasta bruttoinv","1980","Prisförändring, procent",..
"kommunala myndigheters fasta bruttoinv","1980","Volymförändring, procent",..
"kommunala myndigheters fasta bruttoinv","1981","Löpande priser, mnkr",15330
"kommunala myndigheters fasta bruttoinv","1981","Fasta priser referensår 2020, mnkr",50648
"kommunala myndigheters fasta bruttoinv","1981","Prisförändring, procent",9.8
"kommunala myndigheters fasta bruttoinv","1981","Volymförändring, procent",0.5
"kommunala myndigheters fasta bruttoinv","1982","Löpande priser, mnkr",15629
"kommunala myndigheters fasta bruttoinv","1982","Fasta priser referensår 2020, mnkr",48223
"kommunala myndigheters fasta bruttoinv","1982","Prisförändring, procent",7.1
"kommunala myndigheters fasta bruttoinv","1982","Volymförändring, procent",-4.8
"kommunala myndigheters fasta bruttoinv","1983","Löpande priser, mnkr",16740
"kommunala myndigheters fasta bruttoinv","1983","Fasta priser referensår 2020, mnkr",47304
"kommunala myndigheters fasta bruttoinv","1983","Prisförändring, procent",9.2
"kommunala myndigheters fasta bruttoinv","1983","Volymförändring, procent",-1.9
"kommunala myndigheters fasta bruttoinv","1984","Löpande priser, mnkr",17222
"kommunala myndigheters fasta bruttoinv","1984","Fasta priser referensår 2020, mnkr",45984
"kommunala myndigheters fasta bruttoinv","1984","Prisförändring, procent",5.8
"kommunala myndigheters fasta bruttoinv","1984","Volymförändring, procent",-2.8
"kommunala myndigheters fasta bruttoinv","1985","Löpande priser, mnkr",18275
"kommunala myndigheters fasta bruttoinv","1985","Fasta priser referensår 2020, mnkr",46459
"kommunala myndigheters fasta bruttoinv","1985","Prisförändring, procent",5.0
"kommunala myndigheters fasta bruttoinv","1985","Volymförändring, procent",1.0
"kommunala myndigheters fasta bruttoinv","1986","Löpande priser, mnkr",19379
"kommunala myndigheters fasta bruttoinv","1986","Fasta priser referensår 2020, mnkr",47120
"kommunala myndigheters fasta bruttoinv","1986","Prisförändring, procent",4.6
"kommunala myndigheters fasta bruttoinv","1986","Volymförändring, procent",1.4
"kommunala myndigheters fasta bruttoinv","1987","Löpande priser, mnkr",19825
"kommunala myndigheters fasta bruttoinv","1987","Fasta priser referensår 2020, mnkr",46160
"kommunala myndigheters fasta bruttoinv","1987","Prisförändring, procent",4.4
"kommunala myndigheters fasta bruttoinv","1987","Volymförändring, procent",-2.0
"kommunala myndigheters fasta bruttoinv","1988","Löpande priser, mnkr",23135
"kommunala myndigheters fasta bruttoinv","1988","Fasta priser referensår 2020, mnkr",50454
"kommunala myndigheters fasta bruttoinv","1988","Prisförändring, procent",6.8
"kommunala myndigheters fasta bruttoinv","1988","Volymförändring, procent",9.3
"kommunala myndigheters fasta bruttoinv","1989","Löpande priser, mnkr",26851
"kommunala myndigheters fasta bruttoinv","1989","Fasta priser referensår 2020, mnkr",54447
"kommunala myndigheters fasta bruttoinv","1989","Prisförändring, procent",7.6
"kommunala myndigheters fasta bruttoinv","1989","Volymförändring, procent",7.9
"kommunala myndigheters fasta bruttoinv","1990","Löpande priser, mnkr",26154
"kommunala myndigheters fasta bruttoinv","1990","Fasta priser referensår 2020, mnkr",49185
"kommunala myndigheters fasta bruttoinv","1990","Prisförändring, procent",7.8
"kommunala myndigheters fasta bruttoinv","1990","Volymförändring, procent",-9.7
"kommunala myndigheters fasta bruttoinv","1991","Löpande priser, mnkr",32255
"kommunala myndigheters fasta bruttoinv","1991","Fasta priser referensår 2020, mnkr",54641
"kommunala myndigheters fasta bruttoinv","1991","Prisförändring, procent",11.0
"kommunala myndigheters fasta bruttoinv","1991","Volymförändring, procent",11.1
"kommunala myndigheters fasta bruttoinv","1992","Löpande priser, mnkr",30244
"kommunala myndigheters fasta bruttoinv","1992","Fasta priser referensår 2020, mnkr",51841
"kommunala myndigheters fasta bruttoinv","1992","Prisförändring, procent",-1.2
"kommunala myndigheters fasta bruttoinv","1992","Volymförändring, procent",-5.1
"kommunala myndigheters fasta bruttoinv","1993","Löpande priser, mnkr",29180
"kommunala myndigheters fasta bruttoinv","1993","Fasta priser referensår 2020, mnkr",50127
"kommunala myndigheters fasta bruttoinv","1993","Prisförändring, procent",-0.2
"kommunala myndigheters fasta bruttoinv","1993","Volymförändring, procent",-3.3
"kommunala myndigheters fasta bruttoinv","1994","Löpande priser, mnkr",32879
"kommunala myndigheters fasta bruttoinv","1994","Fasta priser referensår 2020, mnkr",57576
"kommunala myndigheters fasta bruttoinv","1994","Prisförändring, procent",-1.9
"kommunala myndigheters fasta bruttoinv","1994","Volymförändring, procent",14.9
"kommunala myndigheters fasta bruttoinv","1995","Löpande priser, mnkr",32530
"kommunala myndigheters fasta bruttoinv","1995","Fasta priser referensår 2020, mnkr",57072
"kommunala myndigheters fasta bruttoinv","1995","Prisförändring, procent",-0.2
"kommunala myndigheters fasta bruttoinv","1995","Volymförändring, procent",-0.9
"kommunala myndigheters fasta bruttoinv","1996","Löpande priser, mnkr",30851
"kommunala myndigheters fasta bruttoinv","1996","Fasta priser referensår 2020, mnkr",54626
"kommunala myndigheters fasta bruttoinv","1996","Prisförändring, procent",-0.9
"kommunala myndigheters fasta bruttoinv","1996","Volymförändring, procent",-4.3
"kommunala myndigheters fasta bruttoinv","1997","Löpande priser, mnkr",29992
"kommunala myndigheters fasta bruttoinv","1997","Fasta priser referensår 2020, mnkr",52113
"kommunala myndigheters fasta bruttoinv","1997","Prisförändring, procent",1.9
"kommunala myndigheters fasta bruttoinv","1997","Volymförändring, procent",-4.6
"kommunala myndigheters fasta bruttoinv","1998","Löpande priser, mnkr",29930
"kommunala myndigheters fasta bruttoinv","1998","Fasta priser referensår 2020, mnkr",50700
"kommunala myndigheters fasta bruttoinv","1998","Prisförändring, procent",2.6
"kommunala myndigheters fasta bruttoinv","1998","Volymförändring, procent",-2.7
"kommunala myndigheters fasta bruttoinv","1999","Löpande priser, mnkr",33499
"kommunala myndigheters fasta bruttoinv","1999","Fasta priser referensår 2020, mnkr",55458
"kommunala myndigheters fasta bruttoinv","1999","Prisförändring, procent",2.3
"kommunala myndigheters fasta bruttoinv","1999","Volymförändring, procent",9.4
"kommunala myndigheters fasta bruttoinv","2000","Löpande priser, mnkr",31613
"kommunala myndigheters fasta bruttoinv","2000","Fasta priser referensår 2020, mnkr",50717
"kommunala myndigheters fasta bruttoinv","2000","Prisförändring, procent",3.2
"kommunala myndigheters fasta bruttoinv","2000","Volymförändring, procent",-8.5
"kommunala myndigheters fasta bruttoinv","2001","Löpande priser, mnkr",35356
"kommunala myndigheters fasta bruttoinv","2001","Fasta priser referensår 2020, mnkr",54644
"kommunala myndigheters fasta bruttoinv","2001","Prisförändring, procent",3.8
"kommunala myndigheters fasta bruttoinv","2001","Volymförändring, procent",7.7
"kommunala myndigheters fasta bruttoinv","2002","Löpande priser, mnkr",39626
"kommunala myndigheters fasta bruttoinv","2002","Fasta priser referensår 2020, mnkr",59254
"kommunala myndigheters fasta bruttoinv","2002","Prisförändring, procent",3.4
"kommunala myndigheters fasta bruttoinv","2002","Volymförändring, procent",8.4
"kommunala myndigheters fasta bruttoinv","2003","Löpande priser, mnkr",37593
"kommunala myndigheters fasta bruttoinv","2003","Fasta priser referensår 2020, mnkr",54807
"kommunala myndigheters fasta bruttoinv","2003","Prisförändring, procent",2.6
"kommunala myndigheters fasta bruttoinv","2003","Volymförändring, procent",-7.5
"kommunala myndigheters fasta bruttoinv","2004","Löpande priser, mnkr",36428
"kommunala myndigheters fasta bruttoinv","2004","Fasta priser referensår 2020, mnkr",51976
"kommunala myndigheters fasta bruttoinv","2004","Prisförändring, procent",2.2
"kommunala myndigheters fasta bruttoinv","2004","Volymförändring, procent",-5.2
"kommunala myndigheters fasta bruttoinv","2005","Löpande priser, mnkr",39674
"kommunala myndigheters fasta bruttoinv","2005","Fasta priser referensår 2020, mnkr",55756
"kommunala myndigheters fasta bruttoinv","2005","Prisförändring, procent",1.5
"kommunala myndigheters fasta bruttoinv","2005","Volymförändring, procent",7.3
"kommunala myndigheters fasta bruttoinv","2006","Löpande priser, mnkr",46578
"kommunala myndigheters fasta bruttoinv","2006","Fasta priser referensår 2020, mnkr",63911
"kommunala myndigheters fasta bruttoinv","2006","Prisförändring, procent",2.4
"kommunala myndigheters fasta bruttoinv","2006","Volymförändring, procent",14.6
"kommunala myndigheters fasta bruttoinv","2007","Löpande priser, mnkr",51107
"kommunala myndigheters fasta bruttoinv","2007","Fasta priser referensår 2020, mnkr",67878
"kommunala myndigheters fasta bruttoinv","2007","Prisförändring, procent",3.3
"kommunala myndigheters fasta bruttoinv","2007","Volymförändring, procent",6.2
"kommunala myndigheters fasta bruttoinv","2008","Löpande priser, mnkr",54716
"kommunala myndigheters fasta bruttoinv","2008","Fasta priser referensår 2020, mnkr",69067
"kommunala myndigheters fasta bruttoinv","2008","Prisförändring, procent",5.2
"kommunala myndigheters fasta bruttoinv","2008","Volymförändring, procent",1.8
"kommunala myndigheters fasta bruttoinv","2009","Löpande priser, mnkr",54739
"kommunala myndigheters fasta bruttoinv","2009","Fasta priser referensår 2020, mnkr",67170
"kommunala myndigheters fasta bruttoinv","2009","Prisförändring, procent",2.9
"kommunala myndigheters fasta bruttoinv","2009","Volymförändring, procent",-2.7
"kommunala myndigheters fasta bruttoinv","2010","Löpande priser, mnkr",60230
"kommunala myndigheters fasta bruttoinv","2010","Fasta priser referensår 2020, mnkr",72435
"kommunala myndigheters fasta bruttoinv","2010","Prisförändring, procent",2.0
"kommunala myndigheters fasta bruttoinv","2010","Volymförändring, procent",7.8
"kommunala myndigheters fasta bruttoinv","2011","Löpande priser, mnkr",64041
"kommunala myndigheters fasta bruttoinv","2011","Fasta priser referensår 2020, mnkr",74809
"kommunala myndigheters fasta bruttoinv","2011","Prisförändring, procent",3.0
"kommunala myndigheters fasta bruttoinv","2011","Volymförändring, procent",3.3
"kommunala myndigheters fasta bruttoinv","2012","Löpande priser, mnkr",68527
"kommunala myndigheters fasta bruttoinv","2012","Fasta priser referensår 2020, mnkr",78888
"kommunala myndigheters fasta bruttoinv","2012","Prisförändring, procent",1.5
"kommunala myndigheters fasta bruttoinv","2012","Volymförändring, procent",5.5
"kommunala myndigheters fasta bruttoinv","2013","Löpande priser, mnkr",75240
"kommunala myndigheters fasta bruttoinv","2013","Fasta priser referensår 2020, mnkr",86243
"kommunala myndigheters fasta bruttoinv","2013","Prisförändring, procent",0.4
"kommunala myndigheters fasta bruttoinv","2013","Volymförändring, procent",9.3
"kommunala myndigheters fasta bruttoinv","2014","Löpande priser, mnkr",86428
"kommunala myndigheters fasta bruttoinv","2014","Fasta priser referensår 2020, mnkr",97610
"kommunala myndigheters fasta bruttoinv","2014","Prisförändring, procent",1.5
"kommunala myndigheters fasta bruttoinv","2014","Volymförändring, procent",13.2
"kommunala myndigheters fasta bruttoinv","2015","Löpande priser, mnkr",92419
"kommunala myndigheters fasta bruttoinv","2015","Fasta priser referensår 2020, mnkr",103039
"kommunala myndigheters fasta bruttoinv","2015","Prisförändring, procent",1.3
"kommunala myndigheters fasta bruttoinv","2015","Volymförändring, procent",5.6
"kommunala myndigheters fasta bruttoinv","2016","Löpande priser, mnkr",96295
"kommunala myndigheters fasta bruttoinv","2016","Fasta priser referensår 2020, mnkr",106045
"kommunala myndigheters fasta bruttoinv","2016","Prisförändring, procent",1.2
"kommunala myndigheters fasta bruttoinv","2016","Volymförändring, procent",2.9
"kommunala myndigheters fasta bruttoinv","2017","Löpande priser, mnkr",108469
"kommunala myndigheters fasta bruttoinv","2017","Fasta priser referensår 2020, mnkr",115996
"kommunala myndigheters fasta bruttoinv","2017","Prisförändring, procent",3.0
"kommunala myndigheters fasta bruttoinv","2017","Volymförändring, procent",9.4
"kommunala myndigheters fasta bruttoinv","2018","Löpande priser, mnkr",122606
"kommunala myndigheters fasta bruttoinv","2018","Fasta priser referensår 2020, mnkr",126265
"kommunala myndigheters fasta bruttoinv","2018","Prisförändring, procent",3.8
"kommunala myndigheters fasta bruttoinv","2018","Volymförändring, procent",8.9
"kommunala myndigheters fasta bruttoinv","2019","Löpande priser, mnkr",127877
"kommunala myndigheters fasta bruttoinv","2019","Fasta priser referensår 2020, mnkr",128247
"kommunala myndigheters fasta bruttoinv","2019","Prisförändring, procent",2.7
"kommunala myndigheters fasta bruttoinv","2019","Volymförändring, procent",1.6
"kommunala myndigheters fasta bruttoinv","2020","Löpande priser, mnkr",123949
"kommunala myndigheters fasta bruttoinv","2020","Fasta priser referensår 2020, mnkr",123949
"kommunala myndigheters fasta bruttoinv","2020","Prisförändring, procent",0.3
"kommunala myndigheters fasta bruttoinv","2020","Volymförändring, procent",-3.4
"kommunala myndigheters fasta bruttoinv","2021","Löpande priser, mnkr",124265
"kommunala myndigheters fasta bruttoinv","2021","Fasta priser referensår 2020, mnkr",117755
"kommunala myndigheters fasta bruttoinv","2021","Prisförändring, procent",5.5
"kommunala myndigheters fasta bruttoinv","2021","Volymförändring, procent",-5.0
"kommunala myndigheters fasta bruttoinv","2022","Löpande priser, mnkr",129203
"kommunala myndigheters fasta bruttoinv","2022","Fasta priser referensår 2020, mnkr",109234
"kommunala myndigheters fasta bruttoinv","2022","Prisförändring, procent",12.1
"kommunala myndigheters fasta bruttoinv","2022","Volymförändring, procent",-7.2
"kommunala myndigheters fasta bruttoinv","2023","Löpande priser, mnkr",146591
"kommunala myndigheters fasta bruttoinv","2023","Fasta priser referensår 2020, mnkr",118286
"kommunala myndigheters fasta bruttoinv","2023","Prisförändring, procent",4.8
"kommunala myndigheters fasta bruttoinv","2023","Volymförändring, procent",8.3
"kommunala myndigheters fasta bruttoinv","2024","Löpande priser, mnkr",154816
"kommunala myndigheters fasta bruttoinv","2024","Fasta priser referensår 2020, mnkr",121969
"kommunala myndigheters fasta bruttoinv","2024","Prisförändring, procent",2.4
"kommunala myndigheters fasta bruttoinv","2024","Volymförändring, procent",3.1
"lagerinvesteringar","1980","Löpande priser, mnkr",7011
"lagerinvesteringar","1980","Fasta priser referensår 2020, mnkr",..
"lagerinvesteringar","1980","Prisförändring, procent",..
"lagerinvesteringar","1980","Volymförändring, procent",..
"lagerinvesteringar","1981","Löpande priser, mnkr",-2930
"lagerinvesteringar","1981","Fasta priser referensår 2020, mnkr",..
"lagerinvesteringar","1981","Prisförändring, procent",..
"lagerinvesteringar","1981","Volymförändring, procent",..
"lagerinvesteringar","1982","Löpande priser, mnkr",-4917
"lagerinvesteringar","1982","Fasta priser referensår 2020, mnkr",..
"lagerinvesteringar","1982","Prisförändring, procent",..
"lagerinvesteringar","1982","Volymförändring, procent",..
"lagerinvesteringar","1983","Löpande priser, mnkr",-8772
"lagerinvesteringar","1983","Fasta priser referensår 2020, mnkr",..
"lagerinvesteringar","1983","Prisförändring, procent",..
"lagerinvesteringar","1983","Volymförändring, procent",..
"lagerinvesteringar","1984","Löpande priser, mnkr",-5953
"lagerinvesteringar","1984","Fasta priser referensår 2020, mnkr",..
"lagerinvesteringar","1984","Prisförändring, procent",..
"lagerinvesteringar","1984","Volymförändring, procent",..
"lagerinvesteringar","1985","Löpande priser, mnkr",1735
"lagerinvesteringar","1985","Fasta priser referensår 2020, mnkr",..
"lagerinvesteringar","1985","Prisförändring, procent",..
"lagerinvesteringar","1985","Volymförändring, procent",..
"lagerinvesteringar","1986","Löpande priser, mnkr",-3428
"lagerinvesteringar","1986","Fasta priser referensår 2020, mnkr",..
"lagerinvesteringar","1986","Prisförändring, procent",..
"lagerinvesteringar","1986","Volymförändring, procent",..
"lagerinvesteringar","1987","Löpande priser, mnkr",-2322
"lagerinvesteringar","1987","Fasta priser referensår 2020, mnkr",..
"lagerinvesteringar","1987","Prisförändring, procent",..
"lagerinvesteringar","1987","Volymförändring, procent",..
"lagerinvesteringar","1988","Löpande priser, mnkr",-892
"lagerinvesteringar","1988","Fasta priser referensår 2020, mnkr",..
"lagerinvesteringar","1988","Prisförändring, procent",..
"lagerinvesteringar","1988","Volymförändring, procent",..
"lagerinvesteringar","1989","Löpande priser, mnkr",1967
"lagerinvesteringar","1989","Fasta priser referensår 2020, mnkr",..
"lagerinvesteringar","1989","Prisförändring, procent",..
"lagerinvesteringar","1989","Volymförändring, procent",..
"lagerinvesteringar","1990","Löpande priser, mnkr",395
"lagerinvesteringar","1990","Fasta priser referensår 2020, mnkr",..
"lagerinvesteringar","1990","Prisförändring, procent",..
"lagerinvesteringar","1990","Volymförändring, procent",..
"lagerinvesteringar","1991","Löpande priser, mnkr",-18480
"lagerinvesteringar","1991","Fasta priser referensår 2020, mnkr",..
"lagerinvesteringar","1991","Prisförändring, procent",..
"lagerinvesteringar","1991","Volymförändring, procent",..
"lagerinvesteringar","1992","Löpande priser, mnkr",-4116
"lagerinvesteringar","1992","Fasta priser referensår 2020, mnkr",..
"lagerinvesteringar","1992","Prisförändring, procent",..
"lagerinvesteringar","1992","Volymförändring, procent",..
"lagerinvesteringar","1993","Löpande priser, mnkr",-8218
"lagerinvesteringar","1993","Fasta priser referensår 2020, mnkr",..
"lagerinvesteringar","1993","Prisförändring, procent",..
"lagerinvesteringar","1993","Volymförändring, procent",..
"lagerinvesteringar","1994","Löpande priser, mnkr",13663
"lagerinvesteringar","1994","Fasta priser referensår 2020, mnkr",..
"lagerinvesteringar","1994","Prisförändring, procent",..
"lagerinvesteringar","1994","Volymförändring, procent",..
"lagerinvesteringar","1995","Löpande priser, mnkr",17295
"lagerinvesteringar","1995","Fasta priser referensår 2020, mnkr",..
"lagerinvesteringar","1995","Prisförändring, procent",..
"lagerinvesteringar","1995","Volymförändring, procent",..
"lagerinvesteringar","1996","Löpande priser, mnkr",2960
"lagerinvesteringar","1996","Fasta priser referensår 2020, mnkr",..
"lagerinvesteringar","1996","Prisförändring, procent",..
"lagerinvesteringar","1996","Volymförändring, procent",..
"lagerinvesteringar","1997","Löpande priser, mnkr",5186
"lagerinvesteringar","1997","Fasta priser referensår 2020, mnkr",..
"lagerinvesteringar","1997","Prisförändring, procent",..
"lagerinvesteringar","1997","Volymförändring, procent",..
"lagerinvesteringar","1998","Löpande priser, mnkr",11253
"lagerinvesteringar","1998","Fasta priser referensår 2020, mnkr",..
"lagerinvesteringar","1998","Prisförändring, procent",..
"lagerinvesteringar","1998","Volymförändring, procent",..
"lagerinvesteringar","1999","Löpande priser, mnkr",1151
"lagerinvesteringar","1999","Fasta priser referensår 2020, mnkr",..
"lagerinvesteringar","1999","Prisförändring, procent",..
"lagerinvesteringar","1999","Volymförändring, procent",..
"lagerinvesteringar","2000","Löpande priser, mnkr",10970
"lagerinvesteringar","2000","Fasta priser referensår 2020, mnkr",..
"lagerinvesteringar","2000","Prisförändring, procent",..
"lagerinvesteringar","2000","Volymförändring, procent",..
"lagerinvesteringar","2001","Löpande priser, mnkr",2430
"lagerinvesteringar","2001","Fasta priser referensår 2020, mnkr",..
"lagerinvesteringar","2001","Prisförändring, procent",..
"lagerinvesteringar","2001","Volymförändring, procent",..
"lagerinvesteringar","2002","Löpande priser, mnkr",-2428
"lagerinvesteringar","2002","Fasta priser referensår 2020, mnkr",..
"lagerinvesteringar","2002","Prisförändring, procent",..
"lagerinvesteringar","2002","Volymförändring, procent",..
"lagerinvesteringar","2003","Löpande priser, mnkr",3014
"lagerinvesteringar","2003","Fasta priser referensår 2020, mnkr",..
"lagerinvesteringar","2003","Prisförändring, procent",..
"lagerinvesteringar","2003","Volymförändring, procent",..
"lagerinvesteringar","2004","Löpande priser, mnkr",-6088
"lagerinvesteringar","2004","Fasta priser referensår 2020, mnkr",..
"lagerinvesteringar","2004","Prisförändring, procent",..
"lagerinvesteringar","2004","Volymförändring, procent",..
"lagerinvesteringar","2005","Löpande priser, mnkr",-7591
"lagerinvesteringar","2005","Fasta priser referensår 2020, mnkr",..
"lagerinvesteringar","2005","Prisförändring, procent",..
"lagerinvesteringar","2005","Volymförändring, procent",..
"lagerinvesteringar","2006","Löpande priser, mnkr",-3854
"lagerinvesteringar","2006","Fasta priser referensår 2020, mnkr",..
"lagerinvesteringar","2006","Prisförändring, procent",..
"lagerinvesteringar","2006","Volymförändring, procent",..
"lagerinvesteringar","2007","Löpande priser, mnkr",18192
"lagerinvesteringar","2007","Fasta priser referensår 2020, mnkr",..
"lagerinvesteringar","2007","Prisförändring, procent",..
"lagerinvesteringar","2007","Volymförändring, procent",..
"lagerinvesteringar","2008","Löpande priser, mnkr",-2144
"lagerinvesteringar","2008","Fasta priser referensår 2020, mnkr",..
"lagerinvesteringar","2008","Prisförändring, procent",..
"lagerinvesteringar","2008","Volymförändring, procent",..
"lagerinvesteringar","2009","Löpande priser, mnkr",-54322
"lagerinvesteringar","2009","Fasta priser referensår 2020, mnkr",..
"lagerinvesteringar","2009","Prisförändring, procent",..
"lagerinvesteringar","2009","Volymförändring, procent",..
"lagerinvesteringar","2010","Löpande priser, mnkr",12533
"lagerinvesteringar","2010","Fasta priser referensår 2020, mnkr",..
"lagerinvesteringar","2010","Prisförändring, procent",..
"lagerinvesteringar","2010","Volymförändring, procent",..
"lagerinvesteringar","2011","Löpande priser, mnkr",29883
"lagerinvesteringar","2011","Fasta priser referensår 2020, mnkr",..
"lagerinvesteringar","2011","Prisförändring, procent",..
"lagerinvesteringar","2011","Volymförändring, procent",..
"lagerinvesteringar","2012","Löpande priser, mnkr",-10733
"lagerinvesteringar","2012","Fasta priser referensår 2020, mnkr",..
"lagerinvesteringar","2012","Prisförändring, procent",..
"lagerinvesteringar","2012","Volymförändring, procent",..
"lagerinvesteringar","2013","Löpande priser, mnkr",-3372
"lagerinvesteringar","2013","Fasta priser referensår 2020, mnkr",..
"lagerinvesteringar","2013","Prisförändring, procent",..
"lagerinvesteringar","2013","Volymförändring, procent",..
"lagerinvesteringar","2014","Löpande priser, mnkr",5921
"lagerinvesteringar","2014","Fasta priser referensår 2020, mnkr",..
"lagerinvesteringar","2014","Prisförändring, procent",..
"lagerinvesteringar","2014","Volymförändring, procent",..
"lagerinvesteringar","2015","Löpande priser, mnkr",22192
"lagerinvesteringar","2015","Fasta priser referensår 2020, mnkr",..
"lagerinvesteringar","2015","Prisförändring, procent",..
"lagerinvesteringar","2015","Volymförändring, procent",..
"lagerinvesteringar","2016","Löpande priser, mnkr",19486
"lagerinvesteringar","2016","Fasta priser referensår 2020, mnkr",..
"lagerinvesteringar","2016","Prisförändring, procent",..
"lagerinvesteringar","2016","Volymförändring, procent",..
"lagerinvesteringar","2017","Löpande priser, mnkr",21814
"lagerinvesteringar","2017","Fasta priser referensår 2020, mnkr",..
"lagerinvesteringar","2017","Prisförändring, procent",..
"lagerinvesteringar","2017","Volymförändring, procent",..
"lagerinvesteringar","2018","Löpande priser, mnkr",33211
"lagerinvesteringar","2018","Fasta priser referensår 2020, mnkr",..
"lagerinvesteringar","2018","Prisförändring, procent",..
"lagerinvesteringar","2018","Volymförändring, procent",..
"lagerinvesteringar","2019","Löpande priser, mnkr",30446
"lagerinvesteringar","2019","Fasta priser referensår 2020, mnkr",..
"lagerinvesteringar","2019","Prisförändring, procent",..
"lagerinvesteringar","2019","Volymförändring, procent",..
"lagerinvesteringar","2020","Löpande priser, mnkr",-7373
"lagerinvesteringar","2020","Fasta priser referensår 2020, mnkr",..
"lagerinvesteringar","2020","Prisförändring, procent",..
"lagerinvesteringar","2020","Volymförändring, procent",..
"lagerinvesteringar","2021","Löpande priser, mnkr",6610
"lagerinvesteringar","2021","Fasta priser referensår 2020, mnkr",..
"lagerinvesteringar","2021","Prisförändring, procent",..
"lagerinvesteringar","2021","Volymförändring, procent",..
"lagerinvesteringar","2022","Löpande priser, mnkr",75239
"lagerinvesteringar","2022","Fasta priser referensår 2020, mnkr",..
"lagerinvesteringar","2022","Prisförändring, procent",..
"lagerinvesteringar","2022","Volymförändring, procent",..
"lagerinvesteringar","2023","Löpande priser, mnkr",-11069
"lagerinvesteringar","2023","Fasta priser referensår 2020, mnkr",..
"lagerinvesteringar","2023","Prisförändring, procent",..
"lagerinvesteringar","2023","Volymförändring, procent",..
"lagerinvesteringar","2024","Löpande priser, mnkr",8576
"lagerinvesteringar","2024","Fasta priser referensår 2020, mnkr",..
"lagerinvesteringar","2024","Prisförändring, procent",..
"lagerinvesteringar","2024","Volymförändring, procent",..
"investering i värdeföremål","1980","Löpande priser, mnkr",163
"investering i värdeföremål","1980","Fasta priser referensår 2020, mnkr",..
"investering i värdeföremål","1980","Prisförändring, procent",..
"investering i värdeföremål","1980","Volymförändring, procent",..
"investering i värdeföremål","1981","Löpande priser, mnkr",189
"investering i värdeföremål","1981","Fasta priser referensår 2020, mnkr",..
"investering i värdeföremål","1981","Prisförändring, procent",..
"investering i värdeföremål","1981","Volymförändring, procent",..
"investering i värdeföremål","1982","Löpande priser, mnkr",197
"investering i värdeföremål","1982","Fasta priser referensår 2020, mnkr",..
"investering i värdeföremål","1982","Prisförändring, procent",..
"investering i värdeföremål","1982","Volymförändring, procent",..
"investering i värdeföremål","1983","Löpande priser, mnkr",247
"investering i värdeföremål","1983","Fasta priser referensår 2020, mnkr",..
"investering i värdeföremål","1983","Prisförändring, procent",..
"investering i värdeföremål","1983","Volymförändring, procent",..
"investering i värdeföremål","1984","Löpande priser, mnkr",240
"investering i värdeföremål","1984","Fasta priser referensår 2020, mnkr",..
"investering i värdeföremål","1984","Prisförändring, procent",..
"investering i värdeföremål","1984","Volymförändring, procent",..
"investering i värdeföremål","1985","Löpande priser, mnkr",179
"investering i värdeföremål","1985","Fasta priser referensår 2020, mnkr",..
"investering i värdeföremål","1985","Prisförändring, procent",..
"investering i värdeföremål","1985","Volymförändring, procent",..
"investering i värdeföremål","1986","Löpande priser, mnkr",233
"investering i värdeföremål","1986","Fasta priser referensår 2020, mnkr",..
"investering i värdeföremål","1986","Prisförändring, procent",..
"investering i värdeföremål","1986","Volymförändring, procent",..
"investering i värdeföremål","1987","Löpande priser, mnkr",399
"investering i värdeföremål","1987","Fasta priser referensår 2020, mnkr",..
"investering i värdeföremål","1987","Prisförändring, procent",..
"investering i värdeföremål","1987","Volymförändring, procent",..
"investering i värdeföremål","1988","Löpande priser, mnkr",313
"investering i värdeföremål","1988","Fasta priser referensår 2020, mnkr",..
"investering i värdeföremål","1988","Prisförändring, procent",..
"investering i värdeföremål","1988","Volymförändring, procent",..
"investering i värdeföremål","1989","Löpande priser, mnkr",643
"investering i värdeföremål","1989","Fasta priser referensår 2020, mnkr",..
"investering i värdeföremål","1989","Prisförändring, procent",..
"investering i värdeföremål","1989","Volymförändring, procent",..
"investering i värdeföremål","1990","Löpande priser, mnkr",-21
"investering i värdeföremål","1990","Fasta priser referensår 2020, mnkr",..
"investering i värdeföremål","1990","Prisförändring, procent",..
"investering i värdeföremål","1990","Volymförändring, procent",..
"investering i värdeföremål","1991","Löpande priser, mnkr",66
"investering i värdeföremål","1991","Fasta priser referensår 2020, mnkr",..
"investering i värdeföremål","1991","Prisförändring, procent",..
"investering i värdeföremål","1991","Volymförändring, procent",..
"investering i värdeföremål","1992","Löpande priser, mnkr",3
"investering i värdeföremål","1992","Fasta priser referensår 2020, mnkr",..
"investering i värdeföremål","1992","Prisförändring, procent",..
"investering i värdeföremål","1992","Volymförändring, procent",..
"investering i värdeföremål","1993","Löpande priser, mnkr",218
"investering i värdeföremål","1993","Fasta priser referensår 2020, mnkr",..
"investering i värdeföremål","1993","Prisförändring, procent",..
"investering i värdeföremål","1993","Volymförändring, procent",..
"investering i värdeföremål","1994","Löpande priser, mnkr",-77
"investering i värdeföremål","1994","Fasta priser referensår 2020, mnkr",..
"investering i värdeföremål","1994","Prisförändring, procent",..
"investering i värdeföremål","1994","Volymförändring, procent",..
"investering i värdeföremål","1995","Löpande priser, mnkr",122
"investering i värdeföremål","1995","Fasta priser referensår 2020, mnkr",..
"investering i värdeföremål","1995","Prisförändring, procent",..
"investering i värdeföremål","1995","Volymförändring, procent",..
"investering i värdeföremål","1996","Löpande priser, mnkr",386
"investering i värdeföremål","1996","Fasta priser referensår 2020, mnkr",..
"investering i värdeföremål","1996","Prisförändring, procent",..
"investering i värdeföremål","1996","Volymförändring, procent",..
"investering i värdeföremål","1997","Löpande priser, mnkr",414
"investering i värdeföremål","1997","Fasta priser referensår 2020, mnkr",..
"investering i värdeföremål","1997","Prisförändring, procent",..
"investering i värdeföremål","1997","Volymförändring, procent",..
"investering i värdeföremål","1998","Löpande priser, mnkr",395
"investering i värdeföremål","1998","Fasta priser referensår 2020, mnkr",..
"investering i värdeföremål","1998","Prisförändring, procent",..
"investering i värdeföremål","1998","Volymförändring, procent",..
"investering i värdeföremål","1999","Löpande priser, mnkr",483
"investering i värdeföremål","1999","Fasta priser referensår 2020, mnkr",..
"investering i värdeföremål","1999","Prisförändring, procent",..
"investering i värdeföremål","1999","Volymförändring, procent",..
"investering i värdeföremål","2000","Löpande priser, mnkr",779
"investering i värdeföremål","2000","Fasta priser referensår 2020, mnkr",..
"investering i värdeföremål","2000","Prisförändring, procent",..
"investering i värdeföremål","2000","Volymförändring, procent",..
"investering i värdeföremål","2001","Löpande priser, mnkr",660
"investering i värdeföremål","2001","Fasta priser referensår 2020, mnkr",..
"investering i värdeföremål","2001","Prisförändring, procent",..
"investering i värdeföremål","2001","Volymförändring, procent",..
"investering i värdeföremål","2002","Löpande priser, mnkr",808
"investering i värdeföremål","2002","Fasta priser referensår 2020, mnkr",..
"investering i värdeföremål","2002","Prisförändring, procent",..
"investering i värdeföremål","2002","Volymförändring, procent",..
"investering i värdeföremål","2003","Löpande priser, mnkr",954
"investering i värdeföremål","2003","Fasta priser referensår 2020, mnkr",..
"investering i värdeföremål","2003","Prisförändring, procent",..
"investering i värdeföremål","2003","Volymförändring, procent",..
"investering i värdeföremål","2004","Löpande priser, mnkr",879
"investering i värdeföremål","2004","Fasta priser referensår 2020, mnkr",..
"investering i värdeföremål","2004","Prisförändring, procent",..
"investering i värdeföremål","2004","Volymförändring, procent",..
"investering i värdeföremål","2005","Löpande priser, mnkr",788
"investering i värdeföremål","2005","Fasta priser referensår 2020, mnkr",..
"investering i värdeföremål","2005","Prisförändring, procent",..
"investering i värdeföremål","2005","Volymförändring, procent",..
"investering i värdeföremål","2006","Löpande priser, mnkr",653
"investering i värdeföremål","2006","Fasta priser referensår 2020, mnkr",..
"investering i värdeföremål","2006","Prisförändring, procent",..
"investering i värdeföremål","2006","Volymförändring, procent",..
"investering i värdeföremål","2007","Löpande priser, mnkr",633
"investering i värdeföremål","2007","Fasta priser referensår 2020, mnkr",..
"investering i värdeföremål","2007","Prisförändring, procent",..
"investering i värdeföremål","2007","Volymförändring, procent",..
"investering i värdeföremål","2008","Löpande priser, mnkr",979
"investering i värdeföremål","2008","Fasta priser referensår 2020, mnkr",..
"investering i värdeföremål","2008","Prisförändring, procent",..
"investering i värdeföremål","2008","Volymförändring, procent",..
"investering i värdeföremål","2009","Löpande priser, mnkr",930
"investering i värdeföremål","2009","Fasta priser referensår 2020, mnkr",..
"investering i värdeföremål","2009","Prisförändring, procent",..
"investering i värdeföremål","2009","Volymförändring, procent",..
"investering i värdeföremål","2010","Löpande priser, mnkr",790
"investering i värdeföremål","2010","Fasta priser referensår 2020, mnkr",..
"investering i värdeföremål","2010","Prisförändring, procent",..
"investering i värdeföremål","2010","Volymförändring, procent",..
"investering i värdeföremål","2011","Löpande priser, mnkr",890
"investering i värdeföremål","2011","Fasta priser referensår 2020, mnkr",..
"investering i värdeföremål","2011","Prisförändring, procent",..
"investering i värdeföremål","2011","Volymförändring, procent",..
"investering i värdeföremål","2012","Löpande priser, mnkr",903
"investering i värdeföremål","2012","Fasta priser referensår 2020, mnkr",..
"investering i värdeföremål","2012","Prisförändring, procent",..
"investering i värdeföremål","2012","Volymförändring, procent",..
"investering i värdeföremål","2013","Löpande priser, mnkr",849
"investering i värdeföremål","2013","Fasta priser referensår 2020, mnkr",..
"investering i värdeföremål","2013","Prisförändring, procent",..
"investering i värdeföremål","2013","Volymförändring, procent",..
"investering i värdeföremål","2014","Löpande priser, mnkr",869
"investering i värdeföremål","2014","Fasta priser referensår 2020, mnkr",..
"investering i värdeföremål","2014","Prisförändring, procent",..
"investering i värdeföremål","2014","Volymförändring, procent",..
"investering i värdeföremål","2015","Löpande priser, mnkr",1062
"investering i värdeföremål","2015","Fasta priser referensår 2020, mnkr",..
"investering i värdeföremål","2015","Prisförändring, procent",..
"investering i värdeföremål","2015","Volymförändring, procent",..
"investering i värdeföremål","2016","Löpande priser, mnkr",1498
"investering i värdeföremål","2016","Fasta priser referensår 2020, mnkr",..
"investering i värdeföremål","2016","Prisförändring, procent",..
"investering i värdeföremål","2016","Volymförändring, procent",..
"investering i värdeföremål","2017","Löpande priser, mnkr",1551
"investering i värdeföremål","2017","Fasta priser referensår 2020, mnkr",..
"investering i värdeföremål","2017","Prisförändring, procent",..
"investering i värdeföremål","2017","Volymförändring, procent",..
"investering i värdeföremål","2018","Löpande priser, mnkr",1295
"investering i värdeföremål","2018","Fasta priser referensår 2020, mnkr",..
"investering i värdeföremål","2018","Prisförändring, procent",..
"investering i värdeföremål","2018","Volymförändring, procent",..
"investering i värdeföremål","2019","Löpande priser, mnkr",1495
"investering i värdeföremål","2019","Fasta priser referensår 2020, mnkr",..
"investering i värdeföremål","2019","Prisförändring, procent",..
"investering i värdeföremål","2019","Volymförändring, procent",..
"investering i värdeföremål","2020","Löpande priser, mnkr",1766
"investering i värdeföremål","2020","Fasta priser referensår 2020, mnkr",..
"investering i värdeföremål","2020","Prisförändring, procent",..
"investering i värdeföremål","2020","Volymförändring, procent",..
"investering i värdeföremål","2021","Löpande priser, mnkr",1831
"investering i värdeföremål","2021","Fasta priser referensår 2020, mnkr",..
"investering i värdeföremål","2021","Prisförändring, procent",..
"investering i värdeföremål","2021","Volymförändring, procent",..
"investering i värdeföremål","2022","Löpande priser, mnkr",2178
"investering i värdeföremål","2022","Fasta priser referensår 2020, mnkr",..
"investering i värdeföremål","2022","Prisförändring, procent",..
"investering i värdeföremål","2022","Volymförändring, procent",..
"investering i värdeföremål","2023","Löpande priser, mnkr",1898
"investering i värdeföremål","2023","Fasta priser referensår 2020, mnkr",..
"investering i värdeföremål","2023","Prisförändring, procent",..
"investering i värdeföremål","2023","Volymförändring, procent",..
"investering i värdeföremål","2024","Löpande priser, mnkr",3807
"investering i värdeföremål","2024","Fasta priser referensår 2020, mnkr",..
"investering i värdeföremål","2024","Prisförändring, procent",..
"investering i värdeföremål","2024","Volymförändring, procent",..
"inhemsk slutlig användning","1980","Löpande priser, mnkr",599591
"inhemsk slutlig användning","1980","Fasta priser referensår 2020, mnkr",2406273
"inhemsk slutlig användning","1980","Prisförändring, procent",..
"inhemsk slutlig användning","1980","Volymförändring, procent",..
"inhemsk slutlig användning","1981","Löpande priser, mnkr",645928
"inhemsk slutlig användning","1981","Fasta priser referensår 2020, mnkr",2352007
"inhemsk slutlig användning","1981","Prisförändring, procent",10.2
"inhemsk slutlig användning","1981","Volymförändring, procent",-2.3
"inhemsk slutlig användning","1982","Löpande priser, mnkr",710055
"inhemsk slutlig användning","1982","Fasta priser referensår 2020, mnkr",2372700
"inhemsk slutlig användning","1982","Prisförändring, procent",9.0
"inhemsk slutlig användning","1982","Volymförändring, procent",0.9
"inhemsk slutlig användning","1983","Löpande priser, mnkr",776564
"inhemsk slutlig användning","1983","Fasta priser referensår 2020, mnkr",2354338
"inhemsk slutlig användning","1983","Prisförändring, procent",10.2
"inhemsk slutlig användning","1983","Volymförändring, procent",-0.8
"inhemsk slutlig användning","1984","Löpande priser, mnkr",859345
"inhemsk slutlig användning","1984","Fasta priser referensår 2020, mnkr",2440069
"inhemsk slutlig användning","1984","Prisförändring, procent",6.8
"inhemsk slutlig användning","1984","Volymförändring, procent",3.6
"inhemsk slutlig användning","1985","Löpande priser, mnkr",953256
"inhemsk slutlig användning","1985","Fasta priser referensår 2020, mnkr",2547485
"inhemsk slutlig användning","1985","Prisförändring, procent",6.3
"inhemsk slutlig användning","1985","Volymförändring, procent",4.4
"inhemsk slutlig användning","1986","Löpande priser, mnkr",1029296
"inhemsk slutlig användning","1986","Fasta priser referensår 2020, mnkr",2627358
"inhemsk slutlig användning","1986","Prisförändring, procent",4.7
"inhemsk slutlig användning","1986","Volymförändring, procent",3.1
"inhemsk slutlig användning","1987","Löpande priser, mnkr",1130818
"inhemsk slutlig användning","1987","Fasta priser referensår 2020, mnkr",2743633
"inhemsk slutlig användning","1987","Prisförändring, procent",5.2
"inhemsk slutlig användning","1987","Volymförändring, procent",4.4
"inhemsk slutlig användning","1988","Löpande priser, mnkr",1240365
"inhemsk slutlig användning","1988","Fasta priser referensår 2020, mnkr",2828064
"inhemsk slutlig användning","1988","Prisförändring, procent",6.4
"inhemsk slutlig användning","1988","Volymförändring, procent",3.1
"inhemsk slutlig användning","1989","Löpande priser, mnkr",1388985
"inhemsk slutlig användning","1989","Fasta priser referensår 2020, mnkr",2936995
"inhemsk slutlig användning","1989","Prisförändring, procent",7.8
"inhemsk slutlig användning","1989","Volymförändring, procent",3.9
"inhemsk slutlig användning","1990","Löpande priser, mnkr",1529930
"inhemsk slutlig användning","1990","Fasta priser referensår 2020, mnkr",2938494
"inhemsk slutlig användning","1990","Prisförändring, procent",10.1
"inhemsk slutlig användning","1990","Volymförändring, procent",0.1
"inhemsk slutlig användning","1991","Löpande priser, mnkr",1621720
"inhemsk slutlig användning","1991","Fasta priser referensår 2020, mnkr",2879998
"inhemsk slutlig användning","1991","Prisförändring, procent",8.2
"inhemsk slutlig användning","1991","Volymförändring, procent",-2.0
"inhemsk slutlig användning","1992","Löpande priser, mnkr",1621478
"inhemsk slutlig användning","1992","Fasta priser referensår 2020, mnkr",2842093
"inhemsk slutlig användning","1992","Prisförändring, procent",1.3
"inhemsk slutlig användning","1992","Volymförändring, procent",-1.3
"inhemsk slutlig användning","1993","Löpande priser, mnkr",1605903
"inhemsk slutlig användning","1993","Fasta priser referensår 2020, mnkr",2707734
"inhemsk slutlig användning","1993","Prisförändring, procent",4.0
"inhemsk slutlig användning","1993","Volymförändring, procent",-4.7
"inhemsk slutlig användning","1994","Löpande priser, mnkr",1699802
"inhemsk slutlig användning","1994","Fasta priser referensår 2020, mnkr",2802844
"inhemsk slutlig användning","1994","Prisförändring, procent",2.3
"inhemsk slutlig användning","1994","Volymförändring, procent",3.5
"inhemsk slutlig användning","1995","Löpande priser, mnkr",1790680
"inhemsk slutlig användning","1995","Fasta priser referensår 2020, mnkr",2874892
"inhemsk slutlig användning","1995","Prisförändring, procent",2.7
"inhemsk slutlig användning","1995","Volymförändring, procent",2.6
"inhemsk slutlig användning","1996","Löpande priser, mnkr",1845306
"inhemsk slutlig användning","1996","Fasta priser referensår 2020, mnkr",2912206
"inhemsk slutlig användning","1996","Prisförändring, procent",1.7
"inhemsk slutlig användning","1996","Volymförändring, procent",1.3
"inhemsk slutlig användning","1997","Löpande priser, mnkr",1915583
"inhemsk slutlig användning","1997","Fasta priser referensår 2020, mnkr",2969138
"inhemsk slutlig användning","1997","Prisförändring, procent",1.8
"inhemsk slutlig användning","1997","Volymförändring, procent",2.0
"inhemsk slutlig användning","1998","Löpande priser, mnkr",2025914
"inhemsk slutlig användning","1998","Fasta priser referensår 2020, mnkr",3107296
"inhemsk slutlig användning","1998","Prisförändring, procent",1.1
"inhemsk slutlig användning","1998","Volymförändring, procent",4.7
"inhemsk slutlig användning","1999","Löpande priser, mnkr",2141739
"inhemsk slutlig användning","1999","Fasta priser referensår 2020, mnkr",3215650
"inhemsk slutlig användning","1999","Prisförändring, procent",2.2
"inhemsk slutlig användning","1999","Volymförändring, procent",3.5
"inhemsk slutlig användning","2000","Löpande priser, mnkr",2287886
"inhemsk slutlig användning","2000","Fasta priser referensår 2020, mnkr",3360617
"inhemsk slutlig användning","2000","Prisförändring, procent",2.2
"inhemsk slutlig användning","2000","Volymförändring, procent",4.5
"inhemsk slutlig användning","2001","Löpande priser, mnkr",2373788
"inhemsk slutlig användning","2001","Fasta priser referensår 2020, mnkr",3382212
"inhemsk slutlig användning","2001","Prisförändring, procent",3.1
"inhemsk slutlig användning","2001","Volymförändring, procent",0.6
"inhemsk slutlig användning","2002","Löpande priser, mnkr",2467059
"inhemsk slutlig användning","2002","Fasta priser referensår 2020, mnkr",3425622
"inhemsk slutlig användning","2002","Prisförändring, procent",2.6
"inhemsk slutlig användning","2002","Volymförändring, procent",1.3
"inhemsk slutlig användning","2003","Löpande priser, mnkr",2557048
"inhemsk slutlig användning","2003","Fasta priser referensår 2020, mnkr",3472824
"inhemsk slutlig användning","2003","Prisförändring, procent",2.2
"inhemsk slutlig användning","2003","Volymförändring, procent",1.4
"inhemsk slutlig användning","2004","Löpande priser, mnkr",2636589
"inhemsk slutlig användning","2004","Fasta priser referensår 2020, mnkr",3548616
"inhemsk slutlig användning","2004","Prisförändring, procent",0.9
"inhemsk slutlig användning","2004","Volymförändring, procent",2.2
"inhemsk slutlig användning","2005","Löpande priser, mnkr",2737001
"inhemsk slutlig användning","2005","Fasta priser referensår 2020, mnkr",3633824
"inhemsk slutlig användning","2005","Prisförändring, procent",1.4
"inhemsk slutlig användning","2005","Volymförändring, procent",2.4
"inhemsk slutlig användning","2006","Löpande priser, mnkr",2903438
"inhemsk slutlig användning","2006","Fasta priser referensår 2020, mnkr",3792334
"inhemsk slutlig användning","2006","Prisförändring, procent",1.6
"inhemsk slutlig användning","2006","Volymförändring, procent",4.4
"inhemsk slutlig användning","2007","Löpande priser, mnkr",3116682
"inhemsk slutlig användning","2007","Fasta priser referensår 2020, mnkr",3985185
"inhemsk slutlig användning","2007","Prisförändring, procent",2.1
"inhemsk slutlig användning","2007","Volymförändring, procent",5.1
"inhemsk slutlig användning","2008","Löpande priser, mnkr",3214823
"inhemsk slutlig användning","2008","Fasta priser referensår 2020, mnkr",3975940
"inhemsk slutlig användning","2008","Prisförändring, procent",3.4
"inhemsk slutlig användning","2008","Volymförändring, procent",-0.2
"inhemsk slutlig användning","2009","Löpande priser, mnkr",3159260
"inhemsk slutlig användning","2009","Fasta priser referensår 2020, mnkr",3833521
"inhemsk slutlig användning","2009","Prisförändring, procent",1.9
"inhemsk slutlig användning","2009","Volymförändring, procent",-3.6
"inhemsk slutlig användning","2010","Löpande priser, mnkr",3385922
"inhemsk slutlig användning","2010","Fasta priser referensår 2020, mnkr",4060857
"inhemsk slutlig användning","2010","Prisförändring, procent",1.2
"inhemsk slutlig användning","2010","Volymförändring, procent",5.9
"inhemsk slutlig användning","2011","Löpande priser, mnkr",3540416
"inhemsk slutlig användning","2011","Fasta priser referensår 2020, mnkr",4181024
"inhemsk slutlig användning","2011","Prisförändring, procent",1.6
"inhemsk slutlig användning","2011","Volymförändring, procent",3.0
"inhemsk slutlig användning","2012","Löpande priser, mnkr",3561769
"inhemsk slutlig användning","2012","Fasta priser referensår 2020, mnkr",4158703
"inhemsk slutlig användning","2012","Prisförändring, procent",1.1
"inhemsk slutlig användning","2012","Volymförändring, procent",-0.5
"inhemsk slutlig användning","2013","Löpande priser, mnkr",3659158
"inhemsk slutlig användning","2013","Fasta priser referensår 2020, mnkr",4226048
"inhemsk slutlig användning","2013","Prisförändring, procent",1.1
"inhemsk slutlig användning","2013","Volymförändring, procent",1.6
"inhemsk slutlig användning","2014","Löpande priser, mnkr",3841011
"inhemsk slutlig användning","2014","Fasta priser referensår 2020, mnkr",4364514
"inhemsk slutlig användning","2014","Prisförändring, procent",1.6
"inhemsk slutlig användning","2014","Volymförändring, procent",3.3
"inhemsk slutlig användning","2015","Löpande priser, mnkr",4093437
"inhemsk slutlig användning","2015","Fasta priser referensår 2020, mnkr",4567813
"inhemsk slutlig användning","2015","Prisförändring, procent",1.8
"inhemsk slutlig användning","2015","Volymförändring, procent",4.7
"inhemsk slutlig användning","2016","Löpande priser, mnkr",4286357
"inhemsk slutlig användning","2016","Fasta priser referensår 2020, mnkr",4712805
"inhemsk slutlig användning","2016","Prisförändring, procent",1.5
"inhemsk slutlig användning","2016","Volymförändring, procent",3.2
"inhemsk slutlig användning","2017","Löpande priser, mnkr",4494309
"inhemsk slutlig användning","2017","Fasta priser referensår 2020, mnkr",4821320
"inhemsk slutlig användning","2017","Prisförändring, procent",2.5
"inhemsk slutlig användning","2017","Volymförändring, procent",2.3
"inhemsk slutlig användning","2018","Löpande priser, mnkr",4707460
"inhemsk slutlig användning","2018","Fasta priser referensår 2020, mnkr",4900703
"inhemsk slutlig användning","2018","Prisförändring, procent",3.0
"inhemsk slutlig användning","2018","Volymförändring, procent",1.6
"inhemsk slutlig användning","2019","Löpande priser, mnkr",4829255
"inhemsk slutlig användning","2019","Fasta priser referensår 2020, mnkr",4915402
"inhemsk slutlig användning","2019","Prisförändring, procent",2.3
"inhemsk slutlig användning","2019","Volymförändring, procent",0.3
"inhemsk slutlig användning","2020","Löpande priser, mnkr",4807320
"inhemsk slutlig användning","2020","Fasta priser referensår 2020, mnkr",4807320
"inhemsk slutlig användning","2020","Prisförändring, procent",1.8
"inhemsk slutlig användning","2020","Volymförändring, procent",-2.2
"inhemsk slutlig användning","2021","Löpande priser, mnkr",5208730
"inhemsk slutlig användning","2021","Fasta priser referensår 2020, mnkr",5082316
"inhemsk slutlig användning","2021","Prisförändring, procent",2.5
"inhemsk slutlig användning","2021","Volymförändring, procent",5.7
"inhemsk slutlig användning","2022","Löpande priser, mnkr",5728449
"inhemsk slutlig användning","2022","Fasta priser referensår 2020, mnkr",5222767
"inhemsk slutlig användning","2022","Prisförändring, procent",7.0
"inhemsk slutlig användning","2022","Volymförändring, procent",2.8
"inhemsk slutlig användning","2023","Löpande priser, mnkr",5972895
"inhemsk slutlig användning","2023","Fasta priser referensår 2020, mnkr",5121346
"inhemsk slutlig användning","2023","Prisförändring, procent",6.3
"inhemsk slutlig användning","2023","Volymförändring, procent",-1.9
"inhemsk slutlig användning","2024","Löpande priser, mnkr",6213788
"inhemsk slutlig användning","2024","Fasta priser referensår 2020, mnkr",5178283
"inhemsk slutlig användning","2024","Prisförändring, procent",2.9
"inhemsk slutlig användning","2024","Volymförändring, procent",1.1
"export av varor och tjänster","1980","Löpande priser, mnkr",164544
"export av varor och tjänster","1980","Fasta priser referensår 2020, mnkr",377228
"export av varor och tjänster","1980","Prisförändring, procent",..
"export av varor och tjänster","1980","Volymförändring, procent",..
"export av varor och tjänster","1981","Löpande priser, mnkr",183657
"export av varor och tjänster","1981","Fasta priser referensår 2020, mnkr",386712
"export av varor och tjänster","1981","Prisförändring, procent",8.9
"export av varor och tjänster","1981","Volymförändring, procent",2.5
"export av varor och tjänster","1982","Löpande priser, mnkr",217211
"export av varor och tjänster","1982","Fasta priser referensår 2020, mnkr",412177
"export av varor och tjänster","1982","Prisförändring, procent",11.0
"export av varor och tjänster","1982","Volymförändring, procent",6.6
"export av varor och tjänster","1983","Löpande priser, mnkr",267929
"export av varor och tjänster","1983","Fasta priser referensår 2020, mnkr",452713
"export av varor och tjänster","1983","Prisförändring, procent",12.3
"export av varor och tjänster","1983","Volymförändring, procent",9.8
"export av varor och tjänster","1984","Löpande priser, mnkr",306824
"export av varor och tjänster","1984","Fasta priser referensår 2020, mnkr",485158
"export av varor och tjänster","1984","Prisförändring, procent",6.9
"export av varor och tjänster","1984","Volymförändring, procent",7.2
"export av varor och tjänster","1985","Löpande priser, mnkr",323228
"export av varor och tjänster","1985","Fasta priser referensår 2020, mnkr",491418
"export av varor och tjänster","1985","Prisförändring, procent",4.0
"export av varor och tjänster","1985","Volymförändring, procent",1.3
"export av varor och tjänster","1986","Löpande priser, mnkr",329371
"export av varor och tjänster","1986","Fasta priser referensår 2020, mnkr",508537
"export av varor och tjänster","1986","Prisförändring, procent",-1.5
"export av varor och tjänster","1986","Volymförändring, procent",3.5
"export av varor och tjänster","1987","Löpande priser, mnkr",351549
"export av varor och tjänster","1987","Fasta priser referensår 2020, mnkr",528698
"export av varor och tjänster","1987","Prisförändring, procent",2.7
"export av varor och tjänster","1987","Volymförändring, procent",4.0
"export av varor och tjänster","1988","Löpande priser, mnkr",380870
"export av varor och tjänster","1988","Fasta priser referensår 2020, mnkr",545627
"export av varor och tjänster","1988","Prisförändring, procent",5.0
"export av varor och tjänster","1988","Volymförändring, procent",3.2
"export av varor och tjänster","1989","Löpande priser, mnkr",418387
"export av varor och tjänster","1989","Fasta priser referensår 2020, mnkr",562705
"export av varor och tjänster","1989","Prisförändring, procent",6.5
"export av varor och tjänster","1989","Volymförändring, procent",3.1
"export av varor och tjänster","1990","Löpande priser, mnkr",434760
"export av varor och tjänster","1990","Fasta priser referensår 2020, mnkr",575992
"export av varor och tjänster","1990","Prisförändring, procent",1.5
"export av varor och tjänster","1990","Volymförändring, procent",2.4
"export av varor och tjänster","1991","Löpande priser, mnkr",434270
"export av varor och tjänster","1991","Fasta priser referensår 2020, mnkr",565210
"export av varor och tjänster","1991","Prisförändring, procent",1.8
"export av varor och tjänster","1991","Volymförändring, procent",-1.9
"export av varor och tjänster","1992","Löpande priser, mnkr",432129
"export av varor och tjänster","1992","Fasta priser referensår 2020, mnkr",578734
"export av varor och tjänster","1992","Prisförändring, procent",-2.8
"export av varor och tjänster","1992","Volymförändring, procent",2.4
"export av varor och tjänster","1993","Löpande priser, mnkr",506509
"export av varor och tjänster","1993","Fasta priser referensår 2020, mnkr",624995
"export av varor och tjänster","1993","Prisförändring, procent",8.5
"export av varor och tjänster","1993","Volymförändring, procent",8.0
"export av varor och tjänster","1994","Löpande priser, mnkr",596662
"export av varor och tjänster","1994","Fasta priser referensår 2020, mnkr",709995
"export av varor och tjänster","1994","Prisförändring, procent",3.7
"export av varor och tjänster","1994","Volymförändring, procent",13.6
"export av varor och tjänster","1995","Löpande priser, mnkr",711306
"export av varor och tjänster","1995","Fasta priser referensår 2020, mnkr",789805
"export av varor och tjänster","1995","Prisförändring, procent",7.2
"export av varor och tjänster","1995","Volymförändring, procent",11.2
"export av varor och tjänster","1996","Löpande priser, mnkr",707291
"export av varor och tjänster","1996","Fasta priser referensår 2020, mnkr",823734
"export av varor och tjänster","1996","Prisförändring, procent",-4.7
"export av varor och tjänster","1996","Volymförändring, procent",4.3
"export av varor och tjänster","1997","Löpande priser, mnkr",803487
"export av varor och tjänster","1997","Fasta priser referensår 2020, mnkr",937669
"export av varor och tjänster","1997","Prisförändring, procent",-0.2
"export av varor och tjänster","1997","Volymförändring, procent",13.8
"export av varor och tjänster","1998","Löpande priser, mnkr",864216
"export av varor och tjänster","1998","Fasta priser referensår 2020, mnkr",1021043
"export av varor och tjänster","1998","Prisförändring, procent",-1.2
"export av varor och tjänster","1998","Volymförändring, procent",8.9
"export av varor och tjänster","1999","Löpande priser, mnkr",910619
"export av varor och tjänster","1999","Fasta priser referensår 2020, mnkr",1093016
"export av varor och tjänster","1999","Prisförändring, procent",-1.6
"export av varor och tjänster","1999","Volymförändring, procent",7.0
"export av varor och tjänster","2000","Löpande priser, mnkr",1041685
"export av varor och tjänster","2000","Fasta priser referensår 2020, mnkr",1221554
"export av varor och tjänster","2000","Prisförändring, procent",2.4
"export av varor och tjänster","2000","Volymförändring, procent",11.8
"export av varor och tjänster","2001","Löpande priser, mnkr",1074540
"export av varor och tjänster","2001","Fasta priser referensår 2020, mnkr",1227976
"export av varor och tjänster","2001","Prisförändring, procent",2.6
"export av varor och tjänster","2001","Volymförändring, procent",0.5
"export av varor och tjänster","2002","Löpande priser, mnkr",1071614
"export av varor och tjänster","2002","Fasta priser referensår 2020, mnkr",1248081
"export av varor och tjänster","2002","Prisförändring, procent",-1.9
"export av varor och tjänster","2002","Volymförändring, procent",1.6
"export av varor och tjänster","2003","Löpande priser, mnkr",1089643
"export av varor och tjänster","2003","Fasta priser referensår 2020, mnkr",1300939
"export av varor och tjänster","2003","Prisförändring, procent",-2.4
"export av varor och tjänster","2003","Volymförändring, procent",4.2
"export av varor och tjänster","2004","Löpande priser, mnkr",1207231
"export av varor och tjänster","2004","Fasta priser referensår 2020, mnkr",1446901
"export av varor och tjänster","2004","Prisförändring, procent",-0.4
"export av varor och tjänster","2004","Volymförändring, procent",11.2
"export av varor och tjänster","2005","Löpande priser, mnkr",1326914
"export av varor och tjänster","2005","Fasta priser referensår 2020, mnkr",1549052
"export av varor och tjänster","2005","Prisförändring, procent",2.7
"export av varor och tjänster","2005","Volymförändring, procent",7.1
"export av varor och tjänster","2006","Löpande priser, mnkr",1483878
"export av varor och tjänster","2006","Fasta priser referensår 2020, mnkr",1677876
"export av varor och tjänster","2006","Prisförändring, procent",3.2
"export av varor och tjänster","2006","Volymförändring, procent",8.3
"export av varor och tjänster","2007","Löpande priser, mnkr",1580684
"export av varor och tjänster","2007","Fasta priser referensår 2020, mnkr",1751888
"export av varor och tjänster","2007","Prisförändring, procent",2.0
"export av varor och tjänster","2007","Volymförändring, procent",4.4
"export av varor och tjänster","2008","Löpande priser, mnkr",1662496
"export av varor och tjänster","2008","Fasta priser referensår 2020, mnkr",1769478
"export av varor och tjänster","2008","Prisförändring, procent",4.1
"export av varor och tjänster","2008","Volymförändring, procent",1.0
"export av varor och tjänster","2009","Löpande priser, mnkr",1444640
"export av varor och tjänster","2009","Fasta priser referensår 2020, mnkr",1516744
"export av varor och tjänster","2009","Prisförändring, procent",1.4
"export av varor och tjänster","2009","Volymförändring, procent",-14.3
"export av varor och tjänster","2010","Löpande priser, mnkr",1593814
"export av varor och tjänster","2010","Fasta priser referensår 2020, mnkr",1684353
"export av varor och tjänster","2010","Prisförändring, procent",-0.7
"export av varor och tjänster","2010","Volymförändring, procent",11.1
"export av varor och tjänster","2011","Löpande priser, mnkr",1682510
"export av varor och tjänster","2011","Fasta priser referensår 2020, mnkr",1798488
"export av varor och tjänster","2011","Prisförändring, procent",-1.1
"export av varor och tjänster","2011","Volymförändring, procent",6.8
"export av varor och tjänster","2012","Löpande priser, mnkr",1669824
"export av varor och tjänster","2012","Fasta priser referensår 2020, mnkr",1811223
"export av varor och tjänster","2012","Prisförändring, procent",-1.5
"export av varor och tjänster","2012","Volymförändring, procent",0.7
"export av varor och tjänster","2013","Löpande priser, mnkr",1626105
"export av varor och tjänster","2013","Fasta priser referensår 2020, mnkr",1808926
"export av varor och tjänster","2013","Prisförändring, procent",-2.5
"export av varor och tjänster","2013","Volymförändring, procent",-0.1
"export av varor och tjänster","2014","Löpande priser, mnkr",1722559
"export av varor och tjänster","2014","Fasta priser referensår 2020, mnkr",1879811
"export av varor och tjänster","2014","Prisförändring, procent",1.9
"export av varor och tjänster","2014","Volymförändring, procent",3.9
"export av varor och tjänster","2015","Löpande priser, mnkr",1849404
"export av varor och tjänster","2015","Fasta priser referensår 2020, mnkr",1975501
"export av varor och tjänster","2015","Prisförändring, procent",2.2
"export av varor och tjänster","2015","Volymförändring, procent",5.1
"export av varor och tjänster","2016","Löpande priser, mnkr",1886161
"export av varor och tjänster","2016","Fasta priser referensår 2020, mnkr",2035980
"export av varor och tjänster","2016","Prisförändring, procent",-1.0
"export av varor och tjänster","2016","Volymförändring, procent",3.1
"export av varor och tjänster","2017","Löpande priser, mnkr",2009287
"export av varor och tjänster","2017","Fasta priser referensår 2020, mnkr",2103104
"export av varor och tjänster","2017","Prisförändring, procent",3.1
"export av varor och tjänster","2017","Volymförändring, procent",3.3
"export av varor och tjänster","2018","Löpande priser, mnkr",2194979
"export av varor och tjänster","2018","Fasta priser referensår 2020, mnkr",2194836
"export av varor och tjänster","2018","Prisförändring, procent",4.7
"export av varor och tjänster","2018","Volymförändring, procent",4.4
"export av varor och tjänster","2019","Löpande priser, mnkr",2424758
"export av varor och tjänster","2019","Fasta priser referensår 2020, mnkr",2347481
"export av varor och tjänster","2019","Prisförändring, procent",3.3
"export av varor och tjänster","2019","Volymförändring, procent",7.0
"export av varor och tjänster","2020","Löpande priser, mnkr",2220062
"export av varor och tjänster","2020","Fasta priser referensår 2020, mnkr",2220062
"export av varor och tjänster","2020","Prisförändring, procent",-3.2
"export av varor och tjänster","2020","Volymförändring, procent",-5.4
"export av varor och tjänster","2021","Löpande priser, mnkr",2572582
"export av varor och tjänster","2021","Fasta priser referensår 2020, mnkr",2476658
"export av varor och tjänster","2021","Prisförändring, procent",3.9
"export av varor och tjänster","2021","Volymförändring, procent",11.6
"export av varor och tjänster","2022","Löpande priser, mnkr",3159015
"export av varor och tjänster","2022","Fasta priser referensår 2020, mnkr",2626582
"export av varor och tjänster","2022","Prisförändring, procent",15.8
"export av varor och tjänster","2022","Volymförändring, procent",6.1
"export av varor och tjänster","2023","Löpande priser, mnkr",3390786
"export av varor och tjänster","2023","Fasta priser referensår 2020, mnkr",2693901
"export av varor och tjänster","2023","Prisförändring, procent",4.7
"export av varor och tjänster","2023","Volymförändring, procent",2.6
"export av varor och tjänster","2024","Löpande priser, mnkr",3492246
"export av varor och tjänster","2024","Fasta priser referensår 2020, mnkr",2773082
"export av varor och tjänster","2024","Prisförändring, procent",0.1
"export av varor och tjänster","2024","Volymförändring, procent",2.9
"export av varor","1980","Löpande priser, mnkr",134698
"export av varor","1980","Fasta priser referensår 2020, mnkr",288885
"export av varor","1980","Prisförändring, procent",..
"export av varor","1980","Volymförändring, procent",..
"export av varor","1981","Löpande priser, mnkr",149195
"export av varor","1981","Fasta priser referensår 2020, mnkr",294086
"export av varor","1981","Prisförändring, procent",8.8
"export av varor","1981","Volymförändring, procent",1.8
"export av varor","1982","Löpande priser, mnkr",173389
"export av varor","1982","Fasta priser referensår 2020, mnkr",305497
"export av varor","1982","Prisförändring, procent",11.9
"export av varor","1982","Volymförändring, procent",3.9
"export av varor","1983","Löpande priser, mnkr",217306
"export av varor","1983","Fasta priser referensår 2020, mnkr",342391
"export av varor","1983","Prisförändring, procent",11.8
"export av varor","1983","Volymförändring, procent",12.1
"export av varor","1984","Löpande priser, mnkr",250567
"export av varor","1984","Fasta priser referensår 2020, mnkr",369298
"export av varor","1984","Prisförändring, procent",6.9
"export av varor","1984","Volymförändring, procent",7.9
"export av varor","1985","Löpande priser, mnkr",268552
"export av varor","1985","Fasta priser referensår 2020, mnkr",381190
"export av varor","1985","Prisförändring, procent",3.8
"export av varor","1985","Volymförändring, procent",3.2
"export av varor","1986","Löpande priser, mnkr",273239
"export av varor","1986","Fasta priser referensår 2020, mnkr",392826
"export av varor","1986","Prisförändring, procent",-1.3
"export av varor","1986","Volymförändring, procent",3.1
"export av varor","1987","Löpande priser, mnkr",290250
"export av varor","1987","Fasta priser referensår 2020, mnkr",407576
"export av varor","1987","Prisförändring, procent",2.4
"export av varor","1987","Volymförändring, procent",3.8
"export av varor","1988","Löpande priser, mnkr",315026
"export av varor","1988","Fasta priser referensår 2020, mnkr",420308
"export av varor","1988","Prisförändring, procent",5.2
"export av varor","1988","Volymförändring, procent",3.1
"export av varor","1989","Löpande priser, mnkr",343855
"export av varor","1989","Fasta priser referensår 2020, mnkr",431819
"export av varor","1989","Prisförändring, procent",6.2
"export av varor","1989","Volymförändring, procent",2.7
"export av varor","1990","Löpande priser, mnkr",351980
"export av varor","1990","Fasta priser referensår 2020, mnkr",433590
"export av varor","1990","Prisförändring, procent",1.9
"export av varor","1990","Volymförändring, procent",0.4
"export av varor","1991","Löpande priser, mnkr",345909
"export av varor","1991","Fasta priser referensår 2020, mnkr",425314
"export av varor","1991","Prisförändring, procent",0.2
"export av varor","1991","Volymförändring, procent",-1.9
"export av varor","1992","Löpande priser, mnkr",340205
"export av varor","1992","Fasta priser referensår 2020, mnkr",431177
"export av varor","1992","Prisförändring, procent",-3.0
"export av varor","1992","Volymförändring, procent",1.4
"export av varor","1993","Löpande priser, mnkr",402855
"export av varor","1993","Fasta priser referensår 2020, mnkr",471012
"export av varor","1993","Prisförändring, procent",8.4
"export av varor","1993","Volymförändring, procent",9.2
"export av varor","1994","Löpande priser, mnkr",486821
"export av varor","1994","Fasta priser referensår 2020, mnkr",548232
"export av varor","1994","Prisförändring, procent",3.8
"export av varor","1994","Volymförändring, procent",16.4
"export av varor","1995","Löpande priser, mnkr",596683
"export av varor","1995","Fasta priser referensår 2020, mnkr",624836
"export av varor","1995","Prisförändring, procent",7.5
"export av varor","1995","Volymförändring, procent",14.0
"export av varor","1996","Löpande priser, mnkr",590700
"export av varor","1996","Fasta priser referensår 2020, mnkr",653939
"export av varor","1996","Prisförändring, procent",-5.4
"export av varor","1996","Volymförändring, procent",4.7
"export av varor","1997","Löpande priser, mnkr",668058
"export av varor","1997","Fasta priser referensår 2020, mnkr",742577
"export av varor","1997","Prisförändring, procent",-0.4
"export av varor","1997","Volymförändring, procent",13.6
"export av varor","1998","Löpande priser, mnkr",713527
"export av varor","1998","Fasta priser referensår 2020, mnkr",805763
"export av varor","1998","Prisförändring, procent",-1.6
"export av varor","1998","Volymförändring, procent",8.5
"export av varor","1999","Löpande priser, mnkr",742126
"export av varor","1999","Fasta priser referensår 2020, mnkr",855912
"export av varor","1999","Prisförändring, procent",-2.1
"export av varor","1999","Volymförändring, procent",6.2
"export av varor","2000","Löpande priser, mnkr",842282
"export av varor","2000","Fasta priser referensår 2020, mnkr",955120
"export av varor","2000","Prisförändring, procent",1.7
"export av varor","2000","Volymförändring, procent",11.6
"export av varor","2001","Löpande priser, mnkr",842754
"export av varor","2001","Fasta priser referensår 2020, mnkr",932849
"export av varor","2001","Prisförändring, procent",2.4
"export av varor","2001","Volymförändring, procent",-2.3
"export av varor","2002","Löpande priser, mnkr",841588
"export av varor","2002","Fasta priser referensår 2020, mnkr",953220
"export av varor","2002","Prisförändring, procent",-2.3
"export av varor","2002","Volymförändring, procent",2.2
"export av varor","2003","Löpande priser, mnkr",856807
"export av varor","2003","Fasta priser referensår 2020, mnkr",996644
"export av varor","2003","Prisförändring, procent",-2.6
"export av varor","2003","Volymförändring, procent",4.6
"export av varor","2004","Löpande priser, mnkr",942772
"export av varor","2004","Fasta priser referensår 2020, mnkr",1107590
"export av varor","2004","Prisförändring, procent",-1.0
"export av varor","2004","Volymförändring, procent",11.1
"export av varor","2005","Löpande priser, mnkr",1034605
"export av varor","2005","Fasta priser referensår 2020, mnkr",1183486
"export av varor","2005","Prisförändring, procent",2.7
"export av varor","2005","Volymförändring, procent",6.9
"export av varor","2006","Löpande priser, mnkr",1153515
"export av varor","2006","Fasta priser referensår 2020, mnkr",1279578
"export av varor","2006","Prisförändring, procent",3.1
"export av varor","2006","Volymförändring, procent",8.1
"export av varor","2007","Löpande priser, mnkr",1221377
"export av varor","2007","Fasta priser referensår 2020, mnkr",1328077
"export av varor","2007","Prisförändring, procent",2.0
"export av varor","2007","Volymförändring, procent",3.8
"export av varor","2008","Löpande priser, mnkr",1273758
"export av varor","2008","Fasta priser referensår 2020, mnkr",1329855
"export av varor","2008","Prisförändring, procent",4.1
"export av varor","2008","Volymförändring, procent",0.1
"export av varor","2009","Löpande priser, mnkr",1052932
"export av varor","2009","Fasta priser referensår 2020, mnkr",1082435
"export av varor","2009","Prisförändring, procent",1.6
"export av varor","2009","Volymförändring, procent",-18.6
"export av varor","2010","Löpande priser, mnkr",1208650
"export av varor","2010","Fasta priser referensår 2020, mnkr",1254986
"export av varor","2010","Prisförändring, procent",-1.0
"export av varor","2010","Volymförändring, procent",15.9
"export av varor","2011","Löpande priser, mnkr",1283312
"export av varor","2011","Fasta priser referensår 2020, mnkr",1357155
"export av varor","2011","Prisförändring, procent",-1.8
"export av varor","2011","Volymförändring, procent",8.1
"export av varor","2012","Löpande priser, mnkr",1249775
"export av varor","2012","Fasta priser referensår 2020, mnkr",1347957
"export av varor","2012","Prisförändring, procent",-1.9
"export av varor","2012","Volymförändring, procent",-0.7
"export av varor","2013","Löpande priser, mnkr",1169541
"export av varor","2013","Fasta priser referensår 2020, mnkr",1302764
"export av varor","2013","Prisförändring, procent",-3.2
"export av varor","2013","Volymförändring, procent",-3.4
"export av varor","2014","Löpande priser, mnkr",1238745
"export av varor","2014","Fasta priser referensår 2020, mnkr",1351753
"export av varor","2014","Prisförändring, procent",2.1
"export av varor","2014","Volymförändring, procent",3.8
"export av varor","2015","Löpande priser, mnkr",1278225
"export av varor","2015","Fasta priser referensår 2020, mnkr",1372080
"export av varor","2015","Prisförändring, procent",1.7
"export av varor","2015","Volymförändring, procent",1.5
"export av varor","2016","Löpande priser, mnkr",1288097
"export av varor","2016","Fasta priser referensår 2020, mnkr",1403115
"export av varor","2016","Prisförändring, procent",-1.5
"export av varor","2016","Volymförändring, procent",2.3
"export av varor","2017","Löpande priser, mnkr",1416405
"export av varor","2017","Fasta priser referensår 2020, mnkr",1482171
"export av varor","2017","Prisförändring, procent",4.1
"export av varor","2017","Volymförändring, procent",5.6
"export av varor","2018","Löpande priser, mnkr",1570184
"export av varor","2018","Fasta priser referensår 2020, mnkr",1554341
"export av varor","2018","Prisförändring, procent",5.7
"export av varor","2018","Volymförändring, procent",4.9
"export av varor","2019","Löpande priser, mnkr",1695086
"export av varor","2019","Fasta priser referensår 2020, mnkr",1621391
"export av varor","2019","Prisförändring, procent",3.5
"export av varor","2019","Volymförändring, procent",4.3
"export av varor","2020","Löpande priser, mnkr",1579830
"export av varor","2020","Fasta priser referensår 2020, mnkr",1579830
"export av varor","2020","Prisförändring, procent",-4.3
"export av varor","2020","Volymförändring, procent",-2.6
"export av varor","2021","Löpande priser, mnkr",1825534
"export av varor","2021","Fasta priser referensår 2020, mnkr",1734749
"export av varor","2021","Prisförändring, procent",5.2
"export av varor","2021","Volymförändring, procent",9.8
"export av varor","2022","Löpande priser, mnkr",2226365
"export av varor","2022","Fasta priser referensår 2020, mnkr",1785344
"export av varor","2022","Prisförändring, procent",18.5
"export av varor","2022","Volymförändring, procent",2.9
"export av varor","2023","Löpande priser, mnkr",2324288
"export av varor","2023","Fasta priser referensår 2020, mnkr",1776859
"export av varor","2023","Prisförändring, procent",4.9
"export av varor","2023","Volymförändring, procent",-0.5
"export av varor","2024","Löpande priser, mnkr",2332502
"export av varor","2024","Fasta priser referensår 2020, mnkr",1793986
"export av varor","2024","Prisförändring, procent",-0.6
"export av varor","2024","Volymförändring, procent",1.0
"export av tjänster","1980","Löpande priser, mnkr",29846
"export av tjänster","1980","Fasta priser referensår 2020, mnkr",88754
"export av tjänster","1980","Prisförändring, procent",..
"export av tjänster","1980","Volymförändring, procent",..
"export av tjänster","1981","Löpande priser, mnkr",34462
"export av tjänster","1981","Fasta priser referensår 2020, mnkr",93845
"export av tjänster","1981","Prisförändring, procent",9.2
"export av tjänster","1981","Volymförändring, procent",5.7
"export av tjänster","1982","Löpande priser, mnkr",43822
"export av tjänster","1982","Fasta priser referensår 2020, mnkr",111014
"export av tjänster","1982","Prisförändring, procent",7.5
"export av tjänster","1982","Volymförändring, procent",18.3
"export av tjänster","1983","Löpande priser, mnkr",50623
"export av tjänster","1983","Fasta priser referensår 2020, mnkr",112083
"export av tjänster","1983","Prisförändring, procent",14.4
"export av tjänster","1983","Volymförändring, procent",1.0
"export av tjänster","1984","Löpande priser, mnkr",56257
"export av tjänster","1984","Fasta priser referensår 2020, mnkr",116788
"export av tjänster","1984","Prisförändring, procent",6.7
"export av tjänster","1984","Volymförändring, procent",4.2
"export av tjänster","1985","Löpande priser, mnkr",54676
"export av tjänster","1985","Fasta priser referensår 2020, mnkr",108256
"export av tjänster","1985","Prisförändring, procent",4.8
"export av tjänster","1985","Volymförändring, procent",-7.3
"export av tjänster","1986","Löpande priser, mnkr",56132
"export av tjänster","1986","Fasta priser referensår 2020, mnkr",114319
"export av tjänster","1986","Prisförändring, procent",-2.8
"export av tjänster","1986","Volymförändring, procent",5.6
"export av tjänster","1987","Löpande priser, mnkr",61299
"export av tjänster","1987","Fasta priser referensår 2020, mnkr",120017
"export av tjänster","1987","Prisförändring, procent",4.0
"export av tjänster","1987","Volymförändring, procent",5.0
"export av tjänster","1988","Löpande priser, mnkr",65844
"export av tjänster","1988","Fasta priser referensår 2020, mnkr",124305
"export av tjänster","1988","Prisförändring, procent",3.7
"export av tjänster","1988","Volymförändring, procent",3.6
"export av tjänster","1989","Löpande priser, mnkr",74532
"export av tjänster","1989","Fasta priser referensår 2020, mnkr",130522
"export av tjänster","1989","Prisförändring, procent",7.8
"export av tjänster","1989","Volymförändring, procent",5.0
"export av tjänster","1990","Löpande priser, mnkr",82780
"export av tjänster","1990","Fasta priser referensår 2020, mnkr",145353
"export av tjänster","1990","Prisförändring, procent",-0.3
"export av tjänster","1990","Volymförändring, procent",11.4
"export av tjänster","1991","Löpande priser, mnkr",88361
"export av tjänster","1991","Fasta priser referensår 2020, mnkr",142860
"export av tjänster","1991","Prisförändring, procent",8.6
"export av tjänster","1991","Volymförändring, procent",-1.7
"export av tjänster","1992","Löpande priser, mnkr",91924
"export av tjänster","1992","Fasta priser referensår 2020, mnkr",151951
"export av tjänster","1992","Prisförändring, procent",-2.2
"export av tjänster","1992","Volymförändring, procent",6.4
"export av tjänster","1993","Löpande priser, mnkr",103654
"export av tjänster","1993","Fasta priser referensår 2020, mnkr",157095
"export av tjänster","1993","Prisförändring, procent",9.1
"export av tjänster","1993","Volymförändring, procent",3.4
"export av tjänster","1994","Löpande priser, mnkr",109841
"export av tjänster","1994","Fasta priser referensår 2020, mnkr",161399
"export av tjänster","1994","Prisförändring, procent",3.1
"export av tjänster","1994","Volymförändring, procent",2.7
"export av tjänster","1995","Löpande priser, mnkr",114623
"export av tjänster","1995","Fasta priser referensår 2020, mnkr",159999
"export av tjänster","1995","Prisförändring, procent",5.3
"export av tjänster","1995","Volymförändring, procent",-0.9
"export av tjänster","1996","Löpande priser, mnkr",116591
"export av tjänster","1996","Fasta priser referensår 2020, mnkr",163859
"export av tjänster","1996","Prisförändring, procent",-0.7
"export av tjänster","1996","Volymförändring, procent",2.4
"export av tjänster","1997","Löpande priser, mnkr",135429
"export av tjänster","1997","Fasta priser referensår 2020, mnkr",188824
"export av tjänster","1997","Prisförändring, procent",0.8
"export av tjänster","1997","Volymförändring, procent",15.2
"export av tjänster","1998","Löpande priser, mnkr",150689
"export av tjänster","1998","Fasta priser referensår 2020, mnkr",209178
"export av tjänster","1998","Prisförändring, procent",0.4
"export av tjänster","1998","Volymförändring, procent",10.8
"export av tjänster","1999","Löpande priser, mnkr",168493
"export av tjänster","1999","Fasta priser referensår 2020, mnkr",232096
"export av tjänster","1999","Prisförändring, procent",0.8
"export av tjänster","1999","Volymförändring, procent",11.0
"export av tjänster","2000","Löpande priser, mnkr",199403
"export av tjänster","2000","Fasta priser referensår 2020, mnkr",261118
"export av tjänster","2000","Prisförändring, procent",5.2
"export av tjänster","2000","Volymförändring, procent",12.5
"export av tjänster","2001","Löpande priser, mnkr",231786
"export av tjänster","2001","Fasta priser referensår 2020, mnkr",294007
"export av tjänster","2001","Prisförändring, procent",3.2
"export av tjänster","2001","Volymförändring, procent",12.6
"export av tjänster","2002","Löpande priser, mnkr",230026
"export av tjänster","2002","Fasta priser referensår 2020, mnkr",292978
"export av tjänster","2002","Prisförändring, procent",-0.4
"export av tjänster","2002","Volymförändring, procent",-0.3
"export av tjänster","2003","Löpande priser, mnkr",232836
"export av tjänster","2003","Fasta priser referensår 2020, mnkr",301951
"export av tjänster","2003","Prisförändring, procent",-1.8
"export av tjänster","2003","Volymförändring, procent",3.1
"export av tjänster","2004","Löpande priser, mnkr",264459
"export av tjänster","2004","Fasta priser referensår 2020, mnkr",336805
"export av tjänster","2004","Prisförändring, procent",1.8
"export av tjänster","2004","Volymförändring, procent",11.5
"export av tjänster","2005","Löpande priser, mnkr",292309
"export av tjänster","2005","Fasta priser referensår 2020, mnkr",363076
"export av tjänster","2005","Prisförändring, procent",2.5
"export av tjänster","2005","Volymförändring, procent",7.8
"export av tjänster","2006","Löpande priser, mnkr",330363
"export av tjänster","2006","Fasta priser referensår 2020, mnkr",395800
"export av tjänster","2006","Prisförändring, procent",3.7
"export av tjänster","2006","Volymförändring, procent",9.0
"export av tjänster","2007","Löpande priser, mnkr",359307
"export av tjänster","2007","Fasta priser referensår 2020, mnkr",421839
"export av tjänster","2007","Prisförändring, procent",2.0
"export av tjänster","2007","Volymförändring, procent",6.6
"export av tjänster","2008","Löpande priser, mnkr",388738
"export av tjänster","2008","Fasta priser referensår 2020, mnkr",438553
"export av tjänster","2008","Prisförändring, procent",4.1
"export av tjänster","2008","Volymförändring, procent",4.0
"export av tjänster","2009","Löpande priser, mnkr",391708
"export av tjänster","2009","Fasta priser referensår 2020, mnkr",438022
"export av tjänster","2009","Prisförändring, procent",0.9
"export av tjänster","2009","Volymförändring, procent",-0.1
"export av tjänster","2010","Löpande priser, mnkr",385164
"export av tjänster","2010","Fasta priser referensår 2020, mnkr",428845
"export av tjänster","2010","Prisförändring, procent",0.4
"export av tjänster","2010","Volymförändring, procent",-2.1
"export av tjänster","2011","Löpande priser, mnkr",399198
"export av tjänster","2011","Fasta priser referensår 2020, mnkr",439537
"export av tjänster","2011","Prisförändring, procent",1.1
"export av tjänster","2011","Volymförändring, procent",2.5
"export av tjänster","2012","Löpande priser, mnkr",420049
"export av tjänster","2012","Fasta priser referensår 2020, mnkr",462232
"export av tjänster","2012","Prisförändring, procent",0.1
"export av tjänster","2012","Volymförändring, procent",5.2
"export av tjänster","2013","Löpande priser, mnkr",456564
"export av tjänster","2013","Fasta priser referensår 2020, mnkr",506010
"export av tjänster","2013","Prisförändring, procent",-0.7
"export av tjänster","2013","Volymförändring, procent",9.5
"export av tjänster","2014","Löpande priser, mnkr",483814
"export av tjänster","2014","Fasta priser referensår 2020, mnkr",527890
"export av tjänster","2014","Prisförändring, procent",1.6
"export av tjänster","2014","Volymförändring, procent",4.3
"export av tjänster","2015","Löpande priser, mnkr",571179
"export av tjänster","2015","Fasta priser referensår 2020, mnkr",603238
"export av tjänster","2015","Prisförändring, procent",3.3
"export av tjänster","2015","Volymförändring, procent",14.3
"export av tjänster","2016","Löpande priser, mnkr",598064
"export av tjänster","2016","Fasta priser referensår 2020, mnkr",632500
"export av tjänster","2016","Prisförändring, procent",-0.1
"export av tjänster","2016","Volymförändring, procent",4.9
"export av tjänster","2017","Löpande priser, mnkr",592882
"export av tjänster","2017","Fasta priser referensår 2020, mnkr",621511
"export av tjänster","2017","Prisförändring, procent",0.9
"export av tjänster","2017","Volymförändring, procent",-1.7
"export av tjänster","2018","Löpande priser, mnkr",624795
"export av tjänster","2018","Fasta priser referensår 2020, mnkr",641085
"export av tjänster","2018","Prisförändring, procent",2.2
"export av tjänster","2018","Volymförändring, procent",3.1
"export av tjänster","2019","Löpande priser, mnkr",729672
"export av tjänster","2019","Fasta priser referensår 2020, mnkr",728221
"export av tjänster","2019","Prisförändring, procent",2.8
"export av tjänster","2019","Volymförändring, procent",13.6
"export av tjänster","2020","Löpande priser, mnkr",640232
"export av tjänster","2020","Fasta priser referensår 2020, mnkr",640232
"export av tjänster","2020","Prisförändring, procent",-0.2
"export av tjänster","2020","Volymförändring, procent",-12.1
"export av tjänster","2021","Löpande priser, mnkr",747048
"export av tjänster","2021","Fasta priser referensår 2020, mnkr",741909
"export av tjänster","2021","Prisförändring, procent",0.7
"export av tjänster","2021","Volymförändring, procent",15.9
"export av tjänster","2022","Löpande priser, mnkr",932650
"export av tjänster","2022","Fasta priser referensår 2020, mnkr",843692
"export av tjänster","2022","Prisförändring, procent",9.8
"export av tjänster","2022","Volymförändring, procent",13.7
"export av tjänster","2023","Löpande priser, mnkr",1066498
"export av tjänster","2023","Fasta priser referensår 2020, mnkr",926506
"export av tjänster","2023","Prisförändring, procent",4.1
"export av tjänster","2023","Volymförändring, procent",9.8
"export av tjänster","2024","Löpande priser, mnkr",1159744
"export av tjänster","2024","Fasta priser referensår 2020, mnkr",993625
"export av tjänster","2024","Prisförändring, procent",1.4
"export av tjänster","2024","Volymförändring, procent",7.2
"summa slutlig användning","1980","Löpande priser, mnkr",764135
"summa slutlig användning","1980","Fasta priser referensår 2020, mnkr",2631801
"summa slutlig användning","1980","Prisförändring, procent",..
"summa slutlig användning","1980","Volymförändring, procent",..
"summa slutlig användning","1981","Löpande priser, mnkr",829585
"summa slutlig användning","1981","Fasta priser referensår 2020, mnkr",2599478
"summa slutlig användning","1981","Prisförändring, procent",9.9
"summa slutlig användning","1981","Volymförändring, procent",-1.2
"summa slutlig användning","1982","Löpande priser, mnkr",927266
"summa slutlig användning","1982","Fasta priser referensår 2020, mnkr",2655182
"summa slutlig användning","1982","Prisförändring, procent",9.4
"summa slutlig användning","1982","Volymförändring, procent",2.1
"summa slutlig användning","1983","Löpande priser, mnkr",1044493
"summa slutlig användning","1983","Fasta priser referensår 2020, mnkr",2700616
"summa slutlig användning","1983","Prisförändring, procent",10.7
"summa slutlig användning","1983","Volymförändring, procent",1.7
"summa slutlig användning","1984","Löpande priser, mnkr",1166169
"summa slutlig användning","1984","Fasta priser referensår 2020, mnkr",2823379
"summa slutlig användning","1984","Prisförändring, procent",6.8
"summa slutlig användning","1984","Volymförändring, procent",4.5
"summa slutlig användning","1985","Löpande priser, mnkr",1276484
"summa slutlig användning","1985","Fasta priser referensår 2020, mnkr",2924553
"summa slutlig användning","1985","Prisförändring, procent",5.7
"summa slutlig användning","1985","Volymförändring, procent",3.6
"summa slutlig användning","1986","Löpande priser, mnkr",1358667
"summa slutlig användning","1986","Fasta priser referensår 2020, mnkr",3018827
"summa slutlig användning","1986","Prisförändring, procent",3.1
"summa slutlig användning","1986","Volymförändring, procent",3.2
"summa slutlig användning","1987","Löpande priser, mnkr",1482367
"summa slutlig användning","1987","Fasta priser referensår 2020, mnkr",3149053
"summa slutlig användning","1987","Prisförändring, procent",4.6
"summa slutlig användning","1987","Volymförändring, procent",4.3
"summa slutlig användning","1988","Löpande priser, mnkr",1621235
"summa slutlig användning","1988","Fasta priser referensår 2020, mnkr",3246892
"summa slutlig användning","1988","Prisförändring, procent",6.1
"summa slutlig användning","1988","Volymförändring, procent",3.1
"summa slutlig användning","1989","Löpande priser, mnkr",1807372
"summa slutlig användning","1989","Fasta priser referensår 2020, mnkr",3366449
"summa slutlig användning","1989","Prisförändring, procent",7.5
"summa slutlig användning","1989","Volymförändring, procent",3.7
"summa slutlig användning","1990","Löpande priser, mnkr",1964690
"summa slutlig användning","1990","Fasta priser referensår 2020, mnkr",3386170
"summa slutlig användning","1990","Prisförändring, procent",8.1
"summa slutlig användning","1990","Volymförändring, procent",0.6
"summa slutlig användning","1991","Löpande priser, mnkr",2055990
"summa slutlig användning","1991","Fasta priser referensår 2020, mnkr",3319653
"summa slutlig användning","1991","Prisförändring, procent",6.7
"summa slutlig användning","1991","Volymförändring, procent",-2.0
"summa slutlig användning","1992","Löpande priser, mnkr",2053607
"summa slutlig användning","1992","Fasta priser referensår 2020, mnkr",3301968
"summa slutlig användning","1992","Prisförändring, procent",0.4
"summa slutlig användning","1992","Volymförändring, procent",-0.5
"summa slutlig användning","1993","Löpande priser, mnkr",2112412
"summa slutlig användning","1993","Fasta priser referensår 2020, mnkr",3234255
"summa slutlig användning","1993","Prisförändring, procent",5.0
"summa slutlig användning","1993","Volymförändring, procent",-2.1
"summa slutlig användning","1994","Löpande priser, mnkr",2296464
"summa slutlig användning","1994","Fasta priser referensår 2020, mnkr",3426089
"summa slutlig användning","1994","Prisförändring, procent",2.6
"summa slutlig användning","1994","Volymförändring, procent",5.9
"summa slutlig användning","1995","Löpande priser, mnkr",2501986
"summa slutlig användning","1995","Fasta priser referensår 2020, mnkr",3591338
"summa slutlig användning","1995","Prisförändring, procent",3.9
"summa slutlig användning","1995","Volymförändring, procent",4.8
"summa slutlig användning","1996","Löpande priser, mnkr",2552597
"summa slutlig användning","1996","Fasta priser referensår 2020, mnkr",3668561
"summa slutlig användning","1996","Prisförändring, procent",-0.1
"summa slutlig användning","1996","Volymförändring, procent",2.2
"summa slutlig användning","1997","Löpande priser, mnkr",2719070
"summa slutlig användning","1997","Fasta priser referensår 2020, mnkr",3861006
"summa slutlig användning","1997","Prisförändring, procent",1.2
"summa slutlig användning","1997","Volymförändring, procent",5.2
"summa slutlig användning","1998","Löpande priser, mnkr",2890130
"summa slutlig användning","1998","Fasta priser referensår 2020, mnkr",4089022
"summa slutlig användning","1998","Prisförändring, procent",0.4
"summa slutlig användning","1998","Volymförändring, procent",5.9
"summa slutlig användning","1999","Löpande priser, mnkr",3052358
"summa slutlig användning","1999","Fasta priser referensår 2020, mnkr",4275160
"summa slutlig användning","1999","Prisförändring, procent",1.0
"summa slutlig användning","1999","Volymförändring, procent",4.6
"summa slutlig användning","2000","Löpande priser, mnkr",3329571
"summa slutlig användning","2000","Fasta priser referensår 2020, mnkr",4560381
"summa slutlig användning","2000","Prisförändring, procent",2.3
"summa slutlig användning","2000","Volymförändring, procent",6.7
"summa slutlig användning","2001","Löpande priser, mnkr",3448328
"summa slutlig användning","2001","Fasta priser referensår 2020, mnkr",4588018
"summa slutlig användning","2001","Prisförändring, procent",2.9
"summa slutlig användning","2001","Volymförändring, procent",0.6
"summa slutlig användning","2002","Löpande priser, mnkr",3538673
"summa slutlig användning","2002","Fasta priser referensår 2020, mnkr",4651962
"summa slutlig användning","2002","Prisförändring, procent",1.2
"summa slutlig användning","2002","Volymförändring, procent",1.4
"summa slutlig användning","2003","Löpande priser, mnkr",3646691
"summa slutlig användning","2003","Fasta priser referensår 2020, mnkr",4756313
"summa slutlig användning","2003","Prisförändring, procent",0.8
"summa slutlig användning","2003","Volymförändring, procent",2.2
"summa slutlig användning","2004","Löpande priser, mnkr",3843820
"summa slutlig användning","2004","Fasta priser referensår 2020, mnkr",4988555
"summa slutlig användning","2004","Prisförändring, procent",0.5
"summa slutlig användning","2004","Volymförändring, procent",4.9
"summa slutlig användning","2005","Löpande priser, mnkr",4063915
"summa slutlig användning","2005","Fasta priser referensår 2020, mnkr",5181331
"summa slutlig användning","2005","Prisförändring, procent",1.8
"summa slutlig användning","2005","Volymförändring, procent",3.9
"summa slutlig användning","2006","Löpande priser, mnkr",4387316
"summa slutlig användning","2006","Fasta priser referensår 2020, mnkr",5474240
"summa slutlig användning","2006","Prisförändring, procent",2.2
"summa slutlig användning","2006","Volymförändring, procent",5.7
"summa slutlig användning","2007","Löpande priser, mnkr",4697366
"summa slutlig användning","2007","Fasta priser referensår 2020, mnkr",5740138
"summa slutlig användning","2007","Prisförändring, procent",2.1
"summa slutlig användning","2007","Volymförändring, procent",4.9
"summa slutlig användning","2008","Löpande priser, mnkr",4877319
"summa slutlig användning","2008","Fasta priser referensår 2020, mnkr",5750697
"summa slutlig användning","2008","Prisförändring, procent",3.6
"summa slutlig användning","2008","Volymförändring, procent",0.2
"summa slutlig användning","2009","Löpande priser, mnkr",4603900
"summa slutlig användning","2009","Fasta priser referensår 2020, mnkr",5334945
"summa slutlig användning","2009","Prisförändring, procent",1.8
"summa slutlig användning","2009","Volymförändring, procent",-7.2
"summa slutlig användning","2010","Löpande priser, mnkr",4979736
"summa slutlig användning","2010","Fasta priser referensår 2020, mnkr",5737035
"summa slutlig användning","2010","Prisförändring, procent",0.6
"summa slutlig användning","2010","Volymförändring, procent",7.5
"summa slutlig användning","2011","Löpande priser, mnkr",5222926
"summa slutlig användning","2011","Fasta priser referensår 2020, mnkr",5976892
"summa slutlig användning","2011","Prisförändring, procent",0.7
"summa slutlig användning","2011","Volymförändring, procent",4.2
"summa slutlig användning","2012","Löpande priser, mnkr",5231593
"summa slutlig användning","2012","Fasta priser referensår 2020, mnkr",5968896
"summa slutlig användning","2012","Prisförändring, procent",0.3
"summa slutlig användning","2012","Volymförändring, procent",-0.1
"summa slutlig användning","2013","Löpande priser, mnkr",5285263
"summa slutlig användning","2013","Fasta priser referensår 2020, mnkr",6032286
"summa slutlig användning","2013","Prisförändring, procent",0.0
"summa slutlig användning","2013","Volymförändring, procent",1.1
"summa slutlig användning","2014","Löpande priser, mnkr",5563570
"summa slutlig användning","2014","Fasta priser referensår 2020, mnkr",6241851
"summa slutlig användning","2014","Prisförändring, procent",1.7
"summa slutlig användning","2014","Volymförändring, procent",3.5
"summa slutlig användning","2015","Löpande priser, mnkr",5942841
"summa slutlig användning","2015","Fasta priser referensår 2020, mnkr",6540952
"summa slutlig användning","2015","Prisförändring, procent",1.9
"summa slutlig användning","2015","Volymförändring, procent",4.8
"summa slutlig användning","2016","Löpande priser, mnkr",6172518
"summa slutlig användning","2016","Fasta priser referensår 2020, mnkr",6746280
"summa slutlig användning","2016","Prisförändring, procent",0.7
"summa slutlig användning","2016","Volymförändring, procent",3.1
"summa slutlig användning","2017","Löpande priser, mnkr",6503596
"summa slutlig användning","2017","Fasta priser referensår 2020, mnkr",6922116
"summa slutlig användning","2017","Prisförändring, procent",2.7
"summa slutlig användning","2017","Volymförändring, procent",2.6
"summa slutlig användning","2018","Löpande priser, mnkr",6902439
"summa slutlig användning","2018","Fasta priser referensår 2020, mnkr",7094157
"summa slutlig användning","2018","Prisförändring, procent",3.6
"summa slutlig användning","2018","Volymförändring, procent",2.5
"summa slutlig användning","2019","Löpande priser, mnkr",7254013
"summa slutlig användning","2019","Fasta priser referensår 2020, mnkr",7265563
"summa slutlig användning","2019","Prisförändring, procent",2.6
"summa slutlig användning","2019","Volymförändring, procent",2.4
"summa slutlig användning","2020","Löpande priser, mnkr",7027382
"summa slutlig användning","2020","Fasta priser referensår 2020, mnkr",7027382
"summa slutlig användning","2020","Prisförändring, procent",0.2
"summa slutlig användning","2020","Volymförändring, procent",-3.3
"summa slutlig användning","2021","Löpande priser, mnkr",7781312
"summa slutlig användning","2021","Fasta priser referensår 2020, mnkr",7558974
"summa slutlig användning","2021","Prisförändring, procent",2.9
"summa slutlig användning","2021","Volymförändring, procent",7.6
"summa slutlig användning","2022","Löpande priser, mnkr",8887464
"summa slutlig användning","2022","Fasta priser referensår 2020, mnkr",7850086
"summa slutlig användning","2022","Prisförändring, procent",10.0
"summa slutlig användning","2022","Volymförändring, procent",3.9
"summa slutlig användning","2023","Löpande priser, mnkr",9363681
"summa slutlig användning","2023","Fasta priser referensår 2020, mnkr",7823344
"summa slutlig användning","2023","Prisförändring, procent",5.7
"summa slutlig användning","2023","Volymförändring, procent",-0.3
"summa slutlig användning","2024","Löpande priser, mnkr",9706034
"summa slutlig användning","2024","Fasta priser referensår 2020, mnkr",7962094
"summa slutlig användning","2024","Prisförändring, procent",1.8
"summa slutlig användning","2024","Volymförändring, procent",1.8
