region,typ av fastighet,ägarkategori,"år, oregelb",tabellinnehåll,"Allmän och förenklad fastighetstaxering. Taxeringsenheter, totalt taxerings-/basvärde och areal"
00 Riket,300 Övrig hyreshusenhet,fysisk person,2025,Taxeringsenheter,128
00 Riket,300 Övrig hyreshusenhet,fysisk person,2025,"Totalt taxerings-/basvärde, miljoner kr",0
00 Riket,300 Övrig hyreshusenhet,fysisk person,2025,"Areal, kvkm",0.35
00 Riket,300 Övrig hyreshusenhet,stat,2025,Taxeringsenheter,13
00 Riket,300 Övrig hyreshusenhet,stat,2025,"Totalt taxerings-/basvärde, miljoner kr",0
00 Riket,300 Övrig hyreshusenhet,stat,2025,"Areal, kvkm",0.50
00 Riket,300 Övrig hyreshusenhet,"kommun, region",2025,Taxeringsenheter,287
00 Riket,300 Övrig hyreshusenhet,"kommun, region",2025,"Totalt taxerings-/basvärde, miljoner kr",0
00 Riket,300 Övrig hyreshusenhet,"kommun, region",2025,"Areal, kvkm",1.29
00 Riket,300 Övrig hyreshusenhet,Svenska kyrkan,2025,Taxeringsenheter,84
00 Riket,300 Övrig hyreshusenhet,Svenska kyrkan,2025,"Totalt taxerings-/basvärde, miljoner kr",0
00 Riket,300 Övrig hyreshusenhet,Svenska kyrkan,2025,"Areal, kvkm",0.29
00 Riket,300 Övrig hyreshusenhet,allmännyttigt bostadsföretag,2025,Taxeringsenheter,103
00 Riket,300 Övrig hyreshusenhet,allmännyttigt bostadsföretag,2025,"Totalt taxerings-/basvärde, miljoner kr",0
00 Riket,300 Övrig hyreshusenhet,allmännyttigt bostadsföretag,2025,"Areal, kvkm",0.42
00 Riket,300 Övrig hyreshusenhet,bostadsrättsförening,2025,Taxeringsenheter,52
00 Riket,300 Övrig hyreshusenhet,bostadsrättsförening,2025,"Totalt taxerings-/basvärde, miljoner kr",7
00 Riket,300 Övrig hyreshusenhet,bostadsrättsförening,2025,"Areal, kvkm",0.12
00 Riket,300 Övrig hyreshusenhet,ekonomisk förening utom BRF,2025,Taxeringsenheter,292
00 Riket,300 Övrig hyreshusenhet,ekonomisk förening utom BRF,2025,"Totalt taxerings-/basvärde, miljoner kr",0
00 Riket,300 Övrig hyreshusenhet,ekonomisk förening utom BRF,2025,"Areal, kvkm",1.62
00 Riket,300 Övrig hyreshusenhet,bank och försäkringsbolag,2025,Taxeringsenheter,2
00 Riket,300 Övrig hyreshusenhet,bank och försäkringsbolag,2025,"Totalt taxerings-/basvärde, miljoner kr",0
00 Riket,300 Övrig hyreshusenhet,bank och försäkringsbolag,2025,"Areal, kvkm",0.00
00 Riket,300 Övrig hyreshusenhet,övrigt svenskt AB,2025,Taxeringsenheter,137
00 Riket,300 Övrig hyreshusenhet,övrigt svenskt AB,2025,"Totalt taxerings-/basvärde, miljoner kr",5
00 Riket,300 Övrig hyreshusenhet,övrigt svenskt AB,2025,"Areal, kvkm",0.67
00 Riket,300 Övrig hyreshusenhet,stiftelser (ej familjestiftelser),2025,Taxeringsenheter,173
00 Riket,300 Övrig hyreshusenhet,stiftelser (ej familjestiftelser),2025,"Totalt taxerings-/basvärde, miljoner kr",0
00 Riket,300 Övrig hyreshusenhet,stiftelser (ej familjestiftelser),2025,"Areal, kvkm",2.87
00 Riket,300 Övrig hyreshusenhet,dödsbo,2025,Taxeringsenheter,11
00 Riket,300 Övrig hyreshusenhet,dödsbo,2025,"Totalt taxerings-/basvärde, miljoner kr",0
00 Riket,300 Övrig hyreshusenhet,dödsbo,2025,"Areal, kvkm",0.02
00 Riket,300 Övrig hyreshusenhet,övriga,2025,Taxeringsenheter,4521
00 Riket,300 Övrig hyreshusenhet,övriga,2025,"Totalt taxerings-/basvärde, miljoner kr",0
00 Riket,300 Övrig hyreshusenhet,övriga,2025,"Areal, kvkm",33.75
00 Riket,"310 Hyreshusenhet, tomtmark",fysisk person,2025,Taxeringsenheter,666
00 Riket,"310 Hyreshusenhet, tomtmark",fysisk person,2025,"Totalt taxerings-/basvärde, miljoner kr",275
00 Riket,"310 Hyreshusenhet, tomtmark",fysisk person,2025,"Areal, kvkm",2.01
00 Riket,"310 Hyreshusenhet, tomtmark",stat,2025,Taxeringsenheter,72
00 Riket,"310 Hyreshusenhet, tomtmark",stat,2025,"Totalt taxerings-/basvärde, miljoner kr",89
00 Riket,"310 Hyreshusenhet, tomtmark",stat,2025,"Areal, kvkm",0.18
00 Riket,"310 Hyreshusenhet, tomtmark","kommun, region",2025,Taxeringsenheter,2716
00 Riket,"310 Hyreshusenhet, tomtmark","kommun, region",2025,"Totalt taxerings-/basvärde, miljoner kr",16168
00 Riket,"310 Hyreshusenhet, tomtmark","kommun, region",2025,"Areal, kvkm",13.80
00 Riket,"310 Hyreshusenhet, tomtmark",Svenska kyrkan,2025,Taxeringsenheter,15
00 Riket,"310 Hyreshusenhet, tomtmark",Svenska kyrkan,2025,"Totalt taxerings-/basvärde, miljoner kr",26
00 Riket,"310 Hyreshusenhet, tomtmark",Svenska kyrkan,2025,"Areal, kvkm",0.06
00 Riket,"310 Hyreshusenhet, tomtmark",allmännyttigt bostadsföretag,2025,Taxeringsenheter,424
00 Riket,"310 Hyreshusenhet, tomtmark",allmännyttigt bostadsföretag,2025,"Totalt taxerings-/basvärde, miljoner kr",2074
00 Riket,"310 Hyreshusenhet, tomtmark",allmännyttigt bostadsföretag,2025,"Areal, kvkm",1.72
00 Riket,"310 Hyreshusenhet, tomtmark",bostadsrättsförening,2025,Taxeringsenheter,194
00 Riket,"310 Hyreshusenhet, tomtmark",bostadsrättsförening,2025,"Totalt taxerings-/basvärde, miljoner kr",3257
00 Riket,"310 Hyreshusenhet, tomtmark",bostadsrättsförening,2025,"Areal, kvkm",0.46
00 Riket,"310 Hyreshusenhet, tomtmark",ekonomisk förening utom BRF,2025,Taxeringsenheter,131
00 Riket,"310 Hyreshusenhet, tomtmark",ekonomisk förening utom BRF,2025,"Totalt taxerings-/basvärde, miljoner kr",1536
00 Riket,"310 Hyreshusenhet, tomtmark",ekonomisk förening utom BRF,2025,"Areal, kvkm",0.56
00 Riket,"310 Hyreshusenhet, tomtmark",bank och försäkringsbolag,2025,Taxeringsenheter,7
00 Riket,"310 Hyreshusenhet, tomtmark",bank och försäkringsbolag,2025,"Totalt taxerings-/basvärde, miljoner kr",16
00 Riket,"310 Hyreshusenhet, tomtmark",bank och försäkringsbolag,2025,"Areal, kvkm",0.02
00 Riket,"310 Hyreshusenhet, tomtmark",övrigt svenskt AB,2025,Taxeringsenheter,2533
00 Riket,"310 Hyreshusenhet, tomtmark",övrigt svenskt AB,2025,"Totalt taxerings-/basvärde, miljoner kr",28951
00 Riket,"310 Hyreshusenhet, tomtmark",övrigt svenskt AB,2025,"Areal, kvkm",14.59
00 Riket,"310 Hyreshusenhet, tomtmark",stiftelser (ej familjestiftelser),2025,Taxeringsenheter,14
00 Riket,"310 Hyreshusenhet, tomtmark",stiftelser (ej familjestiftelser),2025,"Totalt taxerings-/basvärde, miljoner kr",136
00 Riket,"310 Hyreshusenhet, tomtmark",stiftelser (ej familjestiftelser),2025,"Areal, kvkm",0.06
00 Riket,"310 Hyreshusenhet, tomtmark",dödsbo,2025,Taxeringsenheter,21
00 Riket,"310 Hyreshusenhet, tomtmark",dödsbo,2025,"Totalt taxerings-/basvärde, miljoner kr",9
00 Riket,"310 Hyreshusenhet, tomtmark",dödsbo,2025,"Areal, kvkm",0.12
00 Riket,"310 Hyreshusenhet, tomtmark",övriga,2025,Taxeringsenheter,507
00 Riket,"310 Hyreshusenhet, tomtmark",övriga,2025,"Totalt taxerings-/basvärde, miljoner kr",5422
00 Riket,"310 Hyreshusenhet, tomtmark",övriga,2025,"Areal, kvkm",3.25
00 Riket,"311 Hyreshusenhet, med saneringsbyggnad",fysisk person,2025,Taxeringsenheter,45
00 Riket,"311 Hyreshusenhet, med saneringsbyggnad",fysisk person,2025,"Totalt taxerings-/basvärde, miljoner kr",16
00 Riket,"311 Hyreshusenhet, med saneringsbyggnad",fysisk person,2025,"Areal, kvkm",0.18
00 Riket,"311 Hyreshusenhet, med saneringsbyggnad",stat,2025,Taxeringsenheter,1
00 Riket,"311 Hyreshusenhet, med saneringsbyggnad",stat,2025,"Totalt taxerings-/basvärde, miljoner kr",0
00 Riket,"311 Hyreshusenhet, med saneringsbyggnad",stat,2025,"Areal, kvkm",0.00
00 Riket,"311 Hyreshusenhet, med saneringsbyggnad","kommun, region",2025,Taxeringsenheter,48
00 Riket,"311 Hyreshusenhet, med saneringsbyggnad","kommun, region",2025,"Totalt taxerings-/basvärde, miljoner kr",128
00 Riket,"311 Hyreshusenhet, med saneringsbyggnad","kommun, region",2025,"Areal, kvkm",0.25
00 Riket,"311 Hyreshusenhet, med saneringsbyggnad",Svenska kyrkan,2025,Taxeringsenheter,..
00 Riket,"311 Hyreshusenhet, med saneringsbyggnad",Svenska kyrkan,2025,"Totalt taxerings-/basvärde, miljoner kr",..
00 Riket,"311 Hyreshusenhet, med saneringsbyggnad",Svenska kyrkan,2025,"Areal, kvkm",..
00 Riket,"311 Hyreshusenhet, med saneringsbyggnad",allmännyttigt bostadsföretag,2025,Taxeringsenheter,12
00 Riket,"311 Hyreshusenhet, med saneringsbyggnad",allmännyttigt bostadsföretag,2025,"Totalt taxerings-/basvärde, miljoner kr",30
00 Riket,"311 Hyreshusenhet, med saneringsbyggnad",allmännyttigt bostadsföretag,2025,"Areal, kvkm",0.07
00 Riket,"311 Hyreshusenhet, med saneringsbyggnad",bostadsrättsförening,2025,Taxeringsenheter,7
00 Riket,"311 Hyreshusenhet, med saneringsbyggnad",bostadsrättsförening,2025,"Totalt taxerings-/basvärde, miljoner kr",55
00 Riket,"311 Hyreshusenhet, med saneringsbyggnad",bostadsrättsförening,2025,"Areal, kvkm",0.03
00 Riket,"311 Hyreshusenhet, med saneringsbyggnad",ekonomisk förening utom BRF,2025,Taxeringsenheter,2
00 Riket,"311 Hyreshusenhet, med saneringsbyggnad",ekonomisk förening utom BRF,2025,"Totalt taxerings-/basvärde, miljoner kr",18
00 Riket,"311 Hyreshusenhet, med saneringsbyggnad",ekonomisk förening utom BRF,2025,"Areal, kvkm",0.00
00 Riket,"311 Hyreshusenhet, med saneringsbyggnad",bank och försäkringsbolag,2025,Taxeringsenheter,..
00 Riket,"311 Hyreshusenhet, med saneringsbyggnad",bank och försäkringsbolag,2025,"Totalt taxerings-/basvärde, miljoner kr",..
00 Riket,"311 Hyreshusenhet, med saneringsbyggnad",bank och försäkringsbolag,2025,"Areal, kvkm",..
00 Riket,"311 Hyreshusenhet, med saneringsbyggnad",övrigt svenskt AB,2025,Taxeringsenheter,134
00 Riket,"311 Hyreshusenhet, med saneringsbyggnad",övrigt svenskt AB,2025,"Totalt taxerings-/basvärde, miljoner kr",2079
00 Riket,"311 Hyreshusenhet, med saneringsbyggnad",övrigt svenskt AB,2025,"Areal, kvkm",0.72
00 Riket,"311 Hyreshusenhet, med saneringsbyggnad",stiftelser (ej familjestiftelser),2025,Taxeringsenheter,2
00 Riket,"311 Hyreshusenhet, med saneringsbyggnad",stiftelser (ej familjestiftelser),2025,"Totalt taxerings-/basvärde, miljoner kr",0
00 Riket,"311 Hyreshusenhet, med saneringsbyggnad",stiftelser (ej familjestiftelser),2025,"Areal, kvkm",0.01
00 Riket,"311 Hyreshusenhet, med saneringsbyggnad",dödsbo,2025,Taxeringsenheter,1
00 Riket,"311 Hyreshusenhet, med saneringsbyggnad",dödsbo,2025,"Totalt taxerings-/basvärde, miljoner kr",0
00 Riket,"311 Hyreshusenhet, med saneringsbyggnad",dödsbo,2025,"Areal, kvkm",0.00
00 Riket,"311 Hyreshusenhet, med saneringsbyggnad",övriga,2025,Taxeringsenheter,6
00 Riket,"311 Hyreshusenhet, med saneringsbyggnad",övriga,2025,"Totalt taxerings-/basvärde, miljoner kr",51
00 Riket,"311 Hyreshusenhet, med saneringsbyggnad",övriga,2025,"Areal, kvkm",0.09
00 Riket,"313 Hyreshusenhet, byggnadsvärde under 50 000 kr",fysisk person,2025,Taxeringsenheter,735
00 Riket,"313 Hyreshusenhet, byggnadsvärde under 50 000 kr",fysisk person,2025,"Totalt taxerings-/basvärde, miljoner kr",60
00 Riket,"313 Hyreshusenhet, byggnadsvärde under 50 000 kr",fysisk person,2025,"Areal, kvkm",2.43
00 Riket,"313 Hyreshusenhet, byggnadsvärde under 50 000 kr",stat,2025,Taxeringsenheter,1
00 Riket,"313 Hyreshusenhet, byggnadsvärde under 50 000 kr",stat,2025,"Totalt taxerings-/basvärde, miljoner kr",0
00 Riket,"313 Hyreshusenhet, byggnadsvärde under 50 000 kr",stat,2025,"Areal, kvkm",0.00
00 Riket,"313 Hyreshusenhet, byggnadsvärde under 50 000 kr","kommun, region",2025,Taxeringsenheter,135
00 Riket,"313 Hyreshusenhet, byggnadsvärde under 50 000 kr","kommun, region",2025,"Totalt taxerings-/basvärde, miljoner kr",75
00 Riket,"313 Hyreshusenhet, byggnadsvärde under 50 000 kr","kommun, region",2025,"Areal, kvkm",0.82
00 Riket,"313 Hyreshusenhet, byggnadsvärde under 50 000 kr",Svenska kyrkan,2025,Taxeringsenheter,3
00 Riket,"313 Hyreshusenhet, byggnadsvärde under 50 000 kr",Svenska kyrkan,2025,"Totalt taxerings-/basvärde, miljoner kr",6
00 Riket,"313 Hyreshusenhet, byggnadsvärde under 50 000 kr",Svenska kyrkan,2025,"Areal, kvkm",0.00
00 Riket,"313 Hyreshusenhet, byggnadsvärde under 50 000 kr",allmännyttigt bostadsföretag,2025,Taxeringsenheter,22
00 Riket,"313 Hyreshusenhet, byggnadsvärde under 50 000 kr",allmännyttigt bostadsföretag,2025,"Totalt taxerings-/basvärde, miljoner kr",20
00 Riket,"313 Hyreshusenhet, byggnadsvärde under 50 000 kr",allmännyttigt bostadsföretag,2025,"Areal, kvkm",0.13
00 Riket,"313 Hyreshusenhet, byggnadsvärde under 50 000 kr",bostadsrättsförening,2025,Taxeringsenheter,5
00 Riket,"313 Hyreshusenhet, byggnadsvärde under 50 000 kr",bostadsrättsförening,2025,"Totalt taxerings-/basvärde, miljoner kr",72
00 Riket,"313 Hyreshusenhet, byggnadsvärde under 50 000 kr",bostadsrättsförening,2025,"Areal, kvkm",0.01
00 Riket,"313 Hyreshusenhet, byggnadsvärde under 50 000 kr",ekonomisk förening utom BRF,2025,Taxeringsenheter,24
00 Riket,"313 Hyreshusenhet, byggnadsvärde under 50 000 kr",ekonomisk förening utom BRF,2025,"Totalt taxerings-/basvärde, miljoner kr",2
00 Riket,"313 Hyreshusenhet, byggnadsvärde under 50 000 kr",ekonomisk förening utom BRF,2025,"Areal, kvkm",0.09
00 Riket,"313 Hyreshusenhet, byggnadsvärde under 50 000 kr",bank och försäkringsbolag,2025,Taxeringsenheter,..
00 Riket,"313 Hyreshusenhet, byggnadsvärde under 50 000 kr",bank och försäkringsbolag,2025,"Totalt taxerings-/basvärde, miljoner kr",..
00 Riket,"313 Hyreshusenhet, byggnadsvärde under 50 000 kr",bank och försäkringsbolag,2025,"Areal, kvkm",..
00 Riket,"313 Hyreshusenhet, byggnadsvärde under 50 000 kr",övrigt svenskt AB,2025,Taxeringsenheter,361
00 Riket,"313 Hyreshusenhet, byggnadsvärde under 50 000 kr",övrigt svenskt AB,2025,"Totalt taxerings-/basvärde, miljoner kr",254
00 Riket,"313 Hyreshusenhet, byggnadsvärde under 50 000 kr",övrigt svenskt AB,2025,"Areal, kvkm",2.44
00 Riket,"313 Hyreshusenhet, byggnadsvärde under 50 000 kr",stiftelser (ej familjestiftelser),2025,Taxeringsenheter,4
00 Riket,"313 Hyreshusenhet, byggnadsvärde under 50 000 kr",stiftelser (ej familjestiftelser),2025,"Totalt taxerings-/basvärde, miljoner kr",0
00 Riket,"313 Hyreshusenhet, byggnadsvärde under 50 000 kr",stiftelser (ej familjestiftelser),2025,"Areal, kvkm",0.01
00 Riket,"313 Hyreshusenhet, byggnadsvärde under 50 000 kr",dödsbo,2025,Taxeringsenheter,18
00 Riket,"313 Hyreshusenhet, byggnadsvärde under 50 000 kr",dödsbo,2025,"Totalt taxerings-/basvärde, miljoner kr",2
00 Riket,"313 Hyreshusenhet, byggnadsvärde under 50 000 kr",dödsbo,2025,"Areal, kvkm",0.07
00 Riket,"313 Hyreshusenhet, byggnadsvärde under 50 000 kr",övriga,2025,Taxeringsenheter,160
00 Riket,"313 Hyreshusenhet, byggnadsvärde under 50 000 kr",övriga,2025,"Totalt taxerings-/basvärde, miljoner kr",15
00 Riket,"313 Hyreshusenhet, byggnadsvärde under 50 000 kr",övriga,2025,"Areal, kvkm",1.22
00 Riket,"320 Hyreshusenhet, bostäder",fysisk person,2025,Taxeringsenheter,8844
00 Riket,"320 Hyreshusenhet, bostäder",fysisk person,2025,"Totalt taxerings-/basvärde, miljoner kr",47490
00 Riket,"320 Hyreshusenhet, bostäder",fysisk person,2025,"Areal, kvkm",14.45
00 Riket,"320 Hyreshusenhet, bostäder",stat,2025,Taxeringsenheter,27
00 Riket,"320 Hyreshusenhet, bostäder",stat,2025,"Totalt taxerings-/basvärde, miljoner kr",176
00 Riket,"320 Hyreshusenhet, bostäder",stat,2025,"Areal, kvkm",0.05
00 Riket,"320 Hyreshusenhet, bostäder","kommun, region",2025,Taxeringsenheter,206
00 Riket,"320 Hyreshusenhet, bostäder","kommun, region",2025,"Totalt taxerings-/basvärde, miljoner kr",2445
00 Riket,"320 Hyreshusenhet, bostäder","kommun, region",2025,"Areal, kvkm",1.05
00 Riket,"320 Hyreshusenhet, bostäder",Svenska kyrkan,2025,Taxeringsenheter,11
00 Riket,"320 Hyreshusenhet, bostäder",Svenska kyrkan,2025,"Totalt taxerings-/basvärde, miljoner kr",54
00 Riket,"320 Hyreshusenhet, bostäder",Svenska kyrkan,2025,"Areal, kvkm",0.04
00 Riket,"320 Hyreshusenhet, bostäder",allmännyttigt bostadsföretag,2025,Taxeringsenheter,4454
00 Riket,"320 Hyreshusenhet, bostäder",allmännyttigt bostadsföretag,2025,"Totalt taxerings-/basvärde, miljoner kr",112242
00 Riket,"320 Hyreshusenhet, bostäder",allmännyttigt bostadsföretag,2025,"Areal, kvkm",21.86
00 Riket,"320 Hyreshusenhet, bostäder",bostadsrättsförening,2025,Taxeringsenheter,11037
00 Riket,"320 Hyreshusenhet, bostäder",bostadsrättsförening,2025,"Totalt taxerings-/basvärde, miljoner kr",422125
00 Riket,"320 Hyreshusenhet, bostäder",bostadsrättsförening,2025,"Areal, kvkm",34.95
00 Riket,"320 Hyreshusenhet, bostäder",ekonomisk förening utom BRF,2025,Taxeringsenheter,184
00 Riket,"320 Hyreshusenhet, bostäder",ekonomisk förening utom BRF,2025,"Totalt taxerings-/basvärde, miljoner kr",8980
00 Riket,"320 Hyreshusenhet, bostäder",ekonomisk förening utom BRF,2025,"Areal, kvkm",0.40
00 Riket,"320 Hyreshusenhet, bostäder",bank och försäkringsbolag,2025,Taxeringsenheter,17
00 Riket,"320 Hyreshusenhet, bostäder",bank och försäkringsbolag,2025,"Totalt taxerings-/basvärde, miljoner kr",659
00 Riket,"320 Hyreshusenhet, bostäder",bank och försäkringsbolag,2025,"Areal, kvkm",0.03
00 Riket,"320 Hyreshusenhet, bostäder",övrigt svenskt AB,2025,Taxeringsenheter,13769
00 Riket,"320 Hyreshusenhet, bostäder",övrigt svenskt AB,2025,"Totalt taxerings-/basvärde, miljoner kr",211218
00 Riket,"320 Hyreshusenhet, bostäder",övrigt svenskt AB,2025,"Areal, kvkm",32.91
00 Riket,"320 Hyreshusenhet, bostäder",stiftelser (ej familjestiftelser),2025,Taxeringsenheter,172
00 Riket,"320 Hyreshusenhet, bostäder",stiftelser (ej familjestiftelser),2025,"Totalt taxerings-/basvärde, miljoner kr",10049
00 Riket,"320 Hyreshusenhet, bostäder",stiftelser (ej familjestiftelser),2025,"Areal, kvkm",0.68
00 Riket,"320 Hyreshusenhet, bostäder",dödsbo,2025,Taxeringsenheter,143
00 Riket,"320 Hyreshusenhet, bostäder",dödsbo,2025,"Totalt taxerings-/basvärde, miljoner kr",1179
00 Riket,"320 Hyreshusenhet, bostäder",dödsbo,2025,"Areal, kvkm",0.24
00 Riket,"320 Hyreshusenhet, bostäder",övriga,2025,Taxeringsenheter,1219
00 Riket,"320 Hyreshusenhet, bostäder",övriga,2025,"Totalt taxerings-/basvärde, miljoner kr",20054
00 Riket,"320 Hyreshusenhet, bostäder",övriga,2025,"Areal, kvkm",3.07
00 Riket,"321 Hyreshusenhet, bostäder och lokaler",fysisk person,2025,Taxeringsenheter,7431
00 Riket,"321 Hyreshusenhet, bostäder och lokaler",fysisk person,2025,"Totalt taxerings-/basvärde, miljoner kr",100217
00 Riket,"321 Hyreshusenhet, bostäder och lokaler",fysisk person,2025,"Areal, kvkm",14.27
00 Riket,"321 Hyreshusenhet, bostäder och lokaler",stat,2025,Taxeringsenheter,36
00 Riket,"321 Hyreshusenhet, bostäder och lokaler",stat,2025,"Totalt taxerings-/basvärde, miljoner kr",2173
00 Riket,"321 Hyreshusenhet, bostäder och lokaler",stat,2025,"Areal, kvkm",1.62
00 Riket,"321 Hyreshusenhet, bostäder och lokaler","kommun, region",2025,Taxeringsenheter,255
00 Riket,"321 Hyreshusenhet, bostäder och lokaler","kommun, region",2025,"Totalt taxerings-/basvärde, miljoner kr",3291
00 Riket,"321 Hyreshusenhet, bostäder och lokaler","kommun, region",2025,"Areal, kvkm",2.17
00 Riket,"321 Hyreshusenhet, bostäder och lokaler",Svenska kyrkan,2025,Taxeringsenheter,36
00 Riket,"321 Hyreshusenhet, bostäder och lokaler",Svenska kyrkan,2025,"Totalt taxerings-/basvärde, miljoner kr",2078
00 Riket,"321 Hyreshusenhet, bostäder och lokaler",Svenska kyrkan,2025,"Areal, kvkm",0.05
00 Riket,"321 Hyreshusenhet, bostäder och lokaler",allmännyttigt bostadsföretag,2025,Taxeringsenheter,9861
00 Riket,"321 Hyreshusenhet, bostäder och lokaler",allmännyttigt bostadsföretag,2025,"Totalt taxerings-/basvärde, miljoner kr",659774
00 Riket,"321 Hyreshusenhet, bostäder och lokaler",allmännyttigt bostadsföretag,2025,"Areal, kvkm",84.54
00 Riket,"321 Hyreshusenhet, bostäder och lokaler",bostadsrättsförening,2025,Taxeringsenheter,16217
00 Riket,"321 Hyreshusenhet, bostäder och lokaler",bostadsrättsförening,2025,"Totalt taxerings-/basvärde, miljoner kr",1542665
00 Riket,"321 Hyreshusenhet, bostäder och lokaler",bostadsrättsförening,2025,"Areal, kvkm",89.62
00 Riket,"321 Hyreshusenhet, bostäder och lokaler",ekonomisk förening utom BRF,2025,Taxeringsenheter,451
00 Riket,"321 Hyreshusenhet, bostäder och lokaler",ekonomisk förening utom BRF,2025,"Totalt taxerings-/basvärde, miljoner kr",26308
00 Riket,"321 Hyreshusenhet, bostäder och lokaler",ekonomisk förening utom BRF,2025,"Areal, kvkm",0.99
00 Riket,"321 Hyreshusenhet, bostäder och lokaler",bank och försäkringsbolag,2025,Taxeringsenheter,144
00 Riket,"321 Hyreshusenhet, bostäder och lokaler",bank och försäkringsbolag,2025,"Totalt taxerings-/basvärde, miljoner kr",16485
00 Riket,"321 Hyreshusenhet, bostäder och lokaler",bank och försäkringsbolag,2025,"Areal, kvkm",0.27
00 Riket,"321 Hyreshusenhet, bostäder och lokaler",övrigt svenskt AB,2025,Taxeringsenheter,18422
00 Riket,"321 Hyreshusenhet, bostäder och lokaler",övrigt svenskt AB,2025,"Totalt taxerings-/basvärde, miljoner kr",774858
00 Riket,"321 Hyreshusenhet, bostäder och lokaler",övrigt svenskt AB,2025,"Areal, kvkm",73.36
00 Riket,"321 Hyreshusenhet, bostäder och lokaler",stiftelser (ej familjestiftelser),2025,Taxeringsenheter,326
00 Riket,"321 Hyreshusenhet, bostäder och lokaler",stiftelser (ej familjestiftelser),2025,"Totalt taxerings-/basvärde, miljoner kr",42100
00 Riket,"321 Hyreshusenhet, bostäder och lokaler",stiftelser (ej familjestiftelser),2025,"Areal, kvkm",1.68
00 Riket,"321 Hyreshusenhet, bostäder och lokaler",dödsbo,2025,Taxeringsenheter,147
00 Riket,"321 Hyreshusenhet, bostäder och lokaler",dödsbo,2025,"Totalt taxerings-/basvärde, miljoner kr",2492
00 Riket,"321 Hyreshusenhet, bostäder och lokaler",dödsbo,2025,"Areal, kvkm",0.21
00 Riket,"321 Hyreshusenhet, bostäder och lokaler",övriga,2025,Taxeringsenheter,2396
00 Riket,"321 Hyreshusenhet, bostäder och lokaler",övriga,2025,"Totalt taxerings-/basvärde, miljoner kr",147609
00 Riket,"321 Hyreshusenhet, bostäder och lokaler",övriga,2025,"Areal, kvkm",8.26
00 Riket,"322 Hyreshusenhet, hotell eller restaurangbyggnad",fysisk person,2025,Taxeringsenheter,933
00 Riket,"322 Hyreshusenhet, hotell eller restaurangbyggnad",fysisk person,2025,"Totalt taxerings-/basvärde, miljoner kr",1655
00 Riket,"322 Hyreshusenhet, hotell eller restaurangbyggnad",fysisk person,2025,"Areal, kvkm",5.85
00 Riket,"322 Hyreshusenhet, hotell eller restaurangbyggnad",stat,2025,Taxeringsenheter,26
00 Riket,"322 Hyreshusenhet, hotell eller restaurangbyggnad",stat,2025,"Totalt taxerings-/basvärde, miljoner kr",111
00 Riket,"322 Hyreshusenhet, hotell eller restaurangbyggnad",stat,2025,"Areal, kvkm",1.05
00 Riket,"322 Hyreshusenhet, hotell eller restaurangbyggnad","kommun, region",2025,Taxeringsenheter,159
00 Riket,"322 Hyreshusenhet, hotell eller restaurangbyggnad","kommun, region",2025,"Totalt taxerings-/basvärde, miljoner kr",567
00 Riket,"322 Hyreshusenhet, hotell eller restaurangbyggnad","kommun, region",2025,"Areal, kvkm",0.97
00 Riket,"322 Hyreshusenhet, hotell eller restaurangbyggnad",Svenska kyrkan,2025,Taxeringsenheter,5
00 Riket,"322 Hyreshusenhet, hotell eller restaurangbyggnad",Svenska kyrkan,2025,"Totalt taxerings-/basvärde, miljoner kr",24
00 Riket,"322 Hyreshusenhet, hotell eller restaurangbyggnad",Svenska kyrkan,2025,"Areal, kvkm",0.10
00 Riket,"322 Hyreshusenhet, hotell eller restaurangbyggnad",allmännyttigt bostadsföretag,2025,Taxeringsenheter,25
00 Riket,"322 Hyreshusenhet, hotell eller restaurangbyggnad",allmännyttigt bostadsföretag,2025,"Totalt taxerings-/basvärde, miljoner kr",263
00 Riket,"322 Hyreshusenhet, hotell eller restaurangbyggnad",allmännyttigt bostadsföretag,2025,"Areal, kvkm",0.32
00 Riket,"322 Hyreshusenhet, hotell eller restaurangbyggnad",bostadsrättsförening,2025,Taxeringsenheter,36
00 Riket,"322 Hyreshusenhet, hotell eller restaurangbyggnad",bostadsrättsförening,2025,"Totalt taxerings-/basvärde, miljoner kr",324
00 Riket,"322 Hyreshusenhet, hotell eller restaurangbyggnad",bostadsrättsförening,2025,"Areal, kvkm",0.58
00 Riket,"322 Hyreshusenhet, hotell eller restaurangbyggnad",ekonomisk förening utom BRF,2025,Taxeringsenheter,34
00 Riket,"322 Hyreshusenhet, hotell eller restaurangbyggnad",ekonomisk förening utom BRF,2025,"Totalt taxerings-/basvärde, miljoner kr",303
00 Riket,"322 Hyreshusenhet, hotell eller restaurangbyggnad",ekonomisk förening utom BRF,2025,"Areal, kvkm",0.34
00 Riket,"322 Hyreshusenhet, hotell eller restaurangbyggnad",bank och försäkringsbolag,2025,Taxeringsenheter,6
00 Riket,"322 Hyreshusenhet, hotell eller restaurangbyggnad",bank och försäkringsbolag,2025,"Totalt taxerings-/basvärde, miljoner kr",2718
00 Riket,"322 Hyreshusenhet, hotell eller restaurangbyggnad",bank och försäkringsbolag,2025,"Areal, kvkm",0.01
00 Riket,"322 Hyreshusenhet, hotell eller restaurangbyggnad",övrigt svenskt AB,2025,Taxeringsenheter,2823
00 Riket,"322 Hyreshusenhet, hotell eller restaurangbyggnad",övrigt svenskt AB,2025,"Totalt taxerings-/basvärde, miljoner kr",70015
00 Riket,"322 Hyreshusenhet, hotell eller restaurangbyggnad",övrigt svenskt AB,2025,"Areal, kvkm",35.13
00 Riket,"322 Hyreshusenhet, hotell eller restaurangbyggnad",stiftelser (ej familjestiftelser),2025,Taxeringsenheter,50
00 Riket,"322 Hyreshusenhet, hotell eller restaurangbyggnad",stiftelser (ej familjestiftelser),2025,"Totalt taxerings-/basvärde, miljoner kr",1021
00 Riket,"322 Hyreshusenhet, hotell eller restaurangbyggnad",stiftelser (ej familjestiftelser),2025,"Areal, kvkm",0.56
00 Riket,"322 Hyreshusenhet, hotell eller restaurangbyggnad",dödsbo,2025,Taxeringsenheter,6
00 Riket,"322 Hyreshusenhet, hotell eller restaurangbyggnad",dödsbo,2025,"Totalt taxerings-/basvärde, miljoner kr",8
00 Riket,"322 Hyreshusenhet, hotell eller restaurangbyggnad",dödsbo,2025,"Areal, kvkm",0.08
00 Riket,"322 Hyreshusenhet, hotell eller restaurangbyggnad",övriga,2025,Taxeringsenheter,338
00 Riket,"322 Hyreshusenhet, hotell eller restaurangbyggnad",övriga,2025,"Totalt taxerings-/basvärde, miljoner kr",12977
00 Riket,"322 Hyreshusenhet, hotell eller restaurangbyggnad",övriga,2025,"Areal, kvkm",4.19
00 Riket,"323 Hyreshusenhet, kiosk",fysisk person,2025,Taxeringsenheter,544
00 Riket,"323 Hyreshusenhet, kiosk",fysisk person,2025,"Totalt taxerings-/basvärde, miljoner kr",243
00 Riket,"323 Hyreshusenhet, kiosk",fysisk person,2025,"Areal, kvkm",0.29
00 Riket,"323 Hyreshusenhet, kiosk",stat,2025,Taxeringsenheter,3
00 Riket,"323 Hyreshusenhet, kiosk",stat,2025,"Totalt taxerings-/basvärde, miljoner kr",1
00 Riket,"323 Hyreshusenhet, kiosk",stat,2025,"Areal, kvkm",0.00
00 Riket,"323 Hyreshusenhet, kiosk","kommun, region",2025,Taxeringsenheter,71
00 Riket,"323 Hyreshusenhet, kiosk","kommun, region",2025,"Totalt taxerings-/basvärde, miljoner kr",59
00 Riket,"323 Hyreshusenhet, kiosk","kommun, region",2025,"Areal, kvkm",0.11
00 Riket,"323 Hyreshusenhet, kiosk",Svenska kyrkan,2025,Taxeringsenheter,1
00 Riket,"323 Hyreshusenhet, kiosk",Svenska kyrkan,2025,"Totalt taxerings-/basvärde, miljoner kr",1
00 Riket,"323 Hyreshusenhet, kiosk",Svenska kyrkan,2025,"Areal, kvkm",0.00
00 Riket,"323 Hyreshusenhet, kiosk",allmännyttigt bostadsföretag,2025,Taxeringsenheter,7
00 Riket,"323 Hyreshusenhet, kiosk",allmännyttigt bostadsföretag,2025,"Totalt taxerings-/basvärde, miljoner kr",50
00 Riket,"323 Hyreshusenhet, kiosk",allmännyttigt bostadsföretag,2025,"Areal, kvkm",0.01
00 Riket,"323 Hyreshusenhet, kiosk",bostadsrättsförening,2025,Taxeringsenheter,2
00 Riket,"323 Hyreshusenhet, kiosk",bostadsrättsförening,2025,"Totalt taxerings-/basvärde, miljoner kr",1
00 Riket,"323 Hyreshusenhet, kiosk",bostadsrättsförening,2025,"Areal, kvkm",0.00
00 Riket,"323 Hyreshusenhet, kiosk",ekonomisk förening utom BRF,2025,Taxeringsenheter,5
00 Riket,"323 Hyreshusenhet, kiosk",ekonomisk förening utom BRF,2025,"Totalt taxerings-/basvärde, miljoner kr",1
00 Riket,"323 Hyreshusenhet, kiosk",ekonomisk förening utom BRF,2025,"Areal, kvkm",0.00
00 Riket,"323 Hyreshusenhet, kiosk",bank och försäkringsbolag,2025,Taxeringsenheter,..
00 Riket,"323 Hyreshusenhet, kiosk",bank och försäkringsbolag,2025,"Totalt taxerings-/basvärde, miljoner kr",..
00 Riket,"323 Hyreshusenhet, kiosk",bank och försäkringsbolag,2025,"Areal, kvkm",..
00 Riket,"323 Hyreshusenhet, kiosk",övrigt svenskt AB,2025,Taxeringsenheter,514
00 Riket,"323 Hyreshusenhet, kiosk",övrigt svenskt AB,2025,"Totalt taxerings-/basvärde, miljoner kr",396
00 Riket,"323 Hyreshusenhet, kiosk",övrigt svenskt AB,2025,"Areal, kvkm",0.40
00 Riket,"323 Hyreshusenhet, kiosk",stiftelser (ej familjestiftelser),2025,Taxeringsenheter,3
00 Riket,"323 Hyreshusenhet, kiosk",stiftelser (ej familjestiftelser),2025,"Totalt taxerings-/basvärde, miljoner kr",1
00 Riket,"323 Hyreshusenhet, kiosk",stiftelser (ej familjestiftelser),2025,"Areal, kvkm",0.00
00 Riket,"323 Hyreshusenhet, kiosk",dödsbo,2025,Taxeringsenheter,9
00 Riket,"323 Hyreshusenhet, kiosk",dödsbo,2025,"Totalt taxerings-/basvärde, miljoner kr",7
00 Riket,"323 Hyreshusenhet, kiosk",dödsbo,2025,"Areal, kvkm",0.00
00 Riket,"323 Hyreshusenhet, kiosk",övriga,2025,Taxeringsenheter,142
00 Riket,"323 Hyreshusenhet, kiosk",övriga,2025,"Totalt taxerings-/basvärde, miljoner kr",74
00 Riket,"323 Hyreshusenhet, kiosk",övriga,2025,"Areal, kvkm",0.04
00 Riket,"324 Hyreshusenhet, parkeringshus/garage",fysisk person,2025,Taxeringsenheter,78
00 Riket,"324 Hyreshusenhet, parkeringshus/garage",fysisk person,2025,"Totalt taxerings-/basvärde, miljoner kr",49
00 Riket,"324 Hyreshusenhet, parkeringshus/garage",fysisk person,2025,"Areal, kvkm",0.12
00 Riket,"324 Hyreshusenhet, parkeringshus/garage",stat,2025,Taxeringsenheter,2
00 Riket,"324 Hyreshusenhet, parkeringshus/garage",stat,2025,"Totalt taxerings-/basvärde, miljoner kr",2
00 Riket,"324 Hyreshusenhet, parkeringshus/garage",stat,2025,"Areal, kvkm",0.01
00 Riket,"324 Hyreshusenhet, parkeringshus/garage","kommun, region",2025,Taxeringsenheter,56
00 Riket,"324 Hyreshusenhet, parkeringshus/garage","kommun, region",2025,"Totalt taxerings-/basvärde, miljoner kr",1526
00 Riket,"324 Hyreshusenhet, parkeringshus/garage","kommun, region",2025,"Areal, kvkm",0.49
00 Riket,"324 Hyreshusenhet, parkeringshus/garage",Svenska kyrkan,2025,Taxeringsenheter,..
00 Riket,"324 Hyreshusenhet, parkeringshus/garage",Svenska kyrkan,2025,"Totalt taxerings-/basvärde, miljoner kr",..
00 Riket,"324 Hyreshusenhet, parkeringshus/garage",Svenska kyrkan,2025,"Areal, kvkm",..
00 Riket,"324 Hyreshusenhet, parkeringshus/garage",allmännyttigt bostadsföretag,2025,Taxeringsenheter,206
00 Riket,"324 Hyreshusenhet, parkeringshus/garage",allmännyttigt bostadsföretag,2025,"Totalt taxerings-/basvärde, miljoner kr",858
00 Riket,"324 Hyreshusenhet, parkeringshus/garage",allmännyttigt bostadsföretag,2025,"Areal, kvkm",1.24
00 Riket,"324 Hyreshusenhet, parkeringshus/garage",bostadsrättsförening,2025,Taxeringsenheter,165
00 Riket,"324 Hyreshusenhet, parkeringshus/garage",bostadsrättsförening,2025,"Totalt taxerings-/basvärde, miljoner kr",1210
00 Riket,"324 Hyreshusenhet, parkeringshus/garage",bostadsrättsförening,2025,"Areal, kvkm",0.28
00 Riket,"324 Hyreshusenhet, parkeringshus/garage",ekonomisk förening utom BRF,2025,Taxeringsenheter,137
00 Riket,"324 Hyreshusenhet, parkeringshus/garage",ekonomisk förening utom BRF,2025,"Totalt taxerings-/basvärde, miljoner kr",240
00 Riket,"324 Hyreshusenhet, parkeringshus/garage",ekonomisk förening utom BRF,2025,"Areal, kvkm",0.29
00 Riket,"324 Hyreshusenhet, parkeringshus/garage",bank och försäkringsbolag,2025,Taxeringsenheter,..
00 Riket,"324 Hyreshusenhet, parkeringshus/garage",bank och försäkringsbolag,2025,"Totalt taxerings-/basvärde, miljoner kr",..
00 Riket,"324 Hyreshusenhet, parkeringshus/garage",bank och försäkringsbolag,2025,"Areal, kvkm",..
00 Riket,"324 Hyreshusenhet, parkeringshus/garage",övrigt svenskt AB,2025,Taxeringsenheter,384
00 Riket,"324 Hyreshusenhet, parkeringshus/garage",övrigt svenskt AB,2025,"Totalt taxerings-/basvärde, miljoner kr",12583
00 Riket,"324 Hyreshusenhet, parkeringshus/garage",övrigt svenskt AB,2025,"Areal, kvkm",1.34
00 Riket,"324 Hyreshusenhet, parkeringshus/garage",stiftelser (ej familjestiftelser),2025,Taxeringsenheter,..
00 Riket,"324 Hyreshusenhet, parkeringshus/garage",stiftelser (ej familjestiftelser),2025,"Totalt taxerings-/basvärde, miljoner kr",..
00 Riket,"324 Hyreshusenhet, parkeringshus/garage",stiftelser (ej familjestiftelser),2025,"Areal, kvkm",..
00 Riket,"324 Hyreshusenhet, parkeringshus/garage",dödsbo,2025,Taxeringsenheter,7
00 Riket,"324 Hyreshusenhet, parkeringshus/garage",dödsbo,2025,"Totalt taxerings-/basvärde, miljoner kr",2
00 Riket,"324 Hyreshusenhet, parkeringshus/garage",dödsbo,2025,"Areal, kvkm",0.00
00 Riket,"324 Hyreshusenhet, parkeringshus/garage",övriga,2025,Taxeringsenheter,141
00 Riket,"324 Hyreshusenhet, parkeringshus/garage",övriga,2025,"Totalt taxerings-/basvärde, miljoner kr",1025
00 Riket,"324 Hyreshusenhet, parkeringshus/garage",övriga,2025,"Areal, kvkm",0.49
00 Riket,"325 Hyreshusenhet, lokaler",fysisk person,2025,Taxeringsenheter,3401
00 Riket,"325 Hyreshusenhet, lokaler",fysisk person,2025,"Totalt taxerings-/basvärde, miljoner kr",6412
00 Riket,"325 Hyreshusenhet, lokaler",fysisk person,2025,"Areal, kvkm",12.05
00 Riket,"325 Hyreshusenhet, lokaler",stat,2025,Taxeringsenheter,66
00 Riket,"325 Hyreshusenhet, lokaler",stat,2025,"Totalt taxerings-/basvärde, miljoner kr",3001
00 Riket,"325 Hyreshusenhet, lokaler",stat,2025,"Areal, kvkm",0.75
00 Riket,"325 Hyreshusenhet, lokaler","kommun, region",2025,Taxeringsenheter,1066
00 Riket,"325 Hyreshusenhet, lokaler","kommun, region",2025,"Totalt taxerings-/basvärde, miljoner kr",3870
00 Riket,"325 Hyreshusenhet, lokaler","kommun, region",2025,"Areal, kvkm",11.27
00 Riket,"325 Hyreshusenhet, lokaler",Svenska kyrkan,2025,Taxeringsenheter,27
00 Riket,"325 Hyreshusenhet, lokaler",Svenska kyrkan,2025,"Totalt taxerings-/basvärde, miljoner kr",70
00 Riket,"325 Hyreshusenhet, lokaler",Svenska kyrkan,2025,"Areal, kvkm",0.12
00 Riket,"325 Hyreshusenhet, lokaler",allmännyttigt bostadsföretag,2025,Taxeringsenheter,652
00 Riket,"325 Hyreshusenhet, lokaler",allmännyttigt bostadsföretag,2025,"Totalt taxerings-/basvärde, miljoner kr",5671
00 Riket,"325 Hyreshusenhet, lokaler",allmännyttigt bostadsföretag,2025,"Areal, kvkm",2.53
00 Riket,"325 Hyreshusenhet, lokaler",bostadsrättsförening,2025,Taxeringsenheter,126
00 Riket,"325 Hyreshusenhet, lokaler",bostadsrättsförening,2025,"Totalt taxerings-/basvärde, miljoner kr",1565
00 Riket,"325 Hyreshusenhet, lokaler",bostadsrättsförening,2025,"Areal, kvkm",0.58
00 Riket,"325 Hyreshusenhet, lokaler",ekonomisk förening utom BRF,2025,Taxeringsenheter,444
00 Riket,"325 Hyreshusenhet, lokaler",ekonomisk förening utom BRF,2025,"Totalt taxerings-/basvärde, miljoner kr",4122
00 Riket,"325 Hyreshusenhet, lokaler",ekonomisk förening utom BRF,2025,"Areal, kvkm",2.36
00 Riket,"325 Hyreshusenhet, lokaler",bank och försäkringsbolag,2025,Taxeringsenheter,164
00 Riket,"325 Hyreshusenhet, lokaler",bank och försäkringsbolag,2025,"Totalt taxerings-/basvärde, miljoner kr",24775
00 Riket,"325 Hyreshusenhet, lokaler",bank och försäkringsbolag,2025,"Areal, kvkm",0.55
00 Riket,"325 Hyreshusenhet, lokaler",övrigt svenskt AB,2025,Taxeringsenheter,15938
00 Riket,"325 Hyreshusenhet, lokaler",övrigt svenskt AB,2025,"Totalt taxerings-/basvärde, miljoner kr",709563
00 Riket,"325 Hyreshusenhet, lokaler",övrigt svenskt AB,2025,"Areal, kvkm",121.93
00 Riket,"325 Hyreshusenhet, lokaler",stiftelser (ej familjestiftelser),2025,Taxeringsenheter,128
00 Riket,"325 Hyreshusenhet, lokaler",stiftelser (ej familjestiftelser),2025,"Totalt taxerings-/basvärde, miljoner kr",1913
00 Riket,"325 Hyreshusenhet, lokaler",stiftelser (ej familjestiftelser),2025,"Areal, kvkm",1.78
00 Riket,"325 Hyreshusenhet, lokaler",dödsbo,2025,Taxeringsenheter,40
00 Riket,"325 Hyreshusenhet, lokaler",dödsbo,2025,"Totalt taxerings-/basvärde, miljoner kr",146
00 Riket,"325 Hyreshusenhet, lokaler",dödsbo,2025,"Areal, kvkm",0.13
00 Riket,"325 Hyreshusenhet, lokaler",övriga,2025,Taxeringsenheter,1979
00 Riket,"325 Hyreshusenhet, lokaler",övriga,2025,"Totalt taxerings-/basvärde, miljoner kr",133941
00 Riket,"325 Hyreshusenhet, lokaler",övriga,2025,"Areal, kvkm",15.09
00 Riket,"326 Hyreshusenhet, kontor inom industrimark",fysisk person,2025,Taxeringsenheter,73
00 Riket,"326 Hyreshusenhet, kontor inom industrimark",fysisk person,2025,"Totalt taxerings-/basvärde, miljoner kr",102
00 Riket,"326 Hyreshusenhet, kontor inom industrimark",fysisk person,2025,"Areal, kvkm",0.10
00 Riket,"326 Hyreshusenhet, kontor inom industrimark",stat,2025,Taxeringsenheter,1
00 Riket,"326 Hyreshusenhet, kontor inom industrimark",stat,2025,"Totalt taxerings-/basvärde, miljoner kr",21
00 Riket,"326 Hyreshusenhet, kontor inom industrimark",stat,2025,"Areal, kvkm",0.10
00 Riket,"326 Hyreshusenhet, kontor inom industrimark","kommun, region",2025,Taxeringsenheter,25
00 Riket,"326 Hyreshusenhet, kontor inom industrimark","kommun, region",2025,"Totalt taxerings-/basvärde, miljoner kr",117
00 Riket,"326 Hyreshusenhet, kontor inom industrimark","kommun, region",2025,"Areal, kvkm",0.10
00 Riket,"326 Hyreshusenhet, kontor inom industrimark",Svenska kyrkan,2025,Taxeringsenheter,..
00 Riket,"326 Hyreshusenhet, kontor inom industrimark",Svenska kyrkan,2025,"Totalt taxerings-/basvärde, miljoner kr",..
00 Riket,"326 Hyreshusenhet, kontor inom industrimark",Svenska kyrkan,2025,"Areal, kvkm",..
00 Riket,"326 Hyreshusenhet, kontor inom industrimark",allmännyttigt bostadsföretag,2025,Taxeringsenheter,12
00 Riket,"326 Hyreshusenhet, kontor inom industrimark",allmännyttigt bostadsföretag,2025,"Totalt taxerings-/basvärde, miljoner kr",136
00 Riket,"326 Hyreshusenhet, kontor inom industrimark",allmännyttigt bostadsföretag,2025,"Areal, kvkm",0.06
00 Riket,"326 Hyreshusenhet, kontor inom industrimark",bostadsrättsförening,2025,Taxeringsenheter,2
00 Riket,"326 Hyreshusenhet, kontor inom industrimark",bostadsrättsförening,2025,"Totalt taxerings-/basvärde, miljoner kr",52
00 Riket,"326 Hyreshusenhet, kontor inom industrimark",bostadsrättsförening,2025,"Areal, kvkm",0.01
00 Riket,"326 Hyreshusenhet, kontor inom industrimark",ekonomisk förening utom BRF,2025,Taxeringsenheter,28
00 Riket,"326 Hyreshusenhet, kontor inom industrimark",ekonomisk förening utom BRF,2025,"Totalt taxerings-/basvärde, miljoner kr",63
00 Riket,"326 Hyreshusenhet, kontor inom industrimark",ekonomisk förening utom BRF,2025,"Areal, kvkm",0.09
00 Riket,"326 Hyreshusenhet, kontor inom industrimark",bank och försäkringsbolag,2025,Taxeringsenheter,2
00 Riket,"326 Hyreshusenhet, kontor inom industrimark",bank och försäkringsbolag,2025,"Totalt taxerings-/basvärde, miljoner kr",186
00 Riket,"326 Hyreshusenhet, kontor inom industrimark",bank och försäkringsbolag,2025,"Areal, kvkm",0.01
00 Riket,"326 Hyreshusenhet, kontor inom industrimark",övrigt svenskt AB,2025,Taxeringsenheter,1760
00 Riket,"326 Hyreshusenhet, kontor inom industrimark",övrigt svenskt AB,2025,"Totalt taxerings-/basvärde, miljoner kr",22420
00 Riket,"326 Hyreshusenhet, kontor inom industrimark",övrigt svenskt AB,2025,"Areal, kvkm",8.61
00 Riket,"326 Hyreshusenhet, kontor inom industrimark",stiftelser (ej familjestiftelser),2025,Taxeringsenheter,2
00 Riket,"326 Hyreshusenhet, kontor inom industrimark",stiftelser (ej familjestiftelser),2025,"Totalt taxerings-/basvärde, miljoner kr",7
00 Riket,"326 Hyreshusenhet, kontor inom industrimark",stiftelser (ej familjestiftelser),2025,"Areal, kvkm",0.01
00 Riket,"326 Hyreshusenhet, kontor inom industrimark",dödsbo,2025,Taxeringsenheter,1
00 Riket,"326 Hyreshusenhet, kontor inom industrimark",dödsbo,2025,"Totalt taxerings-/basvärde, miljoner kr",0
00 Riket,"326 Hyreshusenhet, kontor inom industrimark",dödsbo,2025,"Areal, kvkm",0.03
00 Riket,"326 Hyreshusenhet, kontor inom industrimark",övriga,2025,Taxeringsenheter,68
00 Riket,"326 Hyreshusenhet, kontor inom industrimark",övriga,2025,"Totalt taxerings-/basvärde, miljoner kr",1466
00 Riket,"326 Hyreshusenhet, kontor inom industrimark",övriga,2025,"Areal, kvkm",0.77
00 Riket,"510 Ägarlägenhetsenhet, obebyggd",fysisk person,2025,Taxeringsenheter,10
00 Riket,"510 Ägarlägenhetsenhet, obebyggd",fysisk person,2025,"Totalt taxerings-/basvärde, miljoner kr",3
00 Riket,"510 Ägarlägenhetsenhet, obebyggd",fysisk person,2025,"Areal, kvkm",0.00
00 Riket,"510 Ägarlägenhetsenhet, obebyggd",stat,2025,Taxeringsenheter,..
00 Riket,"510 Ägarlägenhetsenhet, obebyggd",stat,2025,"Totalt taxerings-/basvärde, miljoner kr",..
00 Riket,"510 Ägarlägenhetsenhet, obebyggd",stat,2025,"Areal, kvkm",..
00 Riket,"510 Ägarlägenhetsenhet, obebyggd","kommun, region",2025,Taxeringsenheter,32
00 Riket,"510 Ägarlägenhetsenhet, obebyggd","kommun, region",2025,"Totalt taxerings-/basvärde, miljoner kr",6
00 Riket,"510 Ägarlägenhetsenhet, obebyggd","kommun, region",2025,"Areal, kvkm",0.00
00 Riket,"510 Ägarlägenhetsenhet, obebyggd",Svenska kyrkan,2025,Taxeringsenheter,..
00 Riket,"510 Ägarlägenhetsenhet, obebyggd",Svenska kyrkan,2025,"Totalt taxerings-/basvärde, miljoner kr",..
00 Riket,"510 Ägarlägenhetsenhet, obebyggd",Svenska kyrkan,2025,"Areal, kvkm",..
00 Riket,"510 Ägarlägenhetsenhet, obebyggd",allmännyttigt bostadsföretag,2025,Taxeringsenheter,..
00 Riket,"510 Ägarlägenhetsenhet, obebyggd",allmännyttigt bostadsföretag,2025,"Totalt taxerings-/basvärde, miljoner kr",..
00 Riket,"510 Ägarlägenhetsenhet, obebyggd",allmännyttigt bostadsföretag,2025,"Areal, kvkm",..
00 Riket,"510 Ägarlägenhetsenhet, obebyggd",bostadsrättsförening,2025,Taxeringsenheter,..
00 Riket,"510 Ägarlägenhetsenhet, obebyggd",bostadsrättsförening,2025,"Totalt taxerings-/basvärde, miljoner kr",..
00 Riket,"510 Ägarlägenhetsenhet, obebyggd",bostadsrättsförening,2025,"Areal, kvkm",..
00 Riket,"510 Ägarlägenhetsenhet, obebyggd",ekonomisk förening utom BRF,2025,Taxeringsenheter,8
00 Riket,"510 Ägarlägenhetsenhet, obebyggd",ekonomisk förening utom BRF,2025,"Totalt taxerings-/basvärde, miljoner kr",9
00 Riket,"510 Ägarlägenhetsenhet, obebyggd",ekonomisk förening utom BRF,2025,"Areal, kvkm",0.00
00 Riket,"510 Ägarlägenhetsenhet, obebyggd",bank och försäkringsbolag,2025,Taxeringsenheter,..
00 Riket,"510 Ägarlägenhetsenhet, obebyggd",bank och försäkringsbolag,2025,"Totalt taxerings-/basvärde, miljoner kr",..
00 Riket,"510 Ägarlägenhetsenhet, obebyggd",bank och försäkringsbolag,2025,"Areal, kvkm",..
00 Riket,"510 Ägarlägenhetsenhet, obebyggd",övrigt svenskt AB,2025,Taxeringsenheter,33
00 Riket,"510 Ägarlägenhetsenhet, obebyggd",övrigt svenskt AB,2025,"Totalt taxerings-/basvärde, miljoner kr",27
00 Riket,"510 Ägarlägenhetsenhet, obebyggd",övrigt svenskt AB,2025,"Areal, kvkm",0.00
00 Riket,"510 Ägarlägenhetsenhet, obebyggd",stiftelser (ej familjestiftelser),2025,Taxeringsenheter,..
00 Riket,"510 Ägarlägenhetsenhet, obebyggd",stiftelser (ej familjestiftelser),2025,"Totalt taxerings-/basvärde, miljoner kr",..
00 Riket,"510 Ägarlägenhetsenhet, obebyggd",stiftelser (ej familjestiftelser),2025,"Areal, kvkm",..
00 Riket,"510 Ägarlägenhetsenhet, obebyggd",dödsbo,2025,Taxeringsenheter,..
00 Riket,"510 Ägarlägenhetsenhet, obebyggd",dödsbo,2025,"Totalt taxerings-/basvärde, miljoner kr",..
00 Riket,"510 Ägarlägenhetsenhet, obebyggd",dödsbo,2025,"Areal, kvkm",..
00 Riket,"510 Ägarlägenhetsenhet, obebyggd",övriga,2025,Taxeringsenheter,..
00 Riket,"510 Ägarlägenhetsenhet, obebyggd",övriga,2025,"Totalt taxerings-/basvärde, miljoner kr",..
00 Riket,"510 Ägarlägenhetsenhet, obebyggd",övriga,2025,"Areal, kvkm",..
00 Riket,"513 Ägarlägenhetsenhet, byggnadsvärde under 50 000 kr",fysisk person,2025,Taxeringsenheter,..
00 Riket,"513 Ägarlägenhetsenhet, byggnadsvärde under 50 000 kr",fysisk person,2025,"Totalt taxerings-/basvärde, miljoner kr",..
00 Riket,"513 Ägarlägenhetsenhet, byggnadsvärde under 50 000 kr",fysisk person,2025,"Areal, kvkm",..
00 Riket,"513 Ägarlägenhetsenhet, byggnadsvärde under 50 000 kr",stat,2025,Taxeringsenheter,..
00 Riket,"513 Ägarlägenhetsenhet, byggnadsvärde under 50 000 kr",stat,2025,"Totalt taxerings-/basvärde, miljoner kr",..
00 Riket,"513 Ägarlägenhetsenhet, byggnadsvärde under 50 000 kr",stat,2025,"Areal, kvkm",..
00 Riket,"513 Ägarlägenhetsenhet, byggnadsvärde under 50 000 kr","kommun, region",2025,Taxeringsenheter,..
00 Riket,"513 Ägarlägenhetsenhet, byggnadsvärde under 50 000 kr","kommun, region",2025,"Totalt taxerings-/basvärde, miljoner kr",..
00 Riket,"513 Ägarlägenhetsenhet, byggnadsvärde under 50 000 kr","kommun, region",2025,"Areal, kvkm",..
00 Riket,"513 Ägarlägenhetsenhet, byggnadsvärde under 50 000 kr",Svenska kyrkan,2025,Taxeringsenheter,..
00 Riket,"513 Ägarlägenhetsenhet, byggnadsvärde under 50 000 kr",Svenska kyrkan,2025,"Totalt taxerings-/basvärde, miljoner kr",..
00 Riket,"513 Ägarlägenhetsenhet, byggnadsvärde under 50 000 kr",Svenska kyrkan,2025,"Areal, kvkm",..
00 Riket,"513 Ägarlägenhetsenhet, byggnadsvärde under 50 000 kr",allmännyttigt bostadsföretag,2025,Taxeringsenheter,..
00 Riket,"513 Ägarlägenhetsenhet, byggnadsvärde under 50 000 kr",allmännyttigt bostadsföretag,2025,"Totalt taxerings-/basvärde, miljoner kr",..
00 Riket,"513 Ägarlägenhetsenhet, byggnadsvärde under 50 000 kr",allmännyttigt bostadsföretag,2025,"Areal, kvkm",..
00 Riket,"513 Ägarlägenhetsenhet, byggnadsvärde under 50 000 kr",bostadsrättsförening,2025,Taxeringsenheter,..
00 Riket,"513 Ägarlägenhetsenhet, byggnadsvärde under 50 000 kr",bostadsrättsförening,2025,"Totalt taxerings-/basvärde, miljoner kr",..
00 Riket,"513 Ägarlägenhetsenhet, byggnadsvärde under 50 000 kr",bostadsrättsförening,2025,"Areal, kvkm",..
00 Riket,"513 Ägarlägenhetsenhet, byggnadsvärde under 50 000 kr",ekonomisk förening utom BRF,2025,Taxeringsenheter,..
00 Riket,"513 Ägarlägenhetsenhet, byggnadsvärde under 50 000 kr",ekonomisk förening utom BRF,2025,"Totalt taxerings-/basvärde, miljoner kr",..
00 Riket,"513 Ägarlägenhetsenhet, byggnadsvärde under 50 000 kr",ekonomisk förening utom BRF,2025,"Areal, kvkm",..
00 Riket,"513 Ägarlägenhetsenhet, byggnadsvärde under 50 000 kr",bank och försäkringsbolag,2025,Taxeringsenheter,..
00 Riket,"513 Ägarlägenhetsenhet, byggnadsvärde under 50 000 kr",bank och försäkringsbolag,2025,"Totalt taxerings-/basvärde, miljoner kr",..
00 Riket,"513 Ägarlägenhetsenhet, byggnadsvärde under 50 000 kr",bank och försäkringsbolag,2025,"Areal, kvkm",..
00 Riket,"513 Ägarlägenhetsenhet, byggnadsvärde under 50 000 kr",övrigt svenskt AB,2025,Taxeringsenheter,..
00 Riket,"513 Ägarlägenhetsenhet, byggnadsvärde under 50 000 kr",övrigt svenskt AB,2025,"Totalt taxerings-/basvärde, miljoner kr",..
00 Riket,"513 Ägarlägenhetsenhet, byggnadsvärde under 50 000 kr",övrigt svenskt AB,2025,"Areal, kvkm",..
00 Riket,"513 Ägarlägenhetsenhet, byggnadsvärde under 50 000 kr",stiftelser (ej familjestiftelser),2025,Taxeringsenheter,..
00 Riket,"513 Ägarlägenhetsenhet, byggnadsvärde under 50 000 kr",stiftelser (ej familjestiftelser),2025,"Totalt taxerings-/basvärde, miljoner kr",..
00 Riket,"513 Ägarlägenhetsenhet, byggnadsvärde under 50 000 kr",stiftelser (ej familjestiftelser),2025,"Areal, kvkm",..
00 Riket,"513 Ägarlägenhetsenhet, byggnadsvärde under 50 000 kr",dödsbo,2025,Taxeringsenheter,..
00 Riket,"513 Ägarlägenhetsenhet, byggnadsvärde under 50 000 kr",dödsbo,2025,"Totalt taxerings-/basvärde, miljoner kr",..
00 Riket,"513 Ägarlägenhetsenhet, byggnadsvärde under 50 000 kr",dödsbo,2025,"Areal, kvkm",..
00 Riket,"513 Ägarlägenhetsenhet, byggnadsvärde under 50 000 kr",övriga,2025,Taxeringsenheter,..
00 Riket,"513 Ägarlägenhetsenhet, byggnadsvärde under 50 000 kr",övriga,2025,"Totalt taxerings-/basvärde, miljoner kr",..
00 Riket,"513 Ägarlägenhetsenhet, byggnadsvärde under 50 000 kr",övriga,2025,"Areal, kvkm",..
00 Riket,"520 Ägarlägenhetsenhet, bostad",fysisk person,2025,Taxeringsenheter,2121
00 Riket,"520 Ägarlägenhetsenhet, bostad",fysisk person,2025,"Totalt taxerings-/basvärde, miljoner kr",5076
00 Riket,"520 Ägarlägenhetsenhet, bostad",fysisk person,2025,"Areal, kvkm",0.00
00 Riket,"520 Ägarlägenhetsenhet, bostad",stat,2025,Taxeringsenheter,..
00 Riket,"520 Ägarlägenhetsenhet, bostad",stat,2025,"Totalt taxerings-/basvärde, miljoner kr",..
00 Riket,"520 Ägarlägenhetsenhet, bostad",stat,2025,"Areal, kvkm",..
00 Riket,"520 Ägarlägenhetsenhet, bostad","kommun, region",2025,Taxeringsenheter,..
00 Riket,"520 Ägarlägenhetsenhet, bostad","kommun, region",2025,"Totalt taxerings-/basvärde, miljoner kr",..
00 Riket,"520 Ägarlägenhetsenhet, bostad","kommun, region",2025,"Areal, kvkm",..
00 Riket,"520 Ägarlägenhetsenhet, bostad",Svenska kyrkan,2025,Taxeringsenheter,..
00 Riket,"520 Ägarlägenhetsenhet, bostad",Svenska kyrkan,2025,"Totalt taxerings-/basvärde, miljoner kr",..
00 Riket,"520 Ägarlägenhetsenhet, bostad",Svenska kyrkan,2025,"Areal, kvkm",..
00 Riket,"520 Ägarlägenhetsenhet, bostad",allmännyttigt bostadsföretag,2025,Taxeringsenheter,36
00 Riket,"520 Ägarlägenhetsenhet, bostad",allmännyttigt bostadsföretag,2025,"Totalt taxerings-/basvärde, miljoner kr",80
00 Riket,"520 Ägarlägenhetsenhet, bostad",allmännyttigt bostadsföretag,2025,"Areal, kvkm",0.00
00 Riket,"520 Ägarlägenhetsenhet, bostad",bostadsrättsförening,2025,Taxeringsenheter,127
00 Riket,"520 Ägarlägenhetsenhet, bostad",bostadsrättsförening,2025,"Totalt taxerings-/basvärde, miljoner kr",182
00 Riket,"520 Ägarlägenhetsenhet, bostad",bostadsrättsförening,2025,"Areal, kvkm",0.00
00 Riket,"520 Ägarlägenhetsenhet, bostad",ekonomisk förening utom BRF,2025,Taxeringsenheter,581
00 Riket,"520 Ägarlägenhetsenhet, bostad",ekonomisk förening utom BRF,2025,"Totalt taxerings-/basvärde, miljoner kr",784
00 Riket,"520 Ägarlägenhetsenhet, bostad",ekonomisk förening utom BRF,2025,"Areal, kvkm",0.00
00 Riket,"520 Ägarlägenhetsenhet, bostad",bank och försäkringsbolag,2025,Taxeringsenheter,..
00 Riket,"520 Ägarlägenhetsenhet, bostad",bank och försäkringsbolag,2025,"Totalt taxerings-/basvärde, miljoner kr",..
00 Riket,"520 Ägarlägenhetsenhet, bostad",bank och försäkringsbolag,2025,"Areal, kvkm",..
00 Riket,"520 Ägarlägenhetsenhet, bostad",övrigt svenskt AB,2025,Taxeringsenheter,1549
00 Riket,"520 Ägarlägenhetsenhet, bostad",övrigt svenskt AB,2025,"Totalt taxerings-/basvärde, miljoner kr",2972
00 Riket,"520 Ägarlägenhetsenhet, bostad",övrigt svenskt AB,2025,"Areal, kvkm",0.00
00 Riket,"520 Ägarlägenhetsenhet, bostad",stiftelser (ej familjestiftelser),2025,Taxeringsenheter,..
00 Riket,"520 Ägarlägenhetsenhet, bostad",stiftelser (ej familjestiftelser),2025,"Totalt taxerings-/basvärde, miljoner kr",..
00 Riket,"520 Ägarlägenhetsenhet, bostad",stiftelser (ej familjestiftelser),2025,"Areal, kvkm",..
00 Riket,"520 Ägarlägenhetsenhet, bostad",dödsbo,2025,Taxeringsenheter,8
00 Riket,"520 Ägarlägenhetsenhet, bostad",dödsbo,2025,"Totalt taxerings-/basvärde, miljoner kr",19
00 Riket,"520 Ägarlägenhetsenhet, bostad",dödsbo,2025,"Areal, kvkm",0.00
00 Riket,"520 Ägarlägenhetsenhet, bostad",övriga,2025,Taxeringsenheter,85
00 Riket,"520 Ägarlägenhetsenhet, bostad",övriga,2025,"Totalt taxerings-/basvärde, miljoner kr",123
00 Riket,"520 Ägarlägenhetsenhet, bostad",övriga,2025,"Areal, kvkm",0.00
00 Riket,400 Övrig industrienhet,fysisk person,2025,Taxeringsenheter,5387
00 Riket,400 Övrig industrienhet,fysisk person,2025,"Totalt taxerings-/basvärde, miljoner kr",0
00 Riket,400 Övrig industrienhet,fysisk person,2025,"Areal, kvkm",62.59
00 Riket,400 Övrig industrienhet,stat,2025,Taxeringsenheter,9205
00 Riket,400 Övrig industrienhet,stat,2025,"Totalt taxerings-/basvärde, miljoner kr",0
00 Riket,400 Övrig industrienhet,stat,2025,"Areal, kvkm",256.48
00 Riket,400 Övrig industrienhet,"kommun, region",2025,Taxeringsenheter,14180
00 Riket,400 Övrig industrienhet,"kommun, region",2025,"Totalt taxerings-/basvärde, miljoner kr",0
00 Riket,400 Övrig industrienhet,"kommun, region",2025,"Areal, kvkm",450.03
00 Riket,400 Övrig industrienhet,Svenska kyrkan,2025,Taxeringsenheter,399
00 Riket,400 Övrig industrienhet,Svenska kyrkan,2025,"Totalt taxerings-/basvärde, miljoner kr",0
00 Riket,400 Övrig industrienhet,Svenska kyrkan,2025,"Areal, kvkm",6.12
00 Riket,400 Övrig industrienhet,allmännyttigt bostadsföretag,2025,Taxeringsenheter,408
00 Riket,400 Övrig industrienhet,allmännyttigt bostadsföretag,2025,"Totalt taxerings-/basvärde, miljoner kr",0
00 Riket,400 Övrig industrienhet,allmännyttigt bostadsföretag,2025,"Areal, kvkm",4.84
00 Riket,400 Övrig industrienhet,bostadsrättsförening,2025,Taxeringsenheter,161
00 Riket,400 Övrig industrienhet,bostadsrättsförening,2025,"Totalt taxerings-/basvärde, miljoner kr",0
00 Riket,400 Övrig industrienhet,bostadsrättsförening,2025,"Areal, kvkm",1.18
00 Riket,400 Övrig industrienhet,ekonomisk förening utom BRF,2025,Taxeringsenheter,345
00 Riket,400 Övrig industrienhet,ekonomisk förening utom BRF,2025,"Totalt taxerings-/basvärde, miljoner kr",0
00 Riket,400 Övrig industrienhet,ekonomisk förening utom BRF,2025,"Areal, kvkm",7.94
00 Riket,400 Övrig industrienhet,bank och försäkringsbolag,2025,Taxeringsenheter,4
00 Riket,400 Övrig industrienhet,bank och försäkringsbolag,2025,"Totalt taxerings-/basvärde, miljoner kr",0
00 Riket,400 Övrig industrienhet,bank och försäkringsbolag,2025,"Areal, kvkm",0.01
00 Riket,400 Övrig industrienhet,övrigt svenskt AB,2025,Taxeringsenheter,3627
00 Riket,400 Övrig industrienhet,övrigt svenskt AB,2025,"Totalt taxerings-/basvärde, miljoner kr",0
00 Riket,400 Övrig industrienhet,övrigt svenskt AB,2025,"Areal, kvkm",168.05
00 Riket,400 Övrig industrienhet,stiftelser (ej familjestiftelser),2025,Taxeringsenheter,66
00 Riket,400 Övrig industrienhet,stiftelser (ej familjestiftelser),2025,"Totalt taxerings-/basvärde, miljoner kr",0
00 Riket,400 Övrig industrienhet,stiftelser (ej familjestiftelser),2025,"Areal, kvkm",9.26
00 Riket,400 Övrig industrienhet,dödsbo,2025,Taxeringsenheter,1272
00 Riket,400 Övrig industrienhet,dödsbo,2025,"Totalt taxerings-/basvärde, miljoner kr",0
00 Riket,400 Övrig industrienhet,dödsbo,2025,"Areal, kvkm",11.13
00 Riket,400 Övrig industrienhet,övriga,2025,Taxeringsenheter,4640
00 Riket,400 Övrig industrienhet,övriga,2025,"Totalt taxerings-/basvärde, miljoner kr",0
00 Riket,400 Övrig industrienhet,övriga,2025,"Areal, kvkm",344.20
00 Riket,"411 Industrienhet, tomtmark",fysisk person,2025,Taxeringsenheter,4502
00 Riket,"411 Industrienhet, tomtmark",fysisk person,2025,"Totalt taxerings-/basvärde, miljoner kr",1455
00 Riket,"411 Industrienhet, tomtmark",fysisk person,2025,"Areal, kvkm",16.72
00 Riket,"411 Industrienhet, tomtmark",stat,2025,Taxeringsenheter,37
00 Riket,"411 Industrienhet, tomtmark",stat,2025,"Totalt taxerings-/basvärde, miljoner kr",79
00 Riket,"411 Industrienhet, tomtmark",stat,2025,"Areal, kvkm",0.34
00 Riket,"411 Industrienhet, tomtmark","kommun, region",2025,Taxeringsenheter,3410
00 Riket,"411 Industrienhet, tomtmark","kommun, region",2025,"Totalt taxerings-/basvärde, miljoner kr",11625
00 Riket,"411 Industrienhet, tomtmark","kommun, region",2025,"Areal, kvkm",54.82
00 Riket,"411 Industrienhet, tomtmark",Svenska kyrkan,2025,Taxeringsenheter,11
00 Riket,"411 Industrienhet, tomtmark",Svenska kyrkan,2025,"Totalt taxerings-/basvärde, miljoner kr",2
00 Riket,"411 Industrienhet, tomtmark",Svenska kyrkan,2025,"Areal, kvkm",0.04
00 Riket,"411 Industrienhet, tomtmark",allmännyttigt bostadsföretag,2025,Taxeringsenheter,91
00 Riket,"411 Industrienhet, tomtmark",allmännyttigt bostadsföretag,2025,"Totalt taxerings-/basvärde, miljoner kr",108
00 Riket,"411 Industrienhet, tomtmark",allmännyttigt bostadsföretag,2025,"Areal, kvkm",0.73
00 Riket,"411 Industrienhet, tomtmark",bostadsrättsförening,2025,Taxeringsenheter,22
00 Riket,"411 Industrienhet, tomtmark",bostadsrättsförening,2025,"Totalt taxerings-/basvärde, miljoner kr",36
00 Riket,"411 Industrienhet, tomtmark",bostadsrättsförening,2025,"Areal, kvkm",0.12
00 Riket,"411 Industrienhet, tomtmark",ekonomisk förening utom BRF,2025,Taxeringsenheter,107
00 Riket,"411 Industrienhet, tomtmark",ekonomisk förening utom BRF,2025,"Totalt taxerings-/basvärde, miljoner kr",133
00 Riket,"411 Industrienhet, tomtmark",ekonomisk förening utom BRF,2025,"Areal, kvkm",1.00
00 Riket,"411 Industrienhet, tomtmark",bank och försäkringsbolag,2025,Taxeringsenheter,3
00 Riket,"411 Industrienhet, tomtmark",bank och försäkringsbolag,2025,"Totalt taxerings-/basvärde, miljoner kr",3
00 Riket,"411 Industrienhet, tomtmark",bank och försäkringsbolag,2025,"Areal, kvkm",0.01
00 Riket,"411 Industrienhet, tomtmark",övrigt svenskt AB,2025,Taxeringsenheter,6519
00 Riket,"411 Industrienhet, tomtmark",övrigt svenskt AB,2025,"Totalt taxerings-/basvärde, miljoner kr",18364
00 Riket,"411 Industrienhet, tomtmark",övrigt svenskt AB,2025,"Areal, kvkm",86.50
00 Riket,"411 Industrienhet, tomtmark",stiftelser (ej familjestiftelser),2025,Taxeringsenheter,20
00 Riket,"411 Industrienhet, tomtmark",stiftelser (ej familjestiftelser),2025,"Totalt taxerings-/basvärde, miljoner kr",20
00 Riket,"411 Industrienhet, tomtmark",stiftelser (ej familjestiftelser),2025,"Areal, kvkm",0.14
00 Riket,"411 Industrienhet, tomtmark",dödsbo,2025,Taxeringsenheter,132
00 Riket,"411 Industrienhet, tomtmark",dödsbo,2025,"Totalt taxerings-/basvärde, miljoner kr",58
00 Riket,"411 Industrienhet, tomtmark",dödsbo,2025,"Areal, kvkm",0.63
00 Riket,"411 Industrienhet, tomtmark",övriga,2025,Taxeringsenheter,476
00 Riket,"411 Industrienhet, tomtmark",övriga,2025,"Totalt taxerings-/basvärde, miljoner kr",1335
00 Riket,"411 Industrienhet, tomtmark",övriga,2025,"Areal, kvkm",3.10
00 Riket,"412 Industrienhet, med saneringsbyggnad",fysisk person,2025,Taxeringsenheter,122
00 Riket,"412 Industrienhet, med saneringsbyggnad",fysisk person,2025,"Totalt taxerings-/basvärde, miljoner kr",38
00 Riket,"412 Industrienhet, med saneringsbyggnad",fysisk person,2025,"Areal, kvkm",0.59
00 Riket,"412 Industrienhet, med saneringsbyggnad",stat,2025,Taxeringsenheter,..
00 Riket,"412 Industrienhet, med saneringsbyggnad",stat,2025,"Totalt taxerings-/basvärde, miljoner kr",..
00 Riket,"412 Industrienhet, med saneringsbyggnad",stat,2025,"Areal, kvkm",..
00 Riket,"412 Industrienhet, med saneringsbyggnad","kommun, region",2025,Taxeringsenheter,26
00 Riket,"412 Industrienhet, med saneringsbyggnad","kommun, region",2025,"Totalt taxerings-/basvärde, miljoner kr",168
00 Riket,"412 Industrienhet, med saneringsbyggnad","kommun, region",2025,"Areal, kvkm",0.33
00 Riket,"412 Industrienhet, med saneringsbyggnad",Svenska kyrkan,2025,Taxeringsenheter,1
00 Riket,"412 Industrienhet, med saneringsbyggnad",Svenska kyrkan,2025,"Totalt taxerings-/basvärde, miljoner kr",1
00 Riket,"412 Industrienhet, med saneringsbyggnad",Svenska kyrkan,2025,"Areal, kvkm",0.00
00 Riket,"412 Industrienhet, med saneringsbyggnad",allmännyttigt bostadsföretag,2025,Taxeringsenheter,3
00 Riket,"412 Industrienhet, med saneringsbyggnad",allmännyttigt bostadsföretag,2025,"Totalt taxerings-/basvärde, miljoner kr",4
00 Riket,"412 Industrienhet, med saneringsbyggnad",allmännyttigt bostadsföretag,2025,"Areal, kvkm",0.00
00 Riket,"412 Industrienhet, med saneringsbyggnad",bostadsrättsförening,2025,Taxeringsenheter,..
00 Riket,"412 Industrienhet, med saneringsbyggnad",bostadsrättsförening,2025,"Totalt taxerings-/basvärde, miljoner kr",..
00 Riket,"412 Industrienhet, med saneringsbyggnad",bostadsrättsförening,2025,"Areal, kvkm",..
00 Riket,"412 Industrienhet, med saneringsbyggnad",ekonomisk förening utom BRF,2025,Taxeringsenheter,1
00 Riket,"412 Industrienhet, med saneringsbyggnad",ekonomisk förening utom BRF,2025,"Totalt taxerings-/basvärde, miljoner kr",1
00 Riket,"412 Industrienhet, med saneringsbyggnad",ekonomisk förening utom BRF,2025,"Areal, kvkm",0.02
00 Riket,"412 Industrienhet, med saneringsbyggnad",bank och försäkringsbolag,2025,Taxeringsenheter,..
00 Riket,"412 Industrienhet, med saneringsbyggnad",bank och försäkringsbolag,2025,"Totalt taxerings-/basvärde, miljoner kr",..
00 Riket,"412 Industrienhet, med saneringsbyggnad",bank och försäkringsbolag,2025,"Areal, kvkm",..
00 Riket,"412 Industrienhet, med saneringsbyggnad",övrigt svenskt AB,2025,Taxeringsenheter,112
00 Riket,"412 Industrienhet, med saneringsbyggnad",övrigt svenskt AB,2025,"Totalt taxerings-/basvärde, miljoner kr",644
00 Riket,"412 Industrienhet, med saneringsbyggnad",övrigt svenskt AB,2025,"Areal, kvkm",2.34
00 Riket,"412 Industrienhet, med saneringsbyggnad",stiftelser (ej familjestiftelser),2025,Taxeringsenheter,..
00 Riket,"412 Industrienhet, med saneringsbyggnad",stiftelser (ej familjestiftelser),2025,"Totalt taxerings-/basvärde, miljoner kr",..
00 Riket,"412 Industrienhet, med saneringsbyggnad",stiftelser (ej familjestiftelser),2025,"Areal, kvkm",..
00 Riket,"412 Industrienhet, med saneringsbyggnad",dödsbo,2025,Taxeringsenheter,5
00 Riket,"412 Industrienhet, med saneringsbyggnad",dödsbo,2025,"Totalt taxerings-/basvärde, miljoner kr",1
00 Riket,"412 Industrienhet, med saneringsbyggnad",dödsbo,2025,"Areal, kvkm",0.02
00 Riket,"412 Industrienhet, med saneringsbyggnad",övriga,2025,Taxeringsenheter,15
00 Riket,"412 Industrienhet, med saneringsbyggnad",övriga,2025,"Totalt taxerings-/basvärde, miljoner kr",205
00 Riket,"412 Industrienhet, med saneringsbyggnad",övriga,2025,"Areal, kvkm",0.42
00 Riket,"413 Industrienhet, upplag eller uppställningsplats",fysisk person,2025,Taxeringsenheter,303
00 Riket,"413 Industrienhet, upplag eller uppställningsplats",fysisk person,2025,"Totalt taxerings-/basvärde, miljoner kr",125
00 Riket,"413 Industrienhet, upplag eller uppställningsplats",fysisk person,2025,"Areal, kvkm",1.75
00 Riket,"413 Industrienhet, upplag eller uppställningsplats",stat,2025,Taxeringsenheter,1
00 Riket,"413 Industrienhet, upplag eller uppställningsplats",stat,2025,"Totalt taxerings-/basvärde, miljoner kr",1
00 Riket,"413 Industrienhet, upplag eller uppställningsplats",stat,2025,"Areal, kvkm",0.01
00 Riket,"413 Industrienhet, upplag eller uppställningsplats","kommun, region",2025,Taxeringsenheter,111
00 Riket,"413 Industrienhet, upplag eller uppställningsplats","kommun, region",2025,"Totalt taxerings-/basvärde, miljoner kr",449
00 Riket,"413 Industrienhet, upplag eller uppställningsplats","kommun, region",2025,"Areal, kvkm",1.70
00 Riket,"413 Industrienhet, upplag eller uppställningsplats",Svenska kyrkan,2025,Taxeringsenheter,3
00 Riket,"413 Industrienhet, upplag eller uppställningsplats",Svenska kyrkan,2025,"Totalt taxerings-/basvärde, miljoner kr",2
00 Riket,"413 Industrienhet, upplag eller uppställningsplats",Svenska kyrkan,2025,"Areal, kvkm",0.01
00 Riket,"413 Industrienhet, upplag eller uppställningsplats",allmännyttigt bostadsföretag,2025,Taxeringsenheter,8
00 Riket,"413 Industrienhet, upplag eller uppställningsplats",allmännyttigt bostadsföretag,2025,"Totalt taxerings-/basvärde, miljoner kr",6
00 Riket,"413 Industrienhet, upplag eller uppställningsplats",allmännyttigt bostadsföretag,2025,"Areal, kvkm",0.05
00 Riket,"413 Industrienhet, upplag eller uppställningsplats",bostadsrättsförening,2025,Taxeringsenheter,1
00 Riket,"413 Industrienhet, upplag eller uppställningsplats",bostadsrättsförening,2025,"Totalt taxerings-/basvärde, miljoner kr",0
00 Riket,"413 Industrienhet, upplag eller uppställningsplats",bostadsrättsförening,2025,"Areal, kvkm",0.00
00 Riket,"413 Industrienhet, upplag eller uppställningsplats",ekonomisk förening utom BRF,2025,Taxeringsenheter,2
00 Riket,"413 Industrienhet, upplag eller uppställningsplats",ekonomisk förening utom BRF,2025,"Totalt taxerings-/basvärde, miljoner kr",1
00 Riket,"413 Industrienhet, upplag eller uppställningsplats",ekonomisk förening utom BRF,2025,"Areal, kvkm",0.02
00 Riket,"413 Industrienhet, upplag eller uppställningsplats",bank och försäkringsbolag,2025,Taxeringsenheter,..
00 Riket,"413 Industrienhet, upplag eller uppställningsplats",bank och försäkringsbolag,2025,"Totalt taxerings-/basvärde, miljoner kr",..
00 Riket,"413 Industrienhet, upplag eller uppställningsplats",bank och försäkringsbolag,2025,"Areal, kvkm",..
00 Riket,"413 Industrienhet, upplag eller uppställningsplats",övrigt svenskt AB,2025,Taxeringsenheter,431
00 Riket,"413 Industrienhet, upplag eller uppställningsplats",övrigt svenskt AB,2025,"Totalt taxerings-/basvärde, miljoner kr",873
00 Riket,"413 Industrienhet, upplag eller uppställningsplats",övrigt svenskt AB,2025,"Areal, kvkm",6.01
00 Riket,"413 Industrienhet, upplag eller uppställningsplats",stiftelser (ej familjestiftelser),2025,Taxeringsenheter,..
00 Riket,"413 Industrienhet, upplag eller uppställningsplats",stiftelser (ej familjestiftelser),2025,"Totalt taxerings-/basvärde, miljoner kr",..
00 Riket,"413 Industrienhet, upplag eller uppställningsplats",stiftelser (ej familjestiftelser),2025,"Areal, kvkm",..
00 Riket,"413 Industrienhet, upplag eller uppställningsplats",dödsbo,2025,Taxeringsenheter,14
00 Riket,"413 Industrienhet, upplag eller uppställningsplats",dödsbo,2025,"Totalt taxerings-/basvärde, miljoner kr",8
00 Riket,"413 Industrienhet, upplag eller uppställningsplats",dödsbo,2025,"Areal, kvkm",0.09
00 Riket,"413 Industrienhet, upplag eller uppställningsplats",övriga,2025,Taxeringsenheter,39
00 Riket,"413 Industrienhet, upplag eller uppställningsplats",övriga,2025,"Totalt taxerings-/basvärde, miljoner kr",52
00 Riket,"413 Industrienhet, upplag eller uppställningsplats",övriga,2025,"Areal, kvkm",0.20
00 Riket,"414 Industrienhet, byggnadsvärde under 50 000 kr",fysisk person,2025,Taxeringsenheter,1883
00 Riket,"414 Industrienhet, byggnadsvärde under 50 000 kr",fysisk person,2025,"Totalt taxerings-/basvärde, miljoner kr",409
00 Riket,"414 Industrienhet, byggnadsvärde under 50 000 kr",fysisk person,2025,"Areal, kvkm",7.03
00 Riket,"414 Industrienhet, byggnadsvärde under 50 000 kr",stat,2025,Taxeringsenheter,4
00 Riket,"414 Industrienhet, byggnadsvärde under 50 000 kr",stat,2025,"Totalt taxerings-/basvärde, miljoner kr",4
00 Riket,"414 Industrienhet, byggnadsvärde under 50 000 kr",stat,2025,"Areal, kvkm",0.02
00 Riket,"414 Industrienhet, byggnadsvärde under 50 000 kr","kommun, region",2025,Taxeringsenheter,60
00 Riket,"414 Industrienhet, byggnadsvärde under 50 000 kr","kommun, region",2025,"Totalt taxerings-/basvärde, miljoner kr",42
00 Riket,"414 Industrienhet, byggnadsvärde under 50 000 kr","kommun, region",2025,"Areal, kvkm",0.57
00 Riket,"414 Industrienhet, byggnadsvärde under 50 000 kr",Svenska kyrkan,2025,Taxeringsenheter,..
00 Riket,"414 Industrienhet, byggnadsvärde under 50 000 kr",Svenska kyrkan,2025,"Totalt taxerings-/basvärde, miljoner kr",..
00 Riket,"414 Industrienhet, byggnadsvärde under 50 000 kr",Svenska kyrkan,2025,"Areal, kvkm",..
00 Riket,"414 Industrienhet, byggnadsvärde under 50 000 kr",allmännyttigt bostadsföretag,2025,Taxeringsenheter,8
00 Riket,"414 Industrienhet, byggnadsvärde under 50 000 kr",allmännyttigt bostadsföretag,2025,"Totalt taxerings-/basvärde, miljoner kr",2
00 Riket,"414 Industrienhet, byggnadsvärde under 50 000 kr",allmännyttigt bostadsföretag,2025,"Areal, kvkm",0.02
00 Riket,"414 Industrienhet, byggnadsvärde under 50 000 kr",bostadsrättsförening,2025,Taxeringsenheter,2
00 Riket,"414 Industrienhet, byggnadsvärde under 50 000 kr",bostadsrättsförening,2025,"Totalt taxerings-/basvärde, miljoner kr",3
00 Riket,"414 Industrienhet, byggnadsvärde under 50 000 kr",bostadsrättsförening,2025,"Areal, kvkm",0.00
00 Riket,"414 Industrienhet, byggnadsvärde under 50 000 kr",ekonomisk förening utom BRF,2025,Taxeringsenheter,24
00 Riket,"414 Industrienhet, byggnadsvärde under 50 000 kr",ekonomisk förening utom BRF,2025,"Totalt taxerings-/basvärde, miljoner kr",14
00 Riket,"414 Industrienhet, byggnadsvärde under 50 000 kr",ekonomisk förening utom BRF,2025,"Areal, kvkm",0.25
00 Riket,"414 Industrienhet, byggnadsvärde under 50 000 kr",bank och försäkringsbolag,2025,Taxeringsenheter,..
00 Riket,"414 Industrienhet, byggnadsvärde under 50 000 kr",bank och försäkringsbolag,2025,"Totalt taxerings-/basvärde, miljoner kr",..
00 Riket,"414 Industrienhet, byggnadsvärde under 50 000 kr",bank och försäkringsbolag,2025,"Areal, kvkm",..
00 Riket,"414 Industrienhet, byggnadsvärde under 50 000 kr",övrigt svenskt AB,2025,Taxeringsenheter,742
00 Riket,"414 Industrienhet, byggnadsvärde under 50 000 kr",övrigt svenskt AB,2025,"Totalt taxerings-/basvärde, miljoner kr",631
00 Riket,"414 Industrienhet, byggnadsvärde under 50 000 kr",övrigt svenskt AB,2025,"Areal, kvkm",6.50
00 Riket,"414 Industrienhet, byggnadsvärde under 50 000 kr",stiftelser (ej familjestiftelser),2025,Taxeringsenheter,2
00 Riket,"414 Industrienhet, byggnadsvärde under 50 000 kr",stiftelser (ej familjestiftelser),2025,"Totalt taxerings-/basvärde, miljoner kr",0
00 Riket,"414 Industrienhet, byggnadsvärde under 50 000 kr",stiftelser (ej familjestiftelser),2025,"Areal, kvkm",0.00
00 Riket,"414 Industrienhet, byggnadsvärde under 50 000 kr",dödsbo,2025,Taxeringsenheter,34
00 Riket,"414 Industrienhet, byggnadsvärde under 50 000 kr",dödsbo,2025,"Totalt taxerings-/basvärde, miljoner kr",7
00 Riket,"414 Industrienhet, byggnadsvärde under 50 000 kr",dödsbo,2025,"Areal, kvkm",0.16
00 Riket,"414 Industrienhet, byggnadsvärde under 50 000 kr",övriga,2025,Taxeringsenheter,118
00 Riket,"414 Industrienhet, byggnadsvärde under 50 000 kr",övriga,2025,"Totalt taxerings-/basvärde, miljoner kr",35
00 Riket,"414 Industrienhet, byggnadsvärde under 50 000 kr",övriga,2025,"Areal, kvkm",0.54
00 Riket,"415 Industrienhet, fiskefastighet",fysisk person,2025,Taxeringsenheter,66
00 Riket,"415 Industrienhet, fiskefastighet",fysisk person,2025,"Totalt taxerings-/basvärde, miljoner kr",2
00 Riket,"415 Industrienhet, fiskefastighet",fysisk person,2025,"Areal, kvkm",0.02
00 Riket,"415 Industrienhet, fiskefastighet",stat,2025,Taxeringsenheter,..
00 Riket,"415 Industrienhet, fiskefastighet",stat,2025,"Totalt taxerings-/basvärde, miljoner kr",..
00 Riket,"415 Industrienhet, fiskefastighet",stat,2025,"Areal, kvkm",..
00 Riket,"415 Industrienhet, fiskefastighet","kommun, region",2025,Taxeringsenheter,3
00 Riket,"415 Industrienhet, fiskefastighet","kommun, region",2025,"Totalt taxerings-/basvärde, miljoner kr",3
00 Riket,"415 Industrienhet, fiskefastighet","kommun, region",2025,"Areal, kvkm",0.06
00 Riket,"415 Industrienhet, fiskefastighet",Svenska kyrkan,2025,Taxeringsenheter,1
00 Riket,"415 Industrienhet, fiskefastighet",Svenska kyrkan,2025,"Totalt taxerings-/basvärde, miljoner kr",0
00 Riket,"415 Industrienhet, fiskefastighet",Svenska kyrkan,2025,"Areal, kvkm",0.00
00 Riket,"415 Industrienhet, fiskefastighet",allmännyttigt bostadsföretag,2025,Taxeringsenheter,..
00 Riket,"415 Industrienhet, fiskefastighet",allmännyttigt bostadsföretag,2025,"Totalt taxerings-/basvärde, miljoner kr",..
00 Riket,"415 Industrienhet, fiskefastighet",allmännyttigt bostadsföretag,2025,"Areal, kvkm",..
00 Riket,"415 Industrienhet, fiskefastighet",bostadsrättsförening,2025,Taxeringsenheter,..
00 Riket,"415 Industrienhet, fiskefastighet",bostadsrättsförening,2025,"Totalt taxerings-/basvärde, miljoner kr",..
00 Riket,"415 Industrienhet, fiskefastighet",bostadsrättsförening,2025,"Areal, kvkm",..
00 Riket,"415 Industrienhet, fiskefastighet",ekonomisk förening utom BRF,2025,Taxeringsenheter,..
00 Riket,"415 Industrienhet, fiskefastighet",ekonomisk förening utom BRF,2025,"Totalt taxerings-/basvärde, miljoner kr",..
00 Riket,"415 Industrienhet, fiskefastighet",ekonomisk förening utom BRF,2025,"Areal, kvkm",..
00 Riket,"415 Industrienhet, fiskefastighet",bank och försäkringsbolag,2025,Taxeringsenheter,..
00 Riket,"415 Industrienhet, fiskefastighet",bank och försäkringsbolag,2025,"Totalt taxerings-/basvärde, miljoner kr",..
00 Riket,"415 Industrienhet, fiskefastighet",bank och försäkringsbolag,2025,"Areal, kvkm",..
00 Riket,"415 Industrienhet, fiskefastighet",övrigt svenskt AB,2025,Taxeringsenheter,6
00 Riket,"415 Industrienhet, fiskefastighet",övrigt svenskt AB,2025,"Totalt taxerings-/basvärde, miljoner kr",5
00 Riket,"415 Industrienhet, fiskefastighet",övrigt svenskt AB,2025,"Areal, kvkm",0.06
00 Riket,"415 Industrienhet, fiskefastighet",stiftelser (ej familjestiftelser),2025,Taxeringsenheter,..
00 Riket,"415 Industrienhet, fiskefastighet",stiftelser (ej familjestiftelser),2025,"Totalt taxerings-/basvärde, miljoner kr",..
00 Riket,"415 Industrienhet, fiskefastighet",stiftelser (ej familjestiftelser),2025,"Areal, kvkm",..
00 Riket,"415 Industrienhet, fiskefastighet",dödsbo,2025,Taxeringsenheter,16
00 Riket,"415 Industrienhet, fiskefastighet",dödsbo,2025,"Totalt taxerings-/basvärde, miljoner kr",0
00 Riket,"415 Industrienhet, fiskefastighet",dödsbo,2025,"Areal, kvkm",0.00
00 Riket,"415 Industrienhet, fiskefastighet",övriga,2025,Taxeringsenheter,25
00 Riket,"415 Industrienhet, fiskefastighet",övriga,2025,"Totalt taxerings-/basvärde, miljoner kr",2
00 Riket,"415 Industrienhet, fiskefastighet",övriga,2025,"Areal, kvkm",0.03
00 Riket,"420 Industrienhet, industrihotell",fysisk person,2025,Taxeringsenheter,65
00 Riket,"420 Industrienhet, industrihotell",fysisk person,2025,"Totalt taxerings-/basvärde, miljoner kr",326
00 Riket,"420 Industrienhet, industrihotell",fysisk person,2025,"Areal, kvkm",0.52
00 Riket,"420 Industrienhet, industrihotell",stat,2025,Taxeringsenheter,7
00 Riket,"420 Industrienhet, industrihotell",stat,2025,"Totalt taxerings-/basvärde, miljoner kr",99
00 Riket,"420 Industrienhet, industrihotell",stat,2025,"Areal, kvkm",0.04
00 Riket,"420 Industrienhet, industrihotell","kommun, region",2025,Taxeringsenheter,22
00 Riket,"420 Industrienhet, industrihotell","kommun, region",2025,"Totalt taxerings-/basvärde, miljoner kr",244
00 Riket,"420 Industrienhet, industrihotell","kommun, region",2025,"Areal, kvkm",0.32
00 Riket,"420 Industrienhet, industrihotell",Svenska kyrkan,2025,Taxeringsenheter,..
00 Riket,"420 Industrienhet, industrihotell",Svenska kyrkan,2025,"Totalt taxerings-/basvärde, miljoner kr",..
00 Riket,"420 Industrienhet, industrihotell",Svenska kyrkan,2025,"Areal, kvkm",..
00 Riket,"420 Industrienhet, industrihotell",allmännyttigt bostadsföretag,2025,Taxeringsenheter,21
00 Riket,"420 Industrienhet, industrihotell",allmännyttigt bostadsföretag,2025,"Totalt taxerings-/basvärde, miljoner kr",146
00 Riket,"420 Industrienhet, industrihotell",allmännyttigt bostadsföretag,2025,"Areal, kvkm",0.35
00 Riket,"420 Industrienhet, industrihotell",bostadsrättsförening,2025,Taxeringsenheter,40
00 Riket,"420 Industrienhet, industrihotell",bostadsrättsförening,2025,"Totalt taxerings-/basvärde, miljoner kr",467
00 Riket,"420 Industrienhet, industrihotell",bostadsrättsförening,2025,"Areal, kvkm",0.11
00 Riket,"420 Industrienhet, industrihotell",ekonomisk förening utom BRF,2025,Taxeringsenheter,12
00 Riket,"420 Industrienhet, industrihotell",ekonomisk förening utom BRF,2025,"Totalt taxerings-/basvärde, miljoner kr",67
00 Riket,"420 Industrienhet, industrihotell",ekonomisk förening utom BRF,2025,"Areal, kvkm",0.02
00 Riket,"420 Industrienhet, industrihotell",bank och försäkringsbolag,2025,Taxeringsenheter,..
00 Riket,"420 Industrienhet, industrihotell",bank och försäkringsbolag,2025,"Totalt taxerings-/basvärde, miljoner kr",..
00 Riket,"420 Industrienhet, industrihotell",bank och försäkringsbolag,2025,"Areal, kvkm",..
00 Riket,"420 Industrienhet, industrihotell",övrigt svenskt AB,2025,Taxeringsenheter,966
00 Riket,"420 Industrienhet, industrihotell",övrigt svenskt AB,2025,"Totalt taxerings-/basvärde, miljoner kr",13529
00 Riket,"420 Industrienhet, industrihotell",övrigt svenskt AB,2025,"Areal, kvkm",11.87
00 Riket,"420 Industrienhet, industrihotell",stiftelser (ej familjestiftelser),2025,Taxeringsenheter,2
00 Riket,"420 Industrienhet, industrihotell",stiftelser (ej familjestiftelser),2025,"Totalt taxerings-/basvärde, miljoner kr",8
00 Riket,"420 Industrienhet, industrihotell",stiftelser (ej familjestiftelser),2025,"Areal, kvkm",0.01
00 Riket,"420 Industrienhet, industrihotell",dödsbo,2025,Taxeringsenheter,..
00 Riket,"420 Industrienhet, industrihotell",dödsbo,2025,"Totalt taxerings-/basvärde, miljoner kr",..
00 Riket,"420 Industrienhet, industrihotell",dödsbo,2025,"Areal, kvkm",..
00 Riket,"420 Industrienhet, industrihotell",övriga,2025,Taxeringsenheter,80
00 Riket,"420 Industrienhet, industrihotell",övriga,2025,"Totalt taxerings-/basvärde, miljoner kr",1539
00 Riket,"420 Industrienhet, industrihotell",övriga,2025,"Areal, kvkm",1.34
00 Riket,"421 Industrienhet, kemisk industri",fysisk person,2025,Taxeringsenheter,27
00 Riket,"421 Industrienhet, kemisk industri",fysisk person,2025,"Totalt taxerings-/basvärde, miljoner kr",57
00 Riket,"421 Industrienhet, kemisk industri",fysisk person,2025,"Areal, kvkm",0.15
00 Riket,"421 Industrienhet, kemisk industri",stat,2025,Taxeringsenheter,..
00 Riket,"421 Industrienhet, kemisk industri",stat,2025,"Totalt taxerings-/basvärde, miljoner kr",..
00 Riket,"421 Industrienhet, kemisk industri",stat,2025,"Areal, kvkm",..
00 Riket,"421 Industrienhet, kemisk industri","kommun, region",2025,Taxeringsenheter,6
00 Riket,"421 Industrienhet, kemisk industri","kommun, region",2025,"Totalt taxerings-/basvärde, miljoner kr",74
00 Riket,"421 Industrienhet, kemisk industri","kommun, region",2025,"Areal, kvkm",0.12
00 Riket,"421 Industrienhet, kemisk industri",Svenska kyrkan,2025,Taxeringsenheter,..
00 Riket,"421 Industrienhet, kemisk industri",Svenska kyrkan,2025,"Totalt taxerings-/basvärde, miljoner kr",..
00 Riket,"421 Industrienhet, kemisk industri",Svenska kyrkan,2025,"Areal, kvkm",..
00 Riket,"421 Industrienhet, kemisk industri",allmännyttigt bostadsföretag,2025,Taxeringsenheter,3
00 Riket,"421 Industrienhet, kemisk industri",allmännyttigt bostadsföretag,2025,"Totalt taxerings-/basvärde, miljoner kr",24
00 Riket,"421 Industrienhet, kemisk industri",allmännyttigt bostadsföretag,2025,"Areal, kvkm",0.07
00 Riket,"421 Industrienhet, kemisk industri",bostadsrättsförening,2025,Taxeringsenheter,..
00 Riket,"421 Industrienhet, kemisk industri",bostadsrättsförening,2025,"Totalt taxerings-/basvärde, miljoner kr",..
00 Riket,"421 Industrienhet, kemisk industri",bostadsrättsförening,2025,"Areal, kvkm",..
00 Riket,"421 Industrienhet, kemisk industri",ekonomisk förening utom BRF,2025,Taxeringsenheter,2
00 Riket,"421 Industrienhet, kemisk industri",ekonomisk förening utom BRF,2025,"Totalt taxerings-/basvärde, miljoner kr",657
00 Riket,"421 Industrienhet, kemisk industri",ekonomisk förening utom BRF,2025,"Areal, kvkm",1.20
00 Riket,"421 Industrienhet, kemisk industri",bank och försäkringsbolag,2025,Taxeringsenheter,..
00 Riket,"421 Industrienhet, kemisk industri",bank och försäkringsbolag,2025,"Totalt taxerings-/basvärde, miljoner kr",..
00 Riket,"421 Industrienhet, kemisk industri",bank och försäkringsbolag,2025,"Areal, kvkm",..
00 Riket,"421 Industrienhet, kemisk industri",övrigt svenskt AB,2025,Taxeringsenheter,453
00 Riket,"421 Industrienhet, kemisk industri",övrigt svenskt AB,2025,"Totalt taxerings-/basvärde, miljoner kr",30881
00 Riket,"421 Industrienhet, kemisk industri",övrigt svenskt AB,2025,"Areal, kvkm",20.43
00 Riket,"421 Industrienhet, kemisk industri",stiftelser (ej familjestiftelser),2025,Taxeringsenheter,..
00 Riket,"421 Industrienhet, kemisk industri",stiftelser (ej familjestiftelser),2025,"Totalt taxerings-/basvärde, miljoner kr",..
00 Riket,"421 Industrienhet, kemisk industri",stiftelser (ej familjestiftelser),2025,"Areal, kvkm",..
00 Riket,"421 Industrienhet, kemisk industri",dödsbo,2025,Taxeringsenheter,..
00 Riket,"421 Industrienhet, kemisk industri",dödsbo,2025,"Totalt taxerings-/basvärde, miljoner kr",..
00 Riket,"421 Industrienhet, kemisk industri",dödsbo,2025,"Areal, kvkm",..
00 Riket,"421 Industrienhet, kemisk industri",övriga,2025,Taxeringsenheter,24
00 Riket,"421 Industrienhet, kemisk industri",övriga,2025,"Totalt taxerings-/basvärde, miljoner kr",1130
00 Riket,"421 Industrienhet, kemisk industri",övriga,2025,"Areal, kvkm",1.43
00 Riket,"422 Industrienhet, livsmedelsindustri",fysisk person,2025,Taxeringsenheter,377
00 Riket,"422 Industrienhet, livsmedelsindustri",fysisk person,2025,"Totalt taxerings-/basvärde, miljoner kr",433
00 Riket,"422 Industrienhet, livsmedelsindustri",fysisk person,2025,"Areal, kvkm",0.94
00 Riket,"422 Industrienhet, livsmedelsindustri",stat,2025,Taxeringsenheter,..
00 Riket,"422 Industrienhet, livsmedelsindustri",stat,2025,"Totalt taxerings-/basvärde, miljoner kr",..
00 Riket,"422 Industrienhet, livsmedelsindustri",stat,2025,"Areal, kvkm",..
00 Riket,"422 Industrienhet, livsmedelsindustri","kommun, region",2025,Taxeringsenheter,12
00 Riket,"422 Industrienhet, livsmedelsindustri","kommun, region",2025,"Totalt taxerings-/basvärde, miljoner kr",111
00 Riket,"422 Industrienhet, livsmedelsindustri","kommun, region",2025,"Areal, kvkm",0.08
00 Riket,"422 Industrienhet, livsmedelsindustri",Svenska kyrkan,2025,Taxeringsenheter,..
00 Riket,"422 Industrienhet, livsmedelsindustri",Svenska kyrkan,2025,"Totalt taxerings-/basvärde, miljoner kr",..
00 Riket,"422 Industrienhet, livsmedelsindustri",Svenska kyrkan,2025,"Areal, kvkm",..
00 Riket,"422 Industrienhet, livsmedelsindustri",allmännyttigt bostadsföretag,2025,Taxeringsenheter,4
00 Riket,"422 Industrienhet, livsmedelsindustri",allmännyttigt bostadsföretag,2025,"Totalt taxerings-/basvärde, miljoner kr",22
00 Riket,"422 Industrienhet, livsmedelsindustri",allmännyttigt bostadsföretag,2025,"Areal, kvkm",0.03
00 Riket,"422 Industrienhet, livsmedelsindustri",bostadsrättsförening,2025,Taxeringsenheter,..
00 Riket,"422 Industrienhet, livsmedelsindustri",bostadsrättsförening,2025,"Totalt taxerings-/basvärde, miljoner kr",..
00 Riket,"422 Industrienhet, livsmedelsindustri",bostadsrättsförening,2025,"Areal, kvkm",..
00 Riket,"422 Industrienhet, livsmedelsindustri",ekonomisk förening utom BRF,2025,Taxeringsenheter,37
00 Riket,"422 Industrienhet, livsmedelsindustri",ekonomisk förening utom BRF,2025,"Totalt taxerings-/basvärde, miljoner kr",1350
00 Riket,"422 Industrienhet, livsmedelsindustri",ekonomisk förening utom BRF,2025,"Areal, kvkm",1.08
00 Riket,"422 Industrienhet, livsmedelsindustri",bank och försäkringsbolag,2025,Taxeringsenheter,..
00 Riket,"422 Industrienhet, livsmedelsindustri",bank och försäkringsbolag,2025,"Totalt taxerings-/basvärde, miljoner kr",..
00 Riket,"422 Industrienhet, livsmedelsindustri",bank och försäkringsbolag,2025,"Areal, kvkm",..
00 Riket,"422 Industrienhet, livsmedelsindustri",övrigt svenskt AB,2025,Taxeringsenheter,966
00 Riket,"422 Industrienhet, livsmedelsindustri",övrigt svenskt AB,2025,"Totalt taxerings-/basvärde, miljoner kr",17806
00 Riket,"422 Industrienhet, livsmedelsindustri",övrigt svenskt AB,2025,"Areal, kvkm",16.87
00 Riket,"422 Industrienhet, livsmedelsindustri",stiftelser (ej familjestiftelser),2025,Taxeringsenheter,2
00 Riket,"422 Industrienhet, livsmedelsindustri",stiftelser (ej familjestiftelser),2025,"Totalt taxerings-/basvärde, miljoner kr",7
00 Riket,"422 Industrienhet, livsmedelsindustri",stiftelser (ej familjestiftelser),2025,"Areal, kvkm",0.01
00 Riket,"422 Industrienhet, livsmedelsindustri",dödsbo,2025,Taxeringsenheter,4
00 Riket,"422 Industrienhet, livsmedelsindustri",dödsbo,2025,"Totalt taxerings-/basvärde, miljoner kr",14
00 Riket,"422 Industrienhet, livsmedelsindustri",dödsbo,2025,"Areal, kvkm",0.01
00 Riket,"422 Industrienhet, livsmedelsindustri",övriga,2025,Taxeringsenheter,55
00 Riket,"422 Industrienhet, livsmedelsindustri",övriga,2025,"Totalt taxerings-/basvärde, miljoner kr",813
00 Riket,"422 Industrienhet, livsmedelsindustri",övriga,2025,"Areal, kvkm",0.47
00 Riket,"423 Industrienhet, metall- och maskinindustri",fysisk person,2025,Taxeringsenheter,1011
00 Riket,"423 Industrienhet, metall- och maskinindustri",fysisk person,2025,"Totalt taxerings-/basvärde, miljoner kr",1338
00 Riket,"423 Industrienhet, metall- och maskinindustri",fysisk person,2025,"Areal, kvkm",4.28
00 Riket,"423 Industrienhet, metall- och maskinindustri",stat,2025,Taxeringsenheter,..
00 Riket,"423 Industrienhet, metall- och maskinindustri",stat,2025,"Totalt taxerings-/basvärde, miljoner kr",..
00 Riket,"423 Industrienhet, metall- och maskinindustri",stat,2025,"Areal, kvkm",..
00 Riket,"423 Industrienhet, metall- och maskinindustri","kommun, region",2025,Taxeringsenheter,64
00 Riket,"423 Industrienhet, metall- och maskinindustri","kommun, region",2025,"Totalt taxerings-/basvärde, miljoner kr",834
00 Riket,"423 Industrienhet, metall- och maskinindustri","kommun, region",2025,"Areal, kvkm",1.24
00 Riket,"423 Industrienhet, metall- och maskinindustri",Svenska kyrkan,2025,Taxeringsenheter,..
00 Riket,"423 Industrienhet, metall- och maskinindustri",Svenska kyrkan,2025,"Totalt taxerings-/basvärde, miljoner kr",..
00 Riket,"423 Industrienhet, metall- och maskinindustri",Svenska kyrkan,2025,"Areal, kvkm",..
00 Riket,"423 Industrienhet, metall- och maskinindustri",allmännyttigt bostadsföretag,2025,Taxeringsenheter,14
00 Riket,"423 Industrienhet, metall- och maskinindustri",allmännyttigt bostadsföretag,2025,"Totalt taxerings-/basvärde, miljoner kr",97
00 Riket,"423 Industrienhet, metall- och maskinindustri",allmännyttigt bostadsföretag,2025,"Areal, kvkm",0.19
00 Riket,"423 Industrienhet, metall- och maskinindustri",bostadsrättsförening,2025,Taxeringsenheter,2
00 Riket,"423 Industrienhet, metall- och maskinindustri",bostadsrättsförening,2025,"Totalt taxerings-/basvärde, miljoner kr",13
00 Riket,"423 Industrienhet, metall- och maskinindustri",bostadsrättsförening,2025,"Areal, kvkm",0.02
00 Riket,"423 Industrienhet, metall- och maskinindustri",ekonomisk förening utom BRF,2025,Taxeringsenheter,8
00 Riket,"423 Industrienhet, metall- och maskinindustri",ekonomisk förening utom BRF,2025,"Totalt taxerings-/basvärde, miljoner kr",43
00 Riket,"423 Industrienhet, metall- och maskinindustri",ekonomisk förening utom BRF,2025,"Areal, kvkm",0.05
00 Riket,"423 Industrienhet, metall- och maskinindustri",bank och försäkringsbolag,2025,Taxeringsenheter,..
00 Riket,"423 Industrienhet, metall- och maskinindustri",bank och försäkringsbolag,2025,"Totalt taxerings-/basvärde, miljoner kr",..
00 Riket,"423 Industrienhet, metall- och maskinindustri",bank och försäkringsbolag,2025,"Areal, kvkm",..
00 Riket,"423 Industrienhet, metall- och maskinindustri",övrigt svenskt AB,2025,Taxeringsenheter,4859
00 Riket,"423 Industrienhet, metall- och maskinindustri",övrigt svenskt AB,2025,"Totalt taxerings-/basvärde, miljoner kr",79565
00 Riket,"423 Industrienhet, metall- och maskinindustri",övrigt svenskt AB,2025,"Areal, kvkm",123.90
00 Riket,"423 Industrienhet, metall- och maskinindustri",stiftelser (ej familjestiftelser),2025,Taxeringsenheter,3
00 Riket,"423 Industrienhet, metall- och maskinindustri",stiftelser (ej familjestiftelser),2025,"Totalt taxerings-/basvärde, miljoner kr",2
00 Riket,"423 Industrienhet, metall- och maskinindustri",stiftelser (ej familjestiftelser),2025,"Areal, kvkm",0.01
00 Riket,"423 Industrienhet, metall- och maskinindustri",dödsbo,2025,Taxeringsenheter,18
00 Riket,"423 Industrienhet, metall- och maskinindustri",dödsbo,2025,"Totalt taxerings-/basvärde, miljoner kr",28
00 Riket,"423 Industrienhet, metall- och maskinindustri",dödsbo,2025,"Areal, kvkm",0.09
00 Riket,"423 Industrienhet, metall- och maskinindustri",övriga,2025,Taxeringsenheter,226
00 Riket,"423 Industrienhet, metall- och maskinindustri",övriga,2025,"Totalt taxerings-/basvärde, miljoner kr",5013
00 Riket,"423 Industrienhet, metall- och maskinindustri",övriga,2025,"Areal, kvkm",4.91
00 Riket,"424 Industrienhet, textil- och beklädnadsindustri",fysisk person,2025,Taxeringsenheter,112
00 Riket,"424 Industrienhet, textil- och beklädnadsindustri",fysisk person,2025,"Totalt taxerings-/basvärde, miljoner kr",130
00 Riket,"424 Industrienhet, textil- och beklädnadsindustri",fysisk person,2025,"Areal, kvkm",0.39
00 Riket,"424 Industrienhet, textil- och beklädnadsindustri",stat,2025,Taxeringsenheter,..
00 Riket,"424 Industrienhet, textil- och beklädnadsindustri",stat,2025,"Totalt taxerings-/basvärde, miljoner kr",..
00 Riket,"424 Industrienhet, textil- och beklädnadsindustri",stat,2025,"Areal, kvkm",..
00 Riket,"424 Industrienhet, textil- och beklädnadsindustri","kommun, region",2025,Taxeringsenheter,4
00 Riket,"424 Industrienhet, textil- och beklädnadsindustri","kommun, region",2025,"Totalt taxerings-/basvärde, miljoner kr",5
00 Riket,"424 Industrienhet, textil- och beklädnadsindustri","kommun, region",2025,"Areal, kvkm",0.01
00 Riket,"424 Industrienhet, textil- och beklädnadsindustri",Svenska kyrkan,2025,Taxeringsenheter,..
00 Riket,"424 Industrienhet, textil- och beklädnadsindustri",Svenska kyrkan,2025,"Totalt taxerings-/basvärde, miljoner kr",..
00 Riket,"424 Industrienhet, textil- och beklädnadsindustri",Svenska kyrkan,2025,"Areal, kvkm",..
00 Riket,"424 Industrienhet, textil- och beklädnadsindustri",allmännyttigt bostadsföretag,2025,Taxeringsenheter,2
00 Riket,"424 Industrienhet, textil- och beklädnadsindustri",allmännyttigt bostadsföretag,2025,"Totalt taxerings-/basvärde, miljoner kr",1
00 Riket,"424 Industrienhet, textil- och beklädnadsindustri",allmännyttigt bostadsföretag,2025,"Areal, kvkm",0.01
00 Riket,"424 Industrienhet, textil- och beklädnadsindustri",bostadsrättsförening,2025,Taxeringsenheter,..
00 Riket,"424 Industrienhet, textil- och beklädnadsindustri",bostadsrättsförening,2025,"Totalt taxerings-/basvärde, miljoner kr",..
00 Riket,"424 Industrienhet, textil- och beklädnadsindustri",bostadsrättsförening,2025,"Areal, kvkm",..
00 Riket,"424 Industrienhet, textil- och beklädnadsindustri",ekonomisk förening utom BRF,2025,Taxeringsenheter,..
00 Riket,"424 Industrienhet, textil- och beklädnadsindustri",ekonomisk förening utom BRF,2025,"Totalt taxerings-/basvärde, miljoner kr",..
00 Riket,"424 Industrienhet, textil- och beklädnadsindustri",ekonomisk förening utom BRF,2025,"Areal, kvkm",..
00 Riket,"424 Industrienhet, textil- och beklädnadsindustri",bank och försäkringsbolag,2025,Taxeringsenheter,..
00 Riket,"424 Industrienhet, textil- och beklädnadsindustri",bank och försäkringsbolag,2025,"Totalt taxerings-/basvärde, miljoner kr",..
00 Riket,"424 Industrienhet, textil- och beklädnadsindustri",bank och försäkringsbolag,2025,"Areal, kvkm",..
00 Riket,"424 Industrienhet, textil- och beklädnadsindustri",övrigt svenskt AB,2025,Taxeringsenheter,311
00 Riket,"424 Industrienhet, textil- och beklädnadsindustri",övrigt svenskt AB,2025,"Totalt taxerings-/basvärde, miljoner kr",3151
00 Riket,"424 Industrienhet, textil- och beklädnadsindustri",övrigt svenskt AB,2025,"Areal, kvkm",3.68
00 Riket,"424 Industrienhet, textil- och beklädnadsindustri",stiftelser (ej familjestiftelser),2025,Taxeringsenheter,2
00 Riket,"424 Industrienhet, textil- och beklädnadsindustri",stiftelser (ej familjestiftelser),2025,"Totalt taxerings-/basvärde, miljoner kr",5
00 Riket,"424 Industrienhet, textil- och beklädnadsindustri",stiftelser (ej familjestiftelser),2025,"Areal, kvkm",0.01
00 Riket,"424 Industrienhet, textil- och beklädnadsindustri",dödsbo,2025,Taxeringsenheter,4
00 Riket,"424 Industrienhet, textil- och beklädnadsindustri",dödsbo,2025,"Totalt taxerings-/basvärde, miljoner kr",2
00 Riket,"424 Industrienhet, textil- och beklädnadsindustri",dödsbo,2025,"Areal, kvkm",0.01
00 Riket,"424 Industrienhet, textil- och beklädnadsindustri",övriga,2025,Taxeringsenheter,28
00 Riket,"424 Industrienhet, textil- och beklädnadsindustri",övriga,2025,"Totalt taxerings-/basvärde, miljoner kr",365
00 Riket,"424 Industrienhet, textil- och beklädnadsindustri",övriga,2025,"Areal, kvkm",0.35
00 Riket,"425 Industrienhet, trävaruindustri",fysisk person,2025,Taxeringsenheter,1069
00 Riket,"425 Industrienhet, trävaruindustri",fysisk person,2025,"Totalt taxerings-/basvärde, miljoner kr",1160
00 Riket,"425 Industrienhet, trävaruindustri",fysisk person,2025,"Areal, kvkm",8.20
00 Riket,"425 Industrienhet, trävaruindustri",stat,2025,Taxeringsenheter,..
00 Riket,"425 Industrienhet, trävaruindustri",stat,2025,"Totalt taxerings-/basvärde, miljoner kr",..
00 Riket,"425 Industrienhet, trävaruindustri",stat,2025,"Areal, kvkm",..
00 Riket,"425 Industrienhet, trävaruindustri","kommun, region",2025,Taxeringsenheter,35
00 Riket,"425 Industrienhet, trävaruindustri","kommun, region",2025,"Totalt taxerings-/basvärde, miljoner kr",112
00 Riket,"425 Industrienhet, trävaruindustri","kommun, region",2025,"Areal, kvkm",0.36
00 Riket,"425 Industrienhet, trävaruindustri",Svenska kyrkan,2025,Taxeringsenheter,1
00 Riket,"425 Industrienhet, trävaruindustri",Svenska kyrkan,2025,"Totalt taxerings-/basvärde, miljoner kr",1
00 Riket,"425 Industrienhet, trävaruindustri",Svenska kyrkan,2025,"Areal, kvkm",0.01
00 Riket,"425 Industrienhet, trävaruindustri",allmännyttigt bostadsföretag,2025,Taxeringsenheter,4
00 Riket,"425 Industrienhet, trävaruindustri",allmännyttigt bostadsföretag,2025,"Totalt taxerings-/basvärde, miljoner kr",15
00 Riket,"425 Industrienhet, trävaruindustri",allmännyttigt bostadsföretag,2025,"Areal, kvkm",0.03
00 Riket,"425 Industrienhet, trävaruindustri",bostadsrättsförening,2025,Taxeringsenheter,..
00 Riket,"425 Industrienhet, trävaruindustri",bostadsrättsförening,2025,"Totalt taxerings-/basvärde, miljoner kr",..
00 Riket,"425 Industrienhet, trävaruindustri",bostadsrättsförening,2025,"Areal, kvkm",..
00 Riket,"425 Industrienhet, trävaruindustri",ekonomisk förening utom BRF,2025,Taxeringsenheter,25
00 Riket,"425 Industrienhet, trävaruindustri",ekonomisk förening utom BRF,2025,"Totalt taxerings-/basvärde, miljoner kr",2557
00 Riket,"425 Industrienhet, trävaruindustri",ekonomisk förening utom BRF,2025,"Areal, kvkm",3.48
00 Riket,"425 Industrienhet, trävaruindustri",bank och försäkringsbolag,2025,Taxeringsenheter,..
00 Riket,"425 Industrienhet, trävaruindustri",bank och försäkringsbolag,2025,"Totalt taxerings-/basvärde, miljoner kr",..
00 Riket,"425 Industrienhet, trävaruindustri",bank och försäkringsbolag,2025,"Areal, kvkm",..
00 Riket,"425 Industrienhet, trävaruindustri",övrigt svenskt AB,2025,Taxeringsenheter,1974
00 Riket,"425 Industrienhet, trävaruindustri",övrigt svenskt AB,2025,"Totalt taxerings-/basvärde, miljoner kr",24056
00 Riket,"425 Industrienhet, trävaruindustri",övrigt svenskt AB,2025,"Areal, kvkm",81.75
00 Riket,"425 Industrienhet, trävaruindustri",stiftelser (ej familjestiftelser),2025,Taxeringsenheter,4
00 Riket,"425 Industrienhet, trävaruindustri",stiftelser (ej familjestiftelser),2025,"Totalt taxerings-/basvärde, miljoner kr",6
00 Riket,"425 Industrienhet, trävaruindustri",stiftelser (ej familjestiftelser),2025,"Areal, kvkm",0.01
00 Riket,"425 Industrienhet, trävaruindustri",dödsbo,2025,Taxeringsenheter,21
00 Riket,"425 Industrienhet, trävaruindustri",dödsbo,2025,"Totalt taxerings-/basvärde, miljoner kr",16
00 Riket,"425 Industrienhet, trävaruindustri",dödsbo,2025,"Areal, kvkm",0.12
00 Riket,"425 Industrienhet, trävaruindustri",övriga,2025,Taxeringsenheter,103
00 Riket,"425 Industrienhet, trävaruindustri",övriga,2025,"Totalt taxerings-/basvärde, miljoner kr",323
00 Riket,"425 Industrienhet, trävaruindustri",övriga,2025,"Areal, kvkm",1.16
00 Riket,"426 Industrienhet, annan tillverkningsindustri",fysisk person,2025,Taxeringsenheter,1712
00 Riket,"426 Industrienhet, annan tillverkningsindustri",fysisk person,2025,"Totalt taxerings-/basvärde, miljoner kr",2876
00 Riket,"426 Industrienhet, annan tillverkningsindustri",fysisk person,2025,"Areal, kvkm",7.20
00 Riket,"426 Industrienhet, annan tillverkningsindustri",stat,2025,Taxeringsenheter,6
00 Riket,"426 Industrienhet, annan tillverkningsindustri",stat,2025,"Totalt taxerings-/basvärde, miljoner kr",14
00 Riket,"426 Industrienhet, annan tillverkningsindustri",stat,2025,"Areal, kvkm",0.03
00 Riket,"426 Industrienhet, annan tillverkningsindustri","kommun, region",2025,Taxeringsenheter,128
00 Riket,"426 Industrienhet, annan tillverkningsindustri","kommun, region",2025,"Totalt taxerings-/basvärde, miljoner kr",1340
00 Riket,"426 Industrienhet, annan tillverkningsindustri","kommun, region",2025,"Areal, kvkm",1.98
00 Riket,"426 Industrienhet, annan tillverkningsindustri",Svenska kyrkan,2025,Taxeringsenheter,..
00 Riket,"426 Industrienhet, annan tillverkningsindustri",Svenska kyrkan,2025,"Totalt taxerings-/basvärde, miljoner kr",..
00 Riket,"426 Industrienhet, annan tillverkningsindustri",Svenska kyrkan,2025,"Areal, kvkm",..
00 Riket,"426 Industrienhet, annan tillverkningsindustri",allmännyttigt bostadsföretag,2025,Taxeringsenheter,33
00 Riket,"426 Industrienhet, annan tillverkningsindustri",allmännyttigt bostadsföretag,2025,"Totalt taxerings-/basvärde, miljoner kr",185
00 Riket,"426 Industrienhet, annan tillverkningsindustri",allmännyttigt bostadsföretag,2025,"Areal, kvkm",0.25
00 Riket,"426 Industrienhet, annan tillverkningsindustri",bostadsrättsförening,2025,Taxeringsenheter,37
00 Riket,"426 Industrienhet, annan tillverkningsindustri",bostadsrättsförening,2025,"Totalt taxerings-/basvärde, miljoner kr",842
00 Riket,"426 Industrienhet, annan tillverkningsindustri",bostadsrättsförening,2025,"Areal, kvkm",0.19
00 Riket,"426 Industrienhet, annan tillverkningsindustri",ekonomisk förening utom BRF,2025,Taxeringsenheter,52
00 Riket,"426 Industrienhet, annan tillverkningsindustri",ekonomisk förening utom BRF,2025,"Totalt taxerings-/basvärde, miljoner kr",1310
00 Riket,"426 Industrienhet, annan tillverkningsindustri",ekonomisk förening utom BRF,2025,"Areal, kvkm",1.56
00 Riket,"426 Industrienhet, annan tillverkningsindustri",bank och försäkringsbolag,2025,Taxeringsenheter,1
00 Riket,"426 Industrienhet, annan tillverkningsindustri",bank och försäkringsbolag,2025,"Totalt taxerings-/basvärde, miljoner kr",1
00 Riket,"426 Industrienhet, annan tillverkningsindustri",bank och försäkringsbolag,2025,"Areal, kvkm",0.00
00 Riket,"426 Industrienhet, annan tillverkningsindustri",övrigt svenskt AB,2025,Taxeringsenheter,8289
00 Riket,"426 Industrienhet, annan tillverkningsindustri",övrigt svenskt AB,2025,"Totalt taxerings-/basvärde, miljoner kr",133450
00 Riket,"426 Industrienhet, annan tillverkningsindustri",övrigt svenskt AB,2025,"Areal, kvkm",147.72
00 Riket,"426 Industrienhet, annan tillverkningsindustri",stiftelser (ej familjestiftelser),2025,Taxeringsenheter,17
00 Riket,"426 Industrienhet, annan tillverkningsindustri",stiftelser (ej familjestiftelser),2025,"Totalt taxerings-/basvärde, miljoner kr",98
00 Riket,"426 Industrienhet, annan tillverkningsindustri",stiftelser (ej familjestiftelser),2025,"Areal, kvkm",0.10
00 Riket,"426 Industrienhet, annan tillverkningsindustri",dödsbo,2025,Taxeringsenheter,33
00 Riket,"426 Industrienhet, annan tillverkningsindustri",dödsbo,2025,"Totalt taxerings-/basvärde, miljoner kr",65
00 Riket,"426 Industrienhet, annan tillverkningsindustri",dödsbo,2025,"Areal, kvkm",0.17
00 Riket,"426 Industrienhet, annan tillverkningsindustri",övriga,2025,Taxeringsenheter,484
00 Riket,"426 Industrienhet, annan tillverkningsindustri",övriga,2025,"Totalt taxerings-/basvärde, miljoner kr",6959
00 Riket,"426 Industrienhet, annan tillverkningsindustri",övriga,2025,"Areal, kvkm",5.77
00 Riket,"430 Industrienhet, bensinstation",fysisk person,2025,Taxeringsenheter,161
00 Riket,"430 Industrienhet, bensinstation",fysisk person,2025,"Totalt taxerings-/basvärde, miljoner kr",141
00 Riket,"430 Industrienhet, bensinstation",fysisk person,2025,"Areal, kvkm",0.44
00 Riket,"430 Industrienhet, bensinstation",stat,2025,Taxeringsenheter,..
00 Riket,"430 Industrienhet, bensinstation",stat,2025,"Totalt taxerings-/basvärde, miljoner kr",..
00 Riket,"430 Industrienhet, bensinstation",stat,2025,"Areal, kvkm",..
00 Riket,"430 Industrienhet, bensinstation","kommun, region",2025,Taxeringsenheter,8
00 Riket,"430 Industrienhet, bensinstation","kommun, region",2025,"Totalt taxerings-/basvärde, miljoner kr",35
00 Riket,"430 Industrienhet, bensinstation","kommun, region",2025,"Areal, kvkm",0.02
00 Riket,"430 Industrienhet, bensinstation",Svenska kyrkan,2025,Taxeringsenheter,1
00 Riket,"430 Industrienhet, bensinstation",Svenska kyrkan,2025,"Totalt taxerings-/basvärde, miljoner kr",1
00 Riket,"430 Industrienhet, bensinstation",Svenska kyrkan,2025,"Areal, kvkm",0.00
00 Riket,"430 Industrienhet, bensinstation",allmännyttigt bostadsföretag,2025,Taxeringsenheter,2
00 Riket,"430 Industrienhet, bensinstation",allmännyttigt bostadsföretag,2025,"Totalt taxerings-/basvärde, miljoner kr",3
00 Riket,"430 Industrienhet, bensinstation",allmännyttigt bostadsföretag,2025,"Areal, kvkm",0.01
00 Riket,"430 Industrienhet, bensinstation",bostadsrättsförening,2025,Taxeringsenheter,..
00 Riket,"430 Industrienhet, bensinstation",bostadsrättsförening,2025,"Totalt taxerings-/basvärde, miljoner kr",..
00 Riket,"430 Industrienhet, bensinstation",bostadsrättsförening,2025,"Areal, kvkm",..
00 Riket,"430 Industrienhet, bensinstation",ekonomisk förening utom BRF,2025,Taxeringsenheter,81
00 Riket,"430 Industrienhet, bensinstation",ekonomisk förening utom BRF,2025,"Totalt taxerings-/basvärde, miljoner kr",232
00 Riket,"430 Industrienhet, bensinstation",ekonomisk förening utom BRF,2025,"Areal, kvkm",0.27
00 Riket,"430 Industrienhet, bensinstation",bank och försäkringsbolag,2025,Taxeringsenheter,..
00 Riket,"430 Industrienhet, bensinstation",bank och försäkringsbolag,2025,"Totalt taxerings-/basvärde, miljoner kr",..
00 Riket,"430 Industrienhet, bensinstation",bank och försäkringsbolag,2025,"Areal, kvkm",..
00 Riket,"430 Industrienhet, bensinstation",övrigt svenskt AB,2025,Taxeringsenheter,2035
00 Riket,"430 Industrienhet, bensinstation",övrigt svenskt AB,2025,"Totalt taxerings-/basvärde, miljoner kr",5860
00 Riket,"430 Industrienhet, bensinstation",övrigt svenskt AB,2025,"Areal, kvkm",5.48
00 Riket,"430 Industrienhet, bensinstation",stiftelser (ej familjestiftelser),2025,Taxeringsenheter,..
00 Riket,"430 Industrienhet, bensinstation",stiftelser (ej familjestiftelser),2025,"Totalt taxerings-/basvärde, miljoner kr",..
00 Riket,"430 Industrienhet, bensinstation",stiftelser (ej familjestiftelser),2025,"Areal, kvkm",..
00 Riket,"430 Industrienhet, bensinstation",dödsbo,2025,Taxeringsenheter,1
00 Riket,"430 Industrienhet, bensinstation",dödsbo,2025,"Totalt taxerings-/basvärde, miljoner kr",1
00 Riket,"430 Industrienhet, bensinstation",dödsbo,2025,"Areal, kvkm",0.00
00 Riket,"430 Industrienhet, bensinstation",övriga,2025,Taxeringsenheter,38
00 Riket,"430 Industrienhet, bensinstation",övriga,2025,"Totalt taxerings-/basvärde, miljoner kr",56
00 Riket,"430 Industrienhet, bensinstation",övriga,2025,"Areal, kvkm",0.11
00 Riket,"431 Industrienhet, reparationsverkstad",fysisk person,2025,Taxeringsenheter,2238
00 Riket,"431 Industrienhet, reparationsverkstad",fysisk person,2025,"Totalt taxerings-/basvärde, miljoner kr",2402
00 Riket,"431 Industrienhet, reparationsverkstad",fysisk person,2025,"Areal, kvkm",7.54
00 Riket,"431 Industrienhet, reparationsverkstad",stat,2025,Taxeringsenheter,..
00 Riket,"431 Industrienhet, reparationsverkstad",stat,2025,"Totalt taxerings-/basvärde, miljoner kr",..
00 Riket,"431 Industrienhet, reparationsverkstad",stat,2025,"Areal, kvkm",..
00 Riket,"431 Industrienhet, reparationsverkstad","kommun, region",2025,Taxeringsenheter,61
00 Riket,"431 Industrienhet, reparationsverkstad","kommun, region",2025,"Totalt taxerings-/basvärde, miljoner kr",327
00 Riket,"431 Industrienhet, reparationsverkstad","kommun, region",2025,"Areal, kvkm",0.44
00 Riket,"431 Industrienhet, reparationsverkstad",Svenska kyrkan,2025,Taxeringsenheter,1
00 Riket,"431 Industrienhet, reparationsverkstad",Svenska kyrkan,2025,"Totalt taxerings-/basvärde, miljoner kr",0
00 Riket,"431 Industrienhet, reparationsverkstad",Svenska kyrkan,2025,"Areal, kvkm",0.00
00 Riket,"431 Industrienhet, reparationsverkstad",allmännyttigt bostadsföretag,2025,Taxeringsenheter,24
00 Riket,"431 Industrienhet, reparationsverkstad",allmännyttigt bostadsföretag,2025,"Totalt taxerings-/basvärde, miljoner kr",42
00 Riket,"431 Industrienhet, reparationsverkstad",allmännyttigt bostadsföretag,2025,"Areal, kvkm",0.08
00 Riket,"431 Industrienhet, reparationsverkstad",bostadsrättsförening,2025,Taxeringsenheter,6
00 Riket,"431 Industrienhet, reparationsverkstad",bostadsrättsförening,2025,"Totalt taxerings-/basvärde, miljoner kr",17
00 Riket,"431 Industrienhet, reparationsverkstad",bostadsrättsförening,2025,"Areal, kvkm",0.01
00 Riket,"431 Industrienhet, reparationsverkstad",ekonomisk förening utom BRF,2025,Taxeringsenheter,11
00 Riket,"431 Industrienhet, reparationsverkstad",ekonomisk förening utom BRF,2025,"Totalt taxerings-/basvärde, miljoner kr",38
00 Riket,"431 Industrienhet, reparationsverkstad",ekonomisk förening utom BRF,2025,"Areal, kvkm",0.08
00 Riket,"431 Industrienhet, reparationsverkstad",bank och försäkringsbolag,2025,Taxeringsenheter,..
00 Riket,"431 Industrienhet, reparationsverkstad",bank och försäkringsbolag,2025,"Totalt taxerings-/basvärde, miljoner kr",..
00 Riket,"431 Industrienhet, reparationsverkstad",bank och försäkringsbolag,2025,"Areal, kvkm",..
00 Riket,"431 Industrienhet, reparationsverkstad",övrigt svenskt AB,2025,Taxeringsenheter,4020
00 Riket,"431 Industrienhet, reparationsverkstad",övrigt svenskt AB,2025,"Totalt taxerings-/basvärde, miljoner kr",26722
00 Riket,"431 Industrienhet, reparationsverkstad",övrigt svenskt AB,2025,"Areal, kvkm",32.86
00 Riket,"431 Industrienhet, reparationsverkstad",stiftelser (ej familjestiftelser),2025,Taxeringsenheter,3
00 Riket,"431 Industrienhet, reparationsverkstad",stiftelser (ej familjestiftelser),2025,"Totalt taxerings-/basvärde, miljoner kr",5
00 Riket,"431 Industrienhet, reparationsverkstad",stiftelser (ej familjestiftelser),2025,"Areal, kvkm",0.01
00 Riket,"431 Industrienhet, reparationsverkstad",dödsbo,2025,Taxeringsenheter,40
00 Riket,"431 Industrienhet, reparationsverkstad",dödsbo,2025,"Totalt taxerings-/basvärde, miljoner kr",49
00 Riket,"431 Industrienhet, reparationsverkstad",dödsbo,2025,"Areal, kvkm",0.17
00 Riket,"431 Industrienhet, reparationsverkstad",övriga,2025,Taxeringsenheter,265
00 Riket,"431 Industrienhet, reparationsverkstad",övriga,2025,"Totalt taxerings-/basvärde, miljoner kr",2194
00 Riket,"431 Industrienhet, reparationsverkstad",övriga,2025,"Areal, kvkm",1.75
00 Riket,"432 Industrienhet, lager",fysisk person,2025,Taxeringsenheter,3987
00 Riket,"432 Industrienhet, lager",fysisk person,2025,"Totalt taxerings-/basvärde, miljoner kr",5017
00 Riket,"432 Industrienhet, lager",fysisk person,2025,"Areal, kvkm",14.09
00 Riket,"432 Industrienhet, lager",stat,2025,Taxeringsenheter,15
00 Riket,"432 Industrienhet, lager",stat,2025,"Totalt taxerings-/basvärde, miljoner kr",56
00 Riket,"432 Industrienhet, lager",stat,2025,"Areal, kvkm",0.05
00 Riket,"432 Industrienhet, lager","kommun, region",2025,Taxeringsenheter,243
00 Riket,"432 Industrienhet, lager","kommun, region",2025,"Totalt taxerings-/basvärde, miljoner kr",1917
00 Riket,"432 Industrienhet, lager","kommun, region",2025,"Areal, kvkm",4.74
00 Riket,"432 Industrienhet, lager",Svenska kyrkan,2025,Taxeringsenheter,1
00 Riket,"432 Industrienhet, lager",Svenska kyrkan,2025,"Totalt taxerings-/basvärde, miljoner kr",0
00 Riket,"432 Industrienhet, lager",Svenska kyrkan,2025,"Areal, kvkm",0.00
00 Riket,"432 Industrienhet, lager",allmännyttigt bostadsföretag,2025,Taxeringsenheter,50
00 Riket,"432 Industrienhet, lager",allmännyttigt bostadsföretag,2025,"Totalt taxerings-/basvärde, miljoner kr",226
00 Riket,"432 Industrienhet, lager",allmännyttigt bostadsföretag,2025,"Areal, kvkm",0.49
00 Riket,"432 Industrienhet, lager",bostadsrättsförening,2025,Taxeringsenheter,94
00 Riket,"432 Industrienhet, lager",bostadsrättsförening,2025,"Totalt taxerings-/basvärde, miljoner kr",2089
00 Riket,"432 Industrienhet, lager",bostadsrättsförening,2025,"Areal, kvkm",0.48
00 Riket,"432 Industrienhet, lager",ekonomisk förening utom BRF,2025,Taxeringsenheter,110
00 Riket,"432 Industrienhet, lager",ekonomisk förening utom BRF,2025,"Totalt taxerings-/basvärde, miljoner kr",801
00 Riket,"432 Industrienhet, lager",ekonomisk förening utom BRF,2025,"Areal, kvkm",1.01
00 Riket,"432 Industrienhet, lager",bank och försäkringsbolag,2025,Taxeringsenheter,1
00 Riket,"432 Industrienhet, lager",bank och försäkringsbolag,2025,"Totalt taxerings-/basvärde, miljoner kr",1
00 Riket,"432 Industrienhet, lager",bank och försäkringsbolag,2025,"Areal, kvkm",0.00
00 Riket,"432 Industrienhet, lager",övrigt svenskt AB,2025,Taxeringsenheter,10328
00 Riket,"432 Industrienhet, lager",övrigt svenskt AB,2025,"Totalt taxerings-/basvärde, miljoner kr",141642
00 Riket,"432 Industrienhet, lager",övrigt svenskt AB,2025,"Areal, kvkm",101.75
00 Riket,"432 Industrienhet, lager",stiftelser (ej familjestiftelser),2025,Taxeringsenheter,17
00 Riket,"432 Industrienhet, lager",stiftelser (ej familjestiftelser),2025,"Totalt taxerings-/basvärde, miljoner kr",70
00 Riket,"432 Industrienhet, lager",stiftelser (ej familjestiftelser),2025,"Areal, kvkm",0.13
00 Riket,"432 Industrienhet, lager",dödsbo,2025,Taxeringsenheter,52
00 Riket,"432 Industrienhet, lager",dödsbo,2025,"Totalt taxerings-/basvärde, miljoner kr",43
00 Riket,"432 Industrienhet, lager",dödsbo,2025,"Areal, kvkm",0.16
00 Riket,"432 Industrienhet, lager",övriga,2025,Taxeringsenheter,649
00 Riket,"432 Industrienhet, lager",övriga,2025,"Totalt taxerings-/basvärde, miljoner kr",9317
00 Riket,"432 Industrienhet, lager",övriga,2025,"Areal, kvkm",5.56
00 Riket,"433 Industrienhet, annan övrig byggnad",fysisk person,2025,Taxeringsenheter,3358
00 Riket,"433 Industrienhet, annan övrig byggnad",fysisk person,2025,"Totalt taxerings-/basvärde, miljoner kr",3237
00 Riket,"433 Industrienhet, annan övrig byggnad",fysisk person,2025,"Areal, kvkm",8.20
00 Riket,"433 Industrienhet, annan övrig byggnad",stat,2025,Taxeringsenheter,11
00 Riket,"433 Industrienhet, annan övrig byggnad",stat,2025,"Totalt taxerings-/basvärde, miljoner kr",44
00 Riket,"433 Industrienhet, annan övrig byggnad",stat,2025,"Areal, kvkm",0.04
00 Riket,"433 Industrienhet, annan övrig byggnad","kommun, region",2025,Taxeringsenheter,182
00 Riket,"433 Industrienhet, annan övrig byggnad","kommun, region",2025,"Totalt taxerings-/basvärde, miljoner kr",806
00 Riket,"433 Industrienhet, annan övrig byggnad","kommun, region",2025,"Areal, kvkm",1.34
00 Riket,"433 Industrienhet, annan övrig byggnad",Svenska kyrkan,2025,Taxeringsenheter,4
00 Riket,"433 Industrienhet, annan övrig byggnad",Svenska kyrkan,2025,"Totalt taxerings-/basvärde, miljoner kr",9
00 Riket,"433 Industrienhet, annan övrig byggnad",Svenska kyrkan,2025,"Areal, kvkm",0.02
00 Riket,"433 Industrienhet, annan övrig byggnad",allmännyttigt bostadsföretag,2025,Taxeringsenheter,69
00 Riket,"433 Industrienhet, annan övrig byggnad",allmännyttigt bostadsföretag,2025,"Totalt taxerings-/basvärde, miljoner kr",266
00 Riket,"433 Industrienhet, annan övrig byggnad",allmännyttigt bostadsföretag,2025,"Areal, kvkm",0.47
00 Riket,"433 Industrienhet, annan övrig byggnad",bostadsrättsförening,2025,Taxeringsenheter,51
00 Riket,"433 Industrienhet, annan övrig byggnad",bostadsrättsförening,2025,"Totalt taxerings-/basvärde, miljoner kr",989
00 Riket,"433 Industrienhet, annan övrig byggnad",bostadsrättsförening,2025,"Areal, kvkm",0.23
00 Riket,"433 Industrienhet, annan övrig byggnad",ekonomisk förening utom BRF,2025,Taxeringsenheter,77
00 Riket,"433 Industrienhet, annan övrig byggnad",ekonomisk förening utom BRF,2025,"Totalt taxerings-/basvärde, miljoner kr",416
00 Riket,"433 Industrienhet, annan övrig byggnad",ekonomisk förening utom BRF,2025,"Areal, kvkm",0.79
00 Riket,"433 Industrienhet, annan övrig byggnad",bank och försäkringsbolag,2025,Taxeringsenheter,1
00 Riket,"433 Industrienhet, annan övrig byggnad",bank och försäkringsbolag,2025,"Totalt taxerings-/basvärde, miljoner kr",0
00 Riket,"433 Industrienhet, annan övrig byggnad",bank och försäkringsbolag,2025,"Areal, kvkm",0.00
00 Riket,"433 Industrienhet, annan övrig byggnad",övrigt svenskt AB,2025,Taxeringsenheter,8570
00 Riket,"433 Industrienhet, annan övrig byggnad",övrigt svenskt AB,2025,"Totalt taxerings-/basvärde, miljoner kr",77990
00 Riket,"433 Industrienhet, annan övrig byggnad",övrigt svenskt AB,2025,"Areal, kvkm",87.84
00 Riket,"433 Industrienhet, annan övrig byggnad",stiftelser (ej familjestiftelser),2025,Taxeringsenheter,15
00 Riket,"433 Industrienhet, annan övrig byggnad",stiftelser (ej familjestiftelser),2025,"Totalt taxerings-/basvärde, miljoner kr",54
00 Riket,"433 Industrienhet, annan övrig byggnad",stiftelser (ej familjestiftelser),2025,"Areal, kvkm",0.08
00 Riket,"433 Industrienhet, annan övrig byggnad",dödsbo,2025,Taxeringsenheter,43
00 Riket,"433 Industrienhet, annan övrig byggnad",dödsbo,2025,"Totalt taxerings-/basvärde, miljoner kr",54
00 Riket,"433 Industrienhet, annan övrig byggnad",dödsbo,2025,"Areal, kvkm",0.13
00 Riket,"433 Industrienhet, annan övrig byggnad",övriga,2025,Taxeringsenheter,514
00 Riket,"433 Industrienhet, annan övrig byggnad",övriga,2025,"Totalt taxerings-/basvärde, miljoner kr",4443
00 Riket,"433 Industrienhet, annan övrig byggnad",övriga,2025,"Areal, kvkm",4.09
00 Riket,"443 Industrienhet, övrig byggnad f. radiokommunikation",fysisk person,2025,Taxeringsenheter,..
00 Riket,"443 Industrienhet, övrig byggnad f. radiokommunikation",fysisk person,2025,"Totalt taxerings-/basvärde, miljoner kr",..
00 Riket,"443 Industrienhet, övrig byggnad f. radiokommunikation",fysisk person,2025,"Areal, kvkm",..
00 Riket,"443 Industrienhet, övrig byggnad f. radiokommunikation",stat,2025,Taxeringsenheter,..
00 Riket,"443 Industrienhet, övrig byggnad f. radiokommunikation",stat,2025,"Totalt taxerings-/basvärde, miljoner kr",..
00 Riket,"443 Industrienhet, övrig byggnad f. radiokommunikation",stat,2025,"Areal, kvkm",..
00 Riket,"443 Industrienhet, övrig byggnad f. radiokommunikation","kommun, region",2025,Taxeringsenheter,..
00 Riket,"443 Industrienhet, övrig byggnad f. radiokommunikation","kommun, region",2025,"Totalt taxerings-/basvärde, miljoner kr",..
00 Riket,"443 Industrienhet, övrig byggnad f. radiokommunikation","kommun, region",2025,"Areal, kvkm",..
00 Riket,"443 Industrienhet, övrig byggnad f. radiokommunikation",Svenska kyrkan,2025,Taxeringsenheter,..
00 Riket,"443 Industrienhet, övrig byggnad f. radiokommunikation",Svenska kyrkan,2025,"Totalt taxerings-/basvärde, miljoner kr",..
00 Riket,"443 Industrienhet, övrig byggnad f. radiokommunikation",Svenska kyrkan,2025,"Areal, kvkm",..
00 Riket,"443 Industrienhet, övrig byggnad f. radiokommunikation",allmännyttigt bostadsföretag,2025,Taxeringsenheter,..
00 Riket,"443 Industrienhet, övrig byggnad f. radiokommunikation",allmännyttigt bostadsföretag,2025,"Totalt taxerings-/basvärde, miljoner kr",..
00 Riket,"443 Industrienhet, övrig byggnad f. radiokommunikation",allmännyttigt bostadsföretag,2025,"Areal, kvkm",..
00 Riket,"443 Industrienhet, övrig byggnad f. radiokommunikation",bostadsrättsförening,2025,Taxeringsenheter,..
00 Riket,"443 Industrienhet, övrig byggnad f. radiokommunikation",bostadsrättsförening,2025,"Totalt taxerings-/basvärde, miljoner kr",..
00 Riket,"443 Industrienhet, övrig byggnad f. radiokommunikation",bostadsrättsförening,2025,"Areal, kvkm",..
00 Riket,"443 Industrienhet, övrig byggnad f. radiokommunikation",ekonomisk förening utom BRF,2025,Taxeringsenheter,..
00 Riket,"443 Industrienhet, övrig byggnad f. radiokommunikation",ekonomisk förening utom BRF,2025,"Totalt taxerings-/basvärde, miljoner kr",..
00 Riket,"443 Industrienhet, övrig byggnad f. radiokommunikation",ekonomisk förening utom BRF,2025,"Areal, kvkm",..
00 Riket,"443 Industrienhet, övrig byggnad f. radiokommunikation",bank och försäkringsbolag,2025,Taxeringsenheter,..
00 Riket,"443 Industrienhet, övrig byggnad f. radiokommunikation",bank och försäkringsbolag,2025,"Totalt taxerings-/basvärde, miljoner kr",..
00 Riket,"443 Industrienhet, övrig byggnad f. radiokommunikation",bank och försäkringsbolag,2025,"Areal, kvkm",..
00 Riket,"443 Industrienhet, övrig byggnad f. radiokommunikation",övrigt svenskt AB,2025,Taxeringsenheter,8248
00 Riket,"443 Industrienhet, övrig byggnad f. radiokommunikation",övrigt svenskt AB,2025,"Totalt taxerings-/basvärde, miljoner kr",2922
00 Riket,"443 Industrienhet, övrig byggnad f. radiokommunikation",övrigt svenskt AB,2025,"Areal, kvkm",0.70
00 Riket,"443 Industrienhet, övrig byggnad f. radiokommunikation",stiftelser (ej familjestiftelser),2025,Taxeringsenheter,..
00 Riket,"443 Industrienhet, övrig byggnad f. radiokommunikation",stiftelser (ej familjestiftelser),2025,"Totalt taxerings-/basvärde, miljoner kr",..
00 Riket,"443 Industrienhet, övrig byggnad f. radiokommunikation",stiftelser (ej familjestiftelser),2025,"Areal, kvkm",..
00 Riket,"443 Industrienhet, övrig byggnad f. radiokommunikation",dödsbo,2025,Taxeringsenheter,..
00 Riket,"443 Industrienhet, övrig byggnad f. radiokommunikation",dödsbo,2025,"Totalt taxerings-/basvärde, miljoner kr",..
00 Riket,"443 Industrienhet, övrig byggnad f. radiokommunikation",dödsbo,2025,"Areal, kvkm",..
00 Riket,"443 Industrienhet, övrig byggnad f. radiokommunikation",övriga,2025,Taxeringsenheter,676
00 Riket,"443 Industrienhet, övrig byggnad f. radiokommunikation",övriga,2025,"Totalt taxerings-/basvärde, miljoner kr",332
00 Riket,"443 Industrienhet, övrig byggnad f. radiokommunikation",övriga,2025,"Areal, kvkm",0.00
00 Riket,"498 Industrienhet, övrig mark (gatu- och parkmark), tax.värde 0 kr",fysisk person,2025,Taxeringsenheter,2800
00 Riket,"498 Industrienhet, övrig mark (gatu- och parkmark), tax.värde 0 kr",fysisk person,2025,"Totalt taxerings-/basvärde, miljoner kr",0
00 Riket,"498 Industrienhet, övrig mark (gatu- och parkmark), tax.värde 0 kr",fysisk person,2025,"Areal, kvkm",30.34
00 Riket,"498 Industrienhet, övrig mark (gatu- och parkmark), tax.värde 0 kr",stat,2025,Taxeringsenheter,1695
00 Riket,"498 Industrienhet, övrig mark (gatu- och parkmark), tax.värde 0 kr",stat,2025,"Totalt taxerings-/basvärde, miljoner kr",0
00 Riket,"498 Industrienhet, övrig mark (gatu- och parkmark), tax.värde 0 kr",stat,2025,"Areal, kvkm",41.28
00 Riket,"498 Industrienhet, övrig mark (gatu- och parkmark), tax.värde 0 kr","kommun, region",2025,Taxeringsenheter,29728
00 Riket,"498 Industrienhet, övrig mark (gatu- och parkmark), tax.värde 0 kr","kommun, region",2025,"Totalt taxerings-/basvärde, miljoner kr",0
00 Riket,"498 Industrienhet, övrig mark (gatu- och parkmark), tax.värde 0 kr","kommun, region",2025,"Areal, kvkm",1489.38
00 Riket,"498 Industrienhet, övrig mark (gatu- och parkmark), tax.värde 0 kr",Svenska kyrkan,2025,Taxeringsenheter,207
00 Riket,"498 Industrienhet, övrig mark (gatu- och parkmark), tax.värde 0 kr",Svenska kyrkan,2025,"Totalt taxerings-/basvärde, miljoner kr",0
00 Riket,"498 Industrienhet, övrig mark (gatu- och parkmark), tax.värde 0 kr",Svenska kyrkan,2025,"Areal, kvkm",2.34
00 Riket,"498 Industrienhet, övrig mark (gatu- och parkmark), tax.värde 0 kr",allmännyttigt bostadsföretag,2025,Taxeringsenheter,604
00 Riket,"498 Industrienhet, övrig mark (gatu- och parkmark), tax.värde 0 kr",allmännyttigt bostadsföretag,2025,"Totalt taxerings-/basvärde, miljoner kr",0
00 Riket,"498 Industrienhet, övrig mark (gatu- och parkmark), tax.värde 0 kr",allmännyttigt bostadsföretag,2025,"Areal, kvkm",9.98
00 Riket,"498 Industrienhet, övrig mark (gatu- och parkmark), tax.värde 0 kr",bostadsrättsförening,2025,Taxeringsenheter,285
00 Riket,"498 Industrienhet, övrig mark (gatu- och parkmark), tax.värde 0 kr",bostadsrättsförening,2025,"Totalt taxerings-/basvärde, miljoner kr",0
00 Riket,"498 Industrienhet, övrig mark (gatu- och parkmark), tax.värde 0 kr",bostadsrättsförening,2025,"Areal, kvkm",1.37
00 Riket,"498 Industrienhet, övrig mark (gatu- och parkmark), tax.värde 0 kr",ekonomisk förening utom BRF,2025,Taxeringsenheter,279
00 Riket,"498 Industrienhet, övrig mark (gatu- och parkmark), tax.värde 0 kr",ekonomisk förening utom BRF,2025,"Totalt taxerings-/basvärde, miljoner kr",0
00 Riket,"498 Industrienhet, övrig mark (gatu- och parkmark), tax.värde 0 kr",ekonomisk förening utom BRF,2025,"Areal, kvkm",9.87
00 Riket,"498 Industrienhet, övrig mark (gatu- och parkmark), tax.värde 0 kr",bank och försäkringsbolag,2025,Taxeringsenheter,4
00 Riket,"498 Industrienhet, övrig mark (gatu- och parkmark), tax.värde 0 kr",bank och försäkringsbolag,2025,"Totalt taxerings-/basvärde, miljoner kr",0
00 Riket,"498 Industrienhet, övrig mark (gatu- och parkmark), tax.värde 0 kr",bank och försäkringsbolag,2025,"Areal, kvkm",0.00
00 Riket,"498 Industrienhet, övrig mark (gatu- och parkmark), tax.värde 0 kr",övrigt svenskt AB,2025,Taxeringsenheter,2053
00 Riket,"498 Industrienhet, övrig mark (gatu- och parkmark), tax.värde 0 kr",övrigt svenskt AB,2025,"Totalt taxerings-/basvärde, miljoner kr",0
00 Riket,"498 Industrienhet, övrig mark (gatu- och parkmark), tax.värde 0 kr",övrigt svenskt AB,2025,"Areal, kvkm",49.65
00 Riket,"498 Industrienhet, övrig mark (gatu- och parkmark), tax.värde 0 kr",stiftelser (ej familjestiftelser),2025,Taxeringsenheter,49
00 Riket,"498 Industrienhet, övrig mark (gatu- och parkmark), tax.värde 0 kr",stiftelser (ej familjestiftelser),2025,"Totalt taxerings-/basvärde, miljoner kr",0
00 Riket,"498 Industrienhet, övrig mark (gatu- och parkmark), tax.värde 0 kr",stiftelser (ej familjestiftelser),2025,"Areal, kvkm",2.63
00 Riket,"498 Industrienhet, övrig mark (gatu- och parkmark), tax.värde 0 kr",dödsbo,2025,Taxeringsenheter,630
00 Riket,"498 Industrienhet, övrig mark (gatu- och parkmark), tax.värde 0 kr",dödsbo,2025,"Totalt taxerings-/basvärde, miljoner kr",0
00 Riket,"498 Industrienhet, övrig mark (gatu- och parkmark), tax.värde 0 kr",dödsbo,2025,"Areal, kvkm",4.23
00 Riket,"498 Industrienhet, övrig mark (gatu- och parkmark), tax.värde 0 kr",övriga,2025,Taxeringsenheter,4869
00 Riket,"498 Industrienhet, övrig mark (gatu- och parkmark), tax.värde 0 kr",övriga,2025,"Totalt taxerings-/basvärde, miljoner kr",0
00 Riket,"498 Industrienhet, övrig mark (gatu- och parkmark), tax.värde 0 kr",övriga,2025,"Areal, kvkm",224.72
00 Riket,600 Övrig täktenhet,fysisk person,2025,Taxeringsenheter,755
00 Riket,600 Övrig täktenhet,fysisk person,2025,"Totalt taxerings-/basvärde, miljoner kr",1559
00 Riket,600 Övrig täktenhet,fysisk person,2025,"Areal, kvkm",43.61
00 Riket,600 Övrig täktenhet,stat,2025,Taxeringsenheter,14
00 Riket,600 Övrig täktenhet,stat,2025,"Totalt taxerings-/basvärde, miljoner kr",12
00 Riket,600 Övrig täktenhet,stat,2025,"Areal, kvkm",0.84
00 Riket,600 Övrig täktenhet,"kommun, region",2025,Taxeringsenheter,30
00 Riket,600 Övrig täktenhet,"kommun, region",2025,"Totalt taxerings-/basvärde, miljoner kr",81
00 Riket,600 Övrig täktenhet,"kommun, region",2025,"Areal, kvkm",3.78
00 Riket,600 Övrig täktenhet,Svenska kyrkan,2025,Taxeringsenheter,30
00 Riket,600 Övrig täktenhet,Svenska kyrkan,2025,"Totalt taxerings-/basvärde, miljoner kr",123
00 Riket,600 Övrig täktenhet,Svenska kyrkan,2025,"Areal, kvkm",2.00
00 Riket,600 Övrig täktenhet,allmännyttigt bostadsföretag,2025,Taxeringsenheter,..
00 Riket,600 Övrig täktenhet,allmännyttigt bostadsföretag,2025,"Totalt taxerings-/basvärde, miljoner kr",..
00 Riket,600 Övrig täktenhet,allmännyttigt bostadsföretag,2025,"Areal, kvkm",..
00 Riket,600 Övrig täktenhet,bostadsrättsförening,2025,Taxeringsenheter,..
00 Riket,600 Övrig täktenhet,bostadsrättsförening,2025,"Totalt taxerings-/basvärde, miljoner kr",..
00 Riket,600 Övrig täktenhet,bostadsrättsförening,2025,"Areal, kvkm",..
00 Riket,600 Övrig täktenhet,ekonomisk förening utom BRF,2025,Taxeringsenheter,7
00 Riket,600 Övrig täktenhet,ekonomisk förening utom BRF,2025,"Totalt taxerings-/basvärde, miljoner kr",101
00 Riket,600 Övrig täktenhet,ekonomisk förening utom BRF,2025,"Areal, kvkm",1.64
00 Riket,600 Övrig täktenhet,bank och försäkringsbolag,2025,Taxeringsenheter,..
00 Riket,600 Övrig täktenhet,bank och försäkringsbolag,2025,"Totalt taxerings-/basvärde, miljoner kr",..
00 Riket,600 Övrig täktenhet,bank och försäkringsbolag,2025,"Areal, kvkm",..
00 Riket,600 Övrig täktenhet,övrigt svenskt AB,2025,Taxeringsenheter,523
00 Riket,600 Övrig täktenhet,övrigt svenskt AB,2025,"Totalt taxerings-/basvärde, miljoner kr",1451
00 Riket,600 Övrig täktenhet,övrigt svenskt AB,2025,"Areal, kvkm",88.94
00 Riket,600 Övrig täktenhet,stiftelser (ej familjestiftelser),2025,Taxeringsenheter,11
00 Riket,600 Övrig täktenhet,stiftelser (ej familjestiftelser),2025,"Totalt taxerings-/basvärde, miljoner kr",27
00 Riket,600 Övrig täktenhet,stiftelser (ej familjestiftelser),2025,"Areal, kvkm",0.77
00 Riket,600 Övrig täktenhet,dödsbo,2025,Taxeringsenheter,10
00 Riket,600 Övrig täktenhet,dödsbo,2025,"Totalt taxerings-/basvärde, miljoner kr",5
00 Riket,600 Övrig täktenhet,dödsbo,2025,"Areal, kvkm",0.58
00 Riket,600 Övrig täktenhet,övriga,2025,Taxeringsenheter,49
00 Riket,600 Övrig täktenhet,övriga,2025,"Totalt taxerings-/basvärde, miljoner kr",195
00 Riket,600 Övrig täktenhet,övriga,2025,"Areal, kvkm",2.76
00 Riket,"613, 620 Bebyggd täktenhet",fysisk person,2025,Taxeringsenheter,11
00 Riket,"613, 620 Bebyggd täktenhet",fysisk person,2025,"Totalt taxerings-/basvärde, miljoner kr",25
00 Riket,"613, 620 Bebyggd täktenhet",fysisk person,2025,"Areal, kvkm",0.62
00 Riket,"613, 620 Bebyggd täktenhet",stat,2025,Taxeringsenheter,..
00 Riket,"613, 620 Bebyggd täktenhet",stat,2025,"Totalt taxerings-/basvärde, miljoner kr",..
00 Riket,"613, 620 Bebyggd täktenhet",stat,2025,"Areal, kvkm",..
00 Riket,"613, 620 Bebyggd täktenhet","kommun, region",2025,Taxeringsenheter,1
00 Riket,"613, 620 Bebyggd täktenhet","kommun, region",2025,"Totalt taxerings-/basvärde, miljoner kr",3
00 Riket,"613, 620 Bebyggd täktenhet","kommun, region",2025,"Areal, kvkm",0.28
00 Riket,"613, 620 Bebyggd täktenhet",Svenska kyrkan,2025,Taxeringsenheter,..
00 Riket,"613, 620 Bebyggd täktenhet",Svenska kyrkan,2025,"Totalt taxerings-/basvärde, miljoner kr",..
00 Riket,"613, 620 Bebyggd täktenhet",Svenska kyrkan,2025,"Areal, kvkm",..
00 Riket,"613, 620 Bebyggd täktenhet",allmännyttigt bostadsföretag,2025,Taxeringsenheter,..
00 Riket,"613, 620 Bebyggd täktenhet",allmännyttigt bostadsföretag,2025,"Totalt taxerings-/basvärde, miljoner kr",..
00 Riket,"613, 620 Bebyggd täktenhet",allmännyttigt bostadsföretag,2025,"Areal, kvkm",..
00 Riket,"613, 620 Bebyggd täktenhet",bostadsrättsförening,2025,Taxeringsenheter,..
00 Riket,"613, 620 Bebyggd täktenhet",bostadsrättsförening,2025,"Totalt taxerings-/basvärde, miljoner kr",..
00 Riket,"613, 620 Bebyggd täktenhet",bostadsrättsförening,2025,"Areal, kvkm",..
00 Riket,"613, 620 Bebyggd täktenhet",ekonomisk förening utom BRF,2025,Taxeringsenheter,1
00 Riket,"613, 620 Bebyggd täktenhet",ekonomisk förening utom BRF,2025,"Totalt taxerings-/basvärde, miljoner kr",66
00 Riket,"613, 620 Bebyggd täktenhet",ekonomisk förening utom BRF,2025,"Areal, kvkm",0.23
00 Riket,"613, 620 Bebyggd täktenhet",bank och försäkringsbolag,2025,Taxeringsenheter,..
00 Riket,"613, 620 Bebyggd täktenhet",bank och försäkringsbolag,2025,"Totalt taxerings-/basvärde, miljoner kr",..
00 Riket,"613, 620 Bebyggd täktenhet",bank och försäkringsbolag,2025,"Areal, kvkm",..
00 Riket,"613, 620 Bebyggd täktenhet",övrigt svenskt AB,2025,Taxeringsenheter,44
00 Riket,"613, 620 Bebyggd täktenhet",övrigt svenskt AB,2025,"Totalt taxerings-/basvärde, miljoner kr",307
00 Riket,"613, 620 Bebyggd täktenhet",övrigt svenskt AB,2025,"Areal, kvkm",18.13
00 Riket,"613, 620 Bebyggd täktenhet",stiftelser (ej familjestiftelser),2025,Taxeringsenheter,1
00 Riket,"613, 620 Bebyggd täktenhet",stiftelser (ej familjestiftelser),2025,"Totalt taxerings-/basvärde, miljoner kr",24
00 Riket,"613, 620 Bebyggd täktenhet",stiftelser (ej familjestiftelser),2025,"Areal, kvkm",0.00
00 Riket,"613, 620 Bebyggd täktenhet",dödsbo,2025,Taxeringsenheter,1
00 Riket,"613, 620 Bebyggd täktenhet",dödsbo,2025,"Totalt taxerings-/basvärde, miljoner kr",7
00 Riket,"613, 620 Bebyggd täktenhet",dödsbo,2025,"Areal, kvkm",0.14
00 Riket,"613, 620 Bebyggd täktenhet",övriga,2025,Taxeringsenheter,..
00 Riket,"613, 620 Bebyggd täktenhet",övriga,2025,"Totalt taxerings-/basvärde, miljoner kr",..
00 Riket,"613, 620 Bebyggd täktenhet",övriga,2025,"Areal, kvkm",..
00 Riket,700 Övrig elproduktionsenhet,fysisk person,2025,Taxeringsenheter,2131
00 Riket,700 Övrig elproduktionsenhet,fysisk person,2025,"Totalt taxerings-/basvärde, miljoner kr",3003
00 Riket,700 Övrig elproduktionsenhet,fysisk person,2025,"Areal, kvkm",4.47
00 Riket,700 Övrig elproduktionsenhet,stat,2025,Taxeringsenheter,14
00 Riket,700 Övrig elproduktionsenhet,stat,2025,"Totalt taxerings-/basvärde, miljoner kr",45
00 Riket,700 Övrig elproduktionsenhet,stat,2025,"Areal, kvkm",0.08
00 Riket,700 Övrig elproduktionsenhet,"kommun, region",2025,Taxeringsenheter,101
00 Riket,700 Övrig elproduktionsenhet,"kommun, region",2025,"Totalt taxerings-/basvärde, miljoner kr",9253
00 Riket,700 Övrig elproduktionsenhet,"kommun, region",2025,"Areal, kvkm",3.31
00 Riket,700 Övrig elproduktionsenhet,Svenska kyrkan,2025,Taxeringsenheter,33
00 Riket,700 Övrig elproduktionsenhet,Svenska kyrkan,2025,"Totalt taxerings-/basvärde, miljoner kr",63
00 Riket,700 Övrig elproduktionsenhet,Svenska kyrkan,2025,"Areal, kvkm",0.02
00 Riket,700 Övrig elproduktionsenhet,allmännyttigt bostadsföretag,2025,Taxeringsenheter,20
00 Riket,700 Övrig elproduktionsenhet,allmännyttigt bostadsföretag,2025,"Totalt taxerings-/basvärde, miljoner kr",162
00 Riket,700 Övrig elproduktionsenhet,allmännyttigt bostadsföretag,2025,"Areal, kvkm",0.12
00 Riket,700 Övrig elproduktionsenhet,bostadsrättsförening,2025,Taxeringsenheter,..
00 Riket,700 Övrig elproduktionsenhet,bostadsrättsförening,2025,"Totalt taxerings-/basvärde, miljoner kr",..
00 Riket,700 Övrig elproduktionsenhet,bostadsrättsförening,2025,"Areal, kvkm",..
00 Riket,700 Övrig elproduktionsenhet,ekonomisk förening utom BRF,2025,Taxeringsenheter,86
00 Riket,700 Övrig elproduktionsenhet,ekonomisk förening utom BRF,2025,"Totalt taxerings-/basvärde, miljoner kr",633
00 Riket,700 Övrig elproduktionsenhet,ekonomisk förening utom BRF,2025,"Areal, kvkm",0.27
00 Riket,700 Övrig elproduktionsenhet,bank och försäkringsbolag,2025,Taxeringsenheter,9
00 Riket,700 Övrig elproduktionsenhet,bank och försäkringsbolag,2025,"Totalt taxerings-/basvärde, miljoner kr",266
00 Riket,700 Övrig elproduktionsenhet,bank och försäkringsbolag,2025,"Areal, kvkm",0.00
00 Riket,700 Övrig elproduktionsenhet,övrigt svenskt AB,2025,Taxeringsenheter,3588
00 Riket,700 Övrig elproduktionsenhet,övrigt svenskt AB,2025,"Totalt taxerings-/basvärde, miljoner kr",539527
00 Riket,700 Övrig elproduktionsenhet,övrigt svenskt AB,2025,"Areal, kvkm",224.38
00 Riket,700 Övrig elproduktionsenhet,stiftelser (ej familjestiftelser),2025,Taxeringsenheter,8
00 Riket,700 Övrig elproduktionsenhet,stiftelser (ej familjestiftelser),2025,"Totalt taxerings-/basvärde, miljoner kr",19
00 Riket,700 Övrig elproduktionsenhet,stiftelser (ej familjestiftelser),2025,"Areal, kvkm",0.01
00 Riket,700 Övrig elproduktionsenhet,dödsbo,2025,Taxeringsenheter,21
00 Riket,700 Övrig elproduktionsenhet,dödsbo,2025,"Totalt taxerings-/basvärde, miljoner kr",64
00 Riket,700 Övrig elproduktionsenhet,dödsbo,2025,"Areal, kvkm",0.30
00 Riket,700 Övrig elproduktionsenhet,övriga,2025,Taxeringsenheter,89
00 Riket,700 Övrig elproduktionsenhet,övriga,2025,"Totalt taxerings-/basvärde, miljoner kr",1510
00 Riket,700 Övrig elproduktionsenhet,övriga,2025,"Areal, kvkm",1.60
00 Riket,"713,714,719-740,790 Bebyggd elproduktionsenhet",fysisk person,2025,Taxeringsenheter,..
00 Riket,"713,714,719-740,790 Bebyggd elproduktionsenhet",fysisk person,2025,"Totalt taxerings-/basvärde, miljoner kr",..
00 Riket,"713,714,719-740,790 Bebyggd elproduktionsenhet",fysisk person,2025,"Areal, kvkm",..
00 Riket,"713,714,719-740,790 Bebyggd elproduktionsenhet",stat,2025,Taxeringsenheter,..
00 Riket,"713,714,719-740,790 Bebyggd elproduktionsenhet",stat,2025,"Totalt taxerings-/basvärde, miljoner kr",..
00 Riket,"713,714,719-740,790 Bebyggd elproduktionsenhet",stat,2025,"Areal, kvkm",..
00 Riket,"713,714,719-740,790 Bebyggd elproduktionsenhet","kommun, region",2025,Taxeringsenheter,..
00 Riket,"713,714,719-740,790 Bebyggd elproduktionsenhet","kommun, region",2025,"Totalt taxerings-/basvärde, miljoner kr",..
00 Riket,"713,714,719-740,790 Bebyggd elproduktionsenhet","kommun, region",2025,"Areal, kvkm",..
00 Riket,"713,714,719-740,790 Bebyggd elproduktionsenhet",Svenska kyrkan,2025,Taxeringsenheter,..
00 Riket,"713,714,719-740,790 Bebyggd elproduktionsenhet",Svenska kyrkan,2025,"Totalt taxerings-/basvärde, miljoner kr",..
00 Riket,"713,714,719-740,790 Bebyggd elproduktionsenhet",Svenska kyrkan,2025,"Areal, kvkm",..
00 Riket,"713,714,719-740,790 Bebyggd elproduktionsenhet",allmännyttigt bostadsföretag,2025,Taxeringsenheter,..
00 Riket,"713,714,719-740,790 Bebyggd elproduktionsenhet",allmännyttigt bostadsföretag,2025,"Totalt taxerings-/basvärde, miljoner kr",..
00 Riket,"713,714,719-740,790 Bebyggd elproduktionsenhet",allmännyttigt bostadsföretag,2025,"Areal, kvkm",..
00 Riket,"713,714,719-740,790 Bebyggd elproduktionsenhet",bostadsrättsförening,2025,Taxeringsenheter,..
00 Riket,"713,714,719-740,790 Bebyggd elproduktionsenhet",bostadsrättsförening,2025,"Totalt taxerings-/basvärde, miljoner kr",..
00 Riket,"713,714,719-740,790 Bebyggd elproduktionsenhet",bostadsrättsförening,2025,"Areal, kvkm",..
00 Riket,"713,714,719-740,790 Bebyggd elproduktionsenhet",ekonomisk förening utom BRF,2025,Taxeringsenheter,..
00 Riket,"713,714,719-740,790 Bebyggd elproduktionsenhet",ekonomisk förening utom BRF,2025,"Totalt taxerings-/basvärde, miljoner kr",..
00 Riket,"713,714,719-740,790 Bebyggd elproduktionsenhet",ekonomisk förening utom BRF,2025,"Areal, kvkm",..
00 Riket,"713,714,719-740,790 Bebyggd elproduktionsenhet",bank och försäkringsbolag,2025,Taxeringsenheter,..
00 Riket,"713,714,719-740,790 Bebyggd elproduktionsenhet",bank och försäkringsbolag,2025,"Totalt taxerings-/basvärde, miljoner kr",..
00 Riket,"713,714,719-740,790 Bebyggd elproduktionsenhet",bank och försäkringsbolag,2025,"Areal, kvkm",..
00 Riket,"713,714,719-740,790 Bebyggd elproduktionsenhet",övrigt svenskt AB,2025,Taxeringsenheter,..
00 Riket,"713,714,719-740,790 Bebyggd elproduktionsenhet",övrigt svenskt AB,2025,"Totalt taxerings-/basvärde, miljoner kr",..
00 Riket,"713,714,719-740,790 Bebyggd elproduktionsenhet",övrigt svenskt AB,2025,"Areal, kvkm",..
00 Riket,"713,714,719-740,790 Bebyggd elproduktionsenhet",stiftelser (ej familjestiftelser),2025,Taxeringsenheter,..
00 Riket,"713,714,719-740,790 Bebyggd elproduktionsenhet",stiftelser (ej familjestiftelser),2025,"Totalt taxerings-/basvärde, miljoner kr",..
00 Riket,"713,714,719-740,790 Bebyggd elproduktionsenhet",stiftelser (ej familjestiftelser),2025,"Areal, kvkm",..
00 Riket,"713,714,719-740,790 Bebyggd elproduktionsenhet",dödsbo,2025,Taxeringsenheter,..
00 Riket,"713,714,719-740,790 Bebyggd elproduktionsenhet",dödsbo,2025,"Totalt taxerings-/basvärde, miljoner kr",..
00 Riket,"713,714,719-740,790 Bebyggd elproduktionsenhet",dödsbo,2025,"Areal, kvkm",..
00 Riket,"713,714,719-740,790 Bebyggd elproduktionsenhet",övriga,2025,Taxeringsenheter,..
00 Riket,"713,714,719-740,790 Bebyggd elproduktionsenhet",övriga,2025,"Totalt taxerings-/basvärde, miljoner kr",..
00 Riket,"713,714,719-740,790 Bebyggd elproduktionsenhet",övriga,2025,"Areal, kvkm",..
